{
  "data": {
    "regions": [
      {
        "timezoneSidId": "Europe/London",
        "id": "a0M25000006HLRJEA4",
        "name": "Rosewell House"
      },
      {
        "timezoneSidId": "Europe/London",
        "id": "a0M25000006HLRKEA4",
        "name": "Balnagask house"
      },
      {
        "timezoneSidId": "Europe/London",
        "id": "a0M25000006HLRLEA4",
        "name": "Fergus House"
      },
      {
        "timezoneSidId": "Europe/London",
        "id": "a0M25000006HLRMEA4",
        "name": "Kingswells Care Home"
      },
      {
        "timezoneSidId": "Europe/London",
        "id": "a0M25000006HLRNEA4",
        "name": "Denmore Court"
      },
      {
        "timezoneSidId": "Europe/London",
        "id": "a0M25000006HLROEA4",
        "name": "Kingswood Court"
      },
      {
        "timezoneSidId": "Europe/London",
        "id": "a0M25000006HLRPEA4",
        "name": "Coronation Court"
      },
      {
        "timezoneSidId": "Europe/London",
        "id": "a0M25000006HLRQEA4",
        "name": "Craigielea Gardens"
      },
      {
        "timezoneSidId": "Europe/London",
        "id": "a0M25000006HLRREA4",
        "name": "ICAH North – Bridge of Don"
      },
      {
        "timezoneSidId": "Europe/London",
        "id": "a0M25000006HLRSEA4",
        "name": "ICAH North – Dyce / Bucksburn"
      },
      {
        "timezoneSidId": "Europe/London",
        "id": "a0M25000006HLRTEA4",
        "name": "ICAH North - Seaton"
      },
      {
        "timezoneSidId": "Europe/London",
        "id": "a0M25000006HLRUEA4",
        "name": "ICAH North – Lord Hays / Bede"
      },
      {
        "timezoneSidId": "Europe/London",
        "id": "a0M25000006HLRVEA4",
        "name": "ICAH Central – Woodside / Tillydrone"
      },
      {
        "timezoneSidId": "Europe/London",
        "id": "a0M25000006HLRWEA4",
        "name": "ICAH Central"
      },
      {
        "timezoneSidId": "Europe/London",
        "id": "a0M25000006HLRXEA4",
        "name": "ICAH South – City Centre"
      },
      {
        "timezoneSidId": "Europe/London",
        "id": "a0M25000006HLRYEA4",
        "name": "ICAH South - Kincorth"
      },
      {
        "timezoneSidId": "Europe/London",
        "id": "a0M25000006HLRZEA4",
        "name": "ICAH South - Torry"
      },
      {
        "timezoneSidId": "Europe/London",
        "id": "a0M25000006HLRaEAO",
        "name": "ICAH South – Garthdee / Holburn"
      },
      {
        "timezoneSidId": "Europe/London",
        "id": "a0M25000006HLRdEAO",
        "name": "ICAH West – Sheddocksley"
      },
      {
        "timezoneSidId": "Europe/London",
        "id": "a0M25000006HLReEAO",
        "name": "OT Fieldwork North"
      },
      {
        "timezoneSidId": "Europe/London",
        "id": "a0M25000006HLRfEAO",
        "name": "OT Fieldwork Central"
      },
      {
        "timezoneSidId": "Europe/London",
        "id": "a0M25000006HLRgEAO",
        "name": "OT Fieldwork West"
      },
      {
        "timezoneSidId": "Europe/London",
        "id": "a0M25000006HLRhEAO",
        "name": "OT Fieldwork South"
      },
      {
        "timezoneSidId": "Europe/London",
        "id": "a0M25000006HLRiEAO",
        "name": "OT Triage North"
      },
      {
        "timezoneSidId": "Europe/London",
        "id": "a0M25000006HLRjEAO",
        "name": "OT Triage Central"
      },
      {
        "timezoneSidId": "Europe/London",
        "id": "a0M25000006HLRkEAO",
        "name": "OT Triage West"
      },
      {
        "timezoneSidId": "Europe/London",
        "id": "a0M25000006HLRlEAO",
        "name": "OT Triage South"
      },
      {
        "timezoneSidId": "Europe/London",
        "id": "a0M25000006HLRmEAO",
        "name": "Kingswood Court Day Centre"
      },
      {
        "timezoneSidId": "Europe/London",
        "id": "a0M25000006HLRnEAO",
        "name": "Craigton Road Day Centre"
      },
      {
        "timezoneSidId": "Europe/London",
        "id": "a0M25000006HLRoEAO",
        "name": "Telecare / Community Alarm"
      },
      {
        "timezoneSidId": "Europe/London",
        "id": "a0M25000006HLRpEAO",
        "name": "Hospital Direct"
      },
      {
        "timezoneSidId": "Europe/London",
        "id": "a0M25000006HLRqEAO",
        "name": "Wellbeing Team"
      },
      {
        "timezoneSidId": "Europe/London",
        "id": "a0M25000006HLRbEAO",
        "name": "ICAH West – West End"
      },
      {
        "timezoneSidId": "Europe/London",
        "id": "a0M25000006HLRcEAO",
        "name": "ICAH West – Lang Stracht"
      },
      {
        "timezoneSidId": "Europe/London",
        "id": "a0M25000006HLRrEAO",
        "name": "City Home Helpers"
      },
      {
        "timezoneSidId": "Europe/London",
        "id": "a0M25000006HLRsEAO",
        "name": "Responder"
      },
      {
        "timezoneSidId": "Europe/London",
        "id": "a0M25000006HLSIEA4",
        "name": "Support Pool"
      },
      {
        "timezoneSidId": "Europe/London",
        "id": "a0M25000006HLQDEA4",
        "name": "Scotland"
      }
    ],
    "resourcePersonCategories": [
      "Customer Service",
      "Installation Technician",
      "Electrician"
    ],
    "resourceAssetCategories": ["Laptop"],
    "resourceEmploymentTypes": ["Full-time", "Part-time", "Casual", "Agency"],
    "tags": [
      {
        "id": "a0d2500000AD3LyAAL",
        "name": "Tag1"
      },
      {
        "id": "a0d2500000AD3M3AAL",
        "name": "Tag2"
      },
      {
        "id": "a0d2500000AJlPjAAL",
        "name": "Male"
      },
      {
        "id": "a0d2500000AJlPeAAL",
        "name": "Female"
      }
    ],
    "assetAllocationStatuses": ["Assigned", "Returned"],
    "consoleSettings": {
      "defaultDuration": 15,
      "startWorkingTime": 0,
      "calendarEnd": 2345,
      "calendarStart": 0,
      "calendarStep": 15,
      "timePickerStep": 15,
      "dateFormat": "dd/MM/yyyy",
      "datePickerFormat": "dd/mm/yy",
      "firstDay": 1,
      "monthPickerFormat": "MMM, yyyy",
      "noOfRecurWeeks": 24,
      "viewPeriod": 2,
      "weekPickerFormat": "s[d M] - e[d M, yy]"
    }
  },
  "errorMessage": "",
  "message": "",
  "success": true,
  "viewData": {}
}
