{
    "data": {
      "resources": [
        {
          "category": "Customer Service",
          "photoUrl": "https://bonaccordcare--dev--c.documentforce.com/profilephoto/005/T",
          "regionId": "a0M25000006HLRrEAO",
          "userId": "00525000004nmimAAA",
          "address": {
            "fullAddress": "1 Wallfield Crescent\r\nAberdeen"
          },
          "id": "a0X25000000XSMUEA4",
          "name": "Ellie Test"
        },
        {
          "category": "Customer Service",
          "photoUrl": "https://bonaccordcare--dev--c.documentforce.com/profilephoto/005/T",
          "regionId": "a0M25000006HLQDEA4",
          "userId": "00525000004nn1HAAQ",
          "address": {
            "fullAddress": "Aberdeen, UK",
            "geometry": {
              "lat": 57.149717,
              "lng": -2.094278000000031
            }
          },
          "id": "a0X25000000XS2nEAG",
          "name": "Scott Gassmann"
        },
        {
          "category": "Electrician",
          "photoUrl": "https://bonaccordcare--dev--c.documentforce.com/profilephoto/729250000009qav/T",
          "regionId": "a0M25000006HLQDEA4",
          "resourceTags": [
            {
              "expiry": 1567290600000,
              "expiryDate": "2019-10-31",
              "expiryTime": 2330,
              "resourceId": "a0X25000000XPPPEA4",
              "tag": {
                "id": "a0d2500000AD3LyAAL",
                "name": "Tag1"
              },
              "tagId": "a0d2500000AD3LyAAL",
              "id": "a0W250000031xQNEAY",
              "name": "RT-2",
              "objectType": "resourceTag"
            },
            {
              "expiry": 1567290600000,
              "expiryDate": "2019-10-31",
              "expiryTime": 2330,
              "resourceId": "a0X25000000XPPPEA4",
              "tag": {
                "id": "a0d2500000AD3M3AAL",
                "name": "Tag2"
              },
              "tagId": "a0d2500000AD3M3AAL",
              "id": "a0W250000031xQIEAY",
              "name": "RT-1",
              "objectType": "resourceTag"
            }
          ],
          "userId": "0054J000000gDyJQAU",
          "address": {},
          "id": "a0X25000000XPPPEA4",
          "name": "Skedulo Team"
        }
      ],
      "totalPages": 1,
      "totalRecords": 3
    },
    "errorMessage": "",
    "message": "",
    "success": true,
    "viewData": {}
  }