{
    "data": {
      "assetAllocations": [{
        "id": "test",
        "account": {
          "name": "Service User Name"
        },
        "startDate": "2019-10-09",
        "endDate": "2019-10-10",
        "assignmentNotes": "assignment Note",
        "returnNotes": "return Note",
        "status": "Assigned"
      },{
        "id": "test",
        "resource": {
          "name": "Resource Name"
        },
        "startDate": "2019-10-10",
        "endDate": null,
        "assignmentNotes": "assignment Note 2",
        "returnNotes": "return Note 2",
        "status": "Returned"
      }],
      "totalPages": 1,
      "totalRecords": 1
    },
    "errorMessage": "",
    "message": "",
    "success": true,
    "viewData": {}
  }