{
    "data": {
      "serviceUsers": [
        {
          "phone": "0937867477",
          "regionId": "a0M25000006HLQDEA4",
          "id": "0012500001CuocmAAB",
          "name": "Quan Vuong"
        },
        {
          "id": "0012500001D3r3kAAB",
          "name": "Judy Dang"
        },
        {
          "id": "0012500001D4mIIAAZ",
          "name": "Oanh Dang"
        },
        {
          "phone": "01224570449",
          "regionId": "a0M25000006HLRrEAO",
          "id": "0012500001D5LKlAAN",
          "name": "Anne Other"
        },
        {
          "phone": "123456789",
          "regionId": "a0M25000006HLRrEAO",
          "id": "0012500001DOx3JAAT",
          "name": "T Test"
        },
        {
          "id": "0012500001DQL0LAAX",
          "name": "Hoang Nguyen"
        },
        {
          "id": "0012500001DRQP8AAP",
          "name": "test test"
        },
        {
          "phone": "1234567890",
          "id": "0012500001DuAPUAA3",
          "name": "Hoang Nguyen"
        }
      ],
      "totalPages": 1,
      "totalRecords": 8
    },
    "errorMessage": "",
    "message": "",
    "success": true,
    "viewData": {}
  }