{
      "data": {
        "exceptions": [
          {
            "createdOnDate": "2019-06-27",
            "createdOnTime": 921,
            "exceptionCode": "Patient is not available.",
            "id": "a1yV0000000TyxjIAC",
            "job": {
              "accountId": "001V000000dnsbCIAQ",
              "address": {
                "fullAddress": "622 TBHF CPPU ES, PFLUGERVILLE, TX, 34008",
                "geometry": {
                  "lat": 30.7575362,
                  "lng": -97.3539403
                }
              },
              "supportPlanId": "500V000000AZw23IAD",
              "couldNotSchedule": true,
              "couldNotScheduleReason": "Could not find qualified employee",
              "createdOnDate": "2019-06-27",
              "createdOnTime": 921,
              "duration": 90.0,
              "endDate": "2019-07-10",
              "endTime": 1030,
              "eventType": "Rapid Subsequent Visit",
              "id": "a1OV0000001LlcTMAS",
              "jobAllocationCount": 0.0,
              "jobStatus": "Pending Allocation",
              "lastModifiedOnDate": "2019-06-28",
              "lastModifiedOnTime": 356,
              "name": "JOB-0065",
              "objectType": "job",
              "patientId": "001V000000dnsbCIAQ",
              "patientName": "Sally Smith",
              "regionId": "a1UV0000000pElqMAE",
              "startDate": "2019-07-10",
              "startTime": 900,
              "uniqueKey": "2019-07-10_900"
            },
            "name": "EX-000133"
          },
          {
            "createdOnDate": "2019-06-27",
            "createdOnTime": 922,
            "exceptionCode": "Patient is not available.",
            "id": "a1yV0000000TyxkIAC",
            "job": {
              "accountId": "001V000000dnsbCIAQ",
              "address": {
                "fullAddress": "622 TBHF CPPU ES, PFLUGERVILLE, TX, 34008",
                "geometry": {
                  "lat": 30.7575362,
                  "lng": -97.3539403
                }
              },
              "supportPlanId": "500V000000AZw23IAD",
              "couldNotSchedule": false,
              "createdOnDate": "2019-06-27",
              "createdOnTime": 922,
              "duration": 90.0,
              "endDate": "2019-07-11",
              "endTime": 1030,
              "eventType": "Add-On 2",
              "id": "a1OV0000001LlcUMAS",
              "jobAllocationCount": 1.0,
              "jobStatus": "Pending Dispatch",
              "lastModifiedOnDate": "2019-06-28",
              "lastModifiedOnTime": 356,
              "name": "JOB-0066",
              "objectType": "job",
              "patientId": "001V000000dnsbCIAQ",
              "patientName": "Sally Smith",
              "regionId": "a1UV0000000pElqMAE",
              "startDate": "2019-07-11",
              "startTime": 900,
              "uniqueKey": "2019-07-11_900"
            },
            "name": "EX-000134"
          },
          {
            "createdOnDate": "2019-06-27",
            "createdOnTime": 923,
            "exceptionCode": "Patient is not available.",
            "id": "a1yV0000000TyxoIAC",
            "job": {
              "accountId": "001V000000dnsbCIAQ",
              "address": {
                "fullAddress": "622 TBHF CPPU ES, PFLUGERVILLE, TX, 34008",
                "geometry": {
                  "lat": 30.7575362,
                  "lng": -97.3539403
                }
              },
              "supportPlanId": "500V000000AZw23IAD",
              "couldNotSchedule": false,
              "createdOnDate": "2019-06-27",
              "createdOnTime": 923,
              "duration": 90.0,
              "endDate": "2019-07-12",
              "endTime": 1030,
              "eventType": "Add-On 1",
              "id": "a1OV0000001LlcYMAS",
              "jobAllocationCount": 0.0,
              "jobStatus": "Pending Allocation",
              "lastModifiedOnDate": "2019-06-27",
              "lastModifiedOnTime": 942,
              "name": "JOB-0067",
              "objectType": "job",
              "patientId": "001V000000dnsbCIAQ",
              "patientName": "Sally Smith",
              "regionId": "a1UV0000000pElqMAE",
              "startDate": "2019-07-12",
              "startTime": 900,
              "uniqueKey": "2019-07-12_900"
            },
            "name": "EX-000135"
          },
          {
            "createdOnDate": "2019-06-27",
            "createdOnTime": 948,
            "exceptionCode": "Could not find qualified employee",
            "id": "a1yV0000000TyxyIAC",
            "job": {
              "accountId": "001V000000dnsbCIAQ",
              "address": {
                "fullAddress": "622 TBHF CPPU ES, PFLUGERVILLE, TX, 34008",
                "geometry": {
                  "lat": 30.7575362,
                  "lng": -97.3539403
                }
              },
              "supportPlanId": "500V000000AZw23IAD",
              "couldNotSchedule": true,
              "couldNotScheduleReason": "Could not find qualified employee",
              "createdOnDate": "2019-06-27",
              "createdOnTime": 921,
              "duration": 90.0,
              "endDate": "2019-07-10",
              "endTime": 1030,
              "eventType": "Rapid Subsequent Visit",
              "id": "a1OV0000001LlcTMAS",
              "jobAllocationCount": 0.0,
              "jobStatus": "Pending Allocation",
              "lastModifiedOnDate": "2019-06-28",
              "lastModifiedOnTime": 356,
              "name": "JOB-0065",
              "objectType": "job",
              "patientId": "001V000000dnsbCIAQ",
              "patientName": "Sally Smith",
              "regionId": "a1UV0000000pElqMAE",
              "startDate": "2019-07-10",
              "startTime": 900,
              "uniqueKey": "2019-07-10_900"
            },
            "name": "EX-000136"
          },
          {
            "createdOnDate": "2019-06-28",
            "createdOnTime": 338,
            "exceptionCode": "No Allocation.",
            "id": "a1yV0000000TyzQIAS",
            "job": {
              "accountId": "001V000000dnsbCIAQ",
              "address": {
                "fullAddress": "622 TBHF CPPU ES, PFLUGERVILLE, TX, 34008",
                "geometry": {
                  "lat": 30.7575362,
                  "lng": -97.3539403
                }
              },
              "supportPlanId": "500V000000AZw23IAD",
              "couldNotSchedule": false,
              "createdOnDate": "2019-06-27",
              "createdOnTime": 923,
              "duration": 90.0,
              "endDate": "2019-07-12",
              "endTime": 1030,
              "eventType": "Add-On 1",
              "id": "a1OV0000001LlcYMAS",
              "jobAllocationCount": 0.0,
              "jobStatus": "Pending Allocation",
              "lastModifiedOnDate": "2019-06-27",
              "lastModifiedOnTime": 942,
              "name": "JOB-0067",
              "objectType": "job",
              "patientId": "001V000000dnsbCIAQ",
              "patientName": "Sally Smith",
              "regionId": "a1UV0000000pElqMAE",
              "startDate": "2019-07-12",
              "startTime": 900,
              "uniqueKey": "2019-07-12_900"
            },
            "name": "EX-000140"
          },
          {
            "createdOnDate": "2019-06-28",
            "createdOnTime": 413,
            "exceptionCode": "Patient is not available.",
            "id": "a1yV0000000TyzZIAS",
            "job": {
              "accountId": "001V000000dnsbCIAQ",
              "address": {
                "fullAddress": "622 TBHF CPPU ES, PFLUGERVILLE, TX, 34008",
                "geometry": {
                  "lat": 30.757536,
                  "lng": -97.35394
                }
              },
              "supportPlanId": "500V000000AZw23IAD",
              "couldNotSchedule": true,
              "couldNotScheduleReason": "Could not find qualified employee",
              "createdOnDate": "2019-06-28",
              "createdOnTime": 413,
              "duration": 90.0,
              "endDate": "2019-07-11",
              "endTime": 1030,
              "eventType": "Rapid Subsequent Visit",
              "id": "a1OV0000001Lm0MMAS",
              "jobAllocationCount": 0.0,
              "jobStatus": "Pending Allocation",
              "lastModifiedOnDate": "2019-06-28",
              "lastModifiedOnTime": 413,
              "name": "JOB-0069",
              "objectType": "job",
              "patientId": "001V000000dnsbCIAQ",
              "patientName": "Sally Smith",
              "regionId": "a1UV0000000pElqMAE",
              "startDate": "2019-07-11",
              "startTime": 900,
              "uniqueKey": "2019-07-11_900"
            },
            "name": "EX-000142"
          }
        ],
        "totalRecords": 6
      },
      "errorMessage": "",
      "message": "",
      "success": true,
      "viewData": {
        "timezoneSidId": "America/Chicago"
      }
    }