{
  "data": {
    "appointments": [
      {
        "account": { "id": "0011800000iy8YtAAI", "name": "Facility 1" },
        "accountId": "0011800000iy8YtAAI",
        "cancellationReason": "Reason 1",
        "supportPlanId": "50018000009PK5nAAG",
        "supportPlanNumber": "00001009",
        "contact": {
          "accountId": "0011800000iy8YtAAI",
          "firstName": "Test",
          "lastName": "Test",
          "id": "0031800000awajcAAA",
          "name": "Test Test"
        },
        "contactId": "0031800000awajcAAA",
        "description": "Treatment for Facility 1",
        "isCareTeam": false,
        "jobAllocationCount": 0,
        "jobStatus": "Cancelled",
        "regionId": "a1V18000000SLzOEAW",
        "serviceLocationId": "a1R18000001NvgxEAC",
        "address": {
          "fullAddress": "3800 Washington St\r\nSan Francisco, CA 94118\r\nUSA",
          "geometry": { "lat": 37.7891753, "lng": -122.4559681 }
        },
        "duration": 120,
        "endDate": "2019-07-26",
        "endTime": 1200,
        "eventType": "Treatment",
        "scheduleId": "a1T18000001pVF1EAM",
        "startDate": "2019-07-26",
        "startTime": 1000,
        "templateEntryId": "a1C1800000106AiEAI",
        "id": "a1P18000000fEpFEAU",
        "name": "JOB-0108",
        "objectType": "job"
      },
      {
        "account": { "id": "0011800000iy8YtAAI", "name": "Facility 1" },
        "accountId": "0011800000iy8YtAAI",
        "supportPlanId": "50018000009PK5nAAG",
        "supportPlanNumber": "00001009",
        "contact": {
          "accountId": "0011800000iy8YtAAI",
          "firstName": "Test",
          "lastName": "Test",
          "id": "0031800000awajcAAA",
          "name": "Test Test"
        },
        "contactId": "0031800000awajcAAA",
        "description": "OS - Nurses Visit for Facility 1",
        "isCareTeam": false,
        "jobAllocationCount": 1,
        "jobStatus": "Dispatched",
        "quantity": 1,
        "regionId": "a1V18000000SLzOEAW",
        "address": {
          "fullAddress": "3800 Washington St, San Francisco, CA 94118, USA",
          "geometry": { "lat": 37.7891753, "lng": -122.4559681 },
          "postalCode": "94118"
        },
        "duration": 15,
        "endDate": "2019-07-26",
        "endTime": 1215,
        "eventType": "OS - Nurses Visit",
        "startDate": "2019-07-26",
        "startTime": 1200,
        "id": "a1P18000000fL41EAE",
        "name": "JOB-0124",
        "objectType": "job"
      },
      {
        "account": { "id": "0011800000iy8YtAAI", "name": "Facility 1" },
        "accountId": "0011800000iy8YtAAI",
        "supportPlanId": "50018000009PK5nAAG",
        "supportPlanNumber": "00001009",
        "contact": {
          "accountId": "0011800000iy8YtAAI",
          "firstName": "Test",
          "lastName": "Test",
          "id": "0031800000awajcAAA",
          "name": "Test Test"
        },
        "contactId": "0031800000awajcAAA",
        "description": "PC - Initial Joint Visit for Facility 1",
        "isCareTeam": false,
        "jobAllocationCount": 0,
        "jobStatus": "Pending Allocation",
        "quantity": 1,
        "regionId": "a1V18000000SLzOEAW",
        "address": {
          "fullAddress": "3800 Washington St, San Francisco, CA 94118, USA",
          "geometry": { "lat": 37.7891753, "lng": -122.4559681 },
          "postalCode": "94118"
        },
        "duration": 120,
        "endDate": "2019-07-26",
        "endTime": 1500,
        "eventType": "PC - Initial Joint Visit",
        "startDate": "2019-07-26",
        "startTime": 1300,
        "id": "a1P18000000fL46EAE",
        "name": "JOB-0125",
        "objectType": "job"
      },
      {
        "account": { "id": "0011800000iy8YtAAI", "name": "Facility 1" },
        "accountId": "0011800000iy8YtAAI",
        "supportPlanId": "50018000009PK5nAAG",
        "supportPlanNumber": "00001009",
        "contact": {
          "accountId": "0011800000iy8YtAAI",
          "firstName": "Test",
          "lastName": "Test",
          "id": "0031800000awajcAAA",
          "name": "Test Test"
        },
        "contactId": "0031800000awajcAAA",
        "description": "Treatment for Facility 1",
        "isCareTeam": false,
        "jobAllocationCount": 1,
        "jobStatus": "Dispatched",
        "regionId": "a1V18000000SLzOEAW",
        "serviceLocationId": "a1R18000001NvgxEAC",
        "address": {
          "fullAddress": "3800 Washington St\r\nSan Francisco, CA 94118\r\nUSA",
          "geometry": { "lat": 37.7891753, "lng": -122.4559681 }
        },
        "duration": 60,
        "endDate": "2019-07-26",
        "endTime": 1700,
        "eventType": "Treatment",
        "scheduleId": "a1T18000001pVGJEA2",
        "startDate": "2019-07-26",
        "startTime": 1600,
        "templateEntryId": "a1C1800000106BJEAY",
        "id": "a1P18000000fExLEAU",
        "name": "JOB-0115",
        "objectType": "job"
      },
      {
        "account": { "id": "0011800000iy8YtAAI", "name": "Facility 1" },
        "accountId": "0011800000iy8YtAAI",
        "contact": {
          "accountId": "0011800000iy8YtAAI",
          "firstName": "Test",
          "lastName": "Test",
          "id": "0031800000awajcAAA",
          "name": "Test Test"
        },
        "contactId": "0031800000awajcAAA",
        "description": "Treatment for Facility 1",
        "isCareTeam": false,
        "jobAllocationCount": 0,
        "jobStatus": "Cancelled",
        "regionId": "a1V18000000SLzOEAW",
        "serviceLocationId": "a1R18000001NvgxEAC",
        "address": {
          "fullAddress": "3800 Washington St\r\nSan Francisco, CA 94118\r\nUSA",
          "geometry": { "lat": 37.789175, "lng": -122.455968 }
        },
        "duration": 60,
        "endDate": "2019-07-26",
        "endTime": 1730,
        "eventType": "Treatment",
        "scheduleId": "a1T18000001pVGJEA2",
        "startDate": "2019-07-26",
        "startTime": 1630,
        "id": "a1P18000000fExwEAE",
        "name": "JOB-0123",
        "objectType": "job"
      },
      {
        "account": { "id": "0011800000iy8YtAAI", "name": "Facility 1" },
        "accountId": "0011800000iy8YtAAI",
        "cancellationReason": "Reason 1",
        "supportPlanId": "50018000009PK5nAAG",
        "supportPlanNumber": "00001009",
        "contact": {
          "accountId": "0011800000iy8YtAAI",
          "firstName": "Test",
          "lastName": "Test",
          "id": "0031800000awajcAAA",
          "name": "Test Test"
        },
        "contactId": "0031800000awajcAAA",
        "description": "Treatment for Facility 1",
        "isCareTeam": false,
        "jobAllocationCount": 0,
        "jobStatus": "Cancelled",
        "regionId": "a1V18000000SLzOEAW",
        "serviceLocationId": "a1R18000001NvgxEAC",
        "address": {
          "fullAddress": "3800 Washington St\r\nSan Francisco, CA 94118\r\nUSA",
          "geometry": { "lat": 37.7891753, "lng": -122.4559681 }
        },
        "duration": 120,
        "endDate": "2019-07-29",
        "endTime": 1200,
        "eventType": "Treatment",
        "scheduleId": "a1T18000001pVF1EAM",
        "startDate": "2019-07-29",
        "startTime": 1000,
        "templateEntryId": "a1C1800000106AfEAI",
        "id": "a1P18000000fEpCEAU",
        "name": "JOB-0105",
        "objectType": "job"
      },
      {
        "account": { "id": "0011800000iOTKPAA4", "name": "Test Skedulo" },
        "accountId": "0011800000iOTKPAA4",
        "supportPlanId": "50018000009OAhpAAG",
        "supportPlanNumber": "00001007",
        "contact": {
          "accountId": "0011800000iOTKPAA4",
          "firstName": "Test",
          "lastName": "Skedulo",
          "id": "0031800000aOx9hAAC",
          "name": "Test Skedulo"
        },
        "contactId": "0031800000aOx9hAAC",
        "description": "Treatment for Test Skedulo",
        "isCareTeam": false,
        "jobAllocationCount": 0,
        "jobStatus": "Pending Allocation",
        "regionId": "a1V18000000SLzOEAW",
        "address": {},
        "duration": 60,
        "endDate": "2019-07-29",
        "endTime": 1300,
        "eventType": "Treatment",
        "scheduleDescription": "Trung",
        "scheduleId": "a1T18000001pRykEAE",
        "startDate": "2019-07-29",
        "startTime": 1200,
        "templateEntryId": "a1C1800000102TjEAI",
        "id": "a1P18000000fAJ3EAM",
        "name": "JOB-0034",
        "objectType": "job"
      },
      {
        "account": { "id": "0011800000iOTKPAA4", "name": "Test Skedulo" },
        "accountId": "0011800000iOTKPAA4",
        "supportPlanId": "50018000009OAhpAAG",
        "supportPlanNumber": "00001007",
        "contact": {
          "accountId": "0011800000iOTKPAA4",
          "firstName": "Test",
          "lastName": "Skedulo",
          "id": "0031800000aOx9hAAC",
          "name": "Test Skedulo"
        },
        "contactId": "0031800000aOx9hAAC",
        "description": "Treatment for Test Skedulo",
        "isCareTeam": false,
        "jobAllocationCount": 0,
        "jobStatus": "Pending Allocation",
        "regionId": "a1V18000000SLzOEAW",
        "address": {},
        "duration": 60,
        "endDate": "2019-07-29",
        "endTime": 1400,
        "eventType": "Treatment",
        "scheduleDescription": "Trung",
        "scheduleId": "a1T18000001pRyfEAE",
        "startDate": "2019-07-29",
        "startTime": 1300,
        "templateEntryId": "a1C1800000102TeEAI",
        "id": "a1P18000000fAIfEAM",
        "name": "JOB-0014",
        "objectType": "job"
      },
      {
        "account": { "id": "0011800000iy8YtAAI", "name": "Facility 1" },
        "accountId": "0011800000iy8YtAAI",
        "supportPlanId": "50018000009PK5nAAG",
        "supportPlanNumber": "00001009",
        "contact": {
          "accountId": "0011800000iy8YtAAI",
          "firstName": "Test",
          "lastName": "Test",
          "id": "0031800000awajcAAA",
          "name": "Test Test"
        },
        "contactId": "0031800000awajcAAA",
        "description": "Treatment for Facility 1",
        "isCareTeam": false,
        "jobAllocationCount": 2,
        "jobStatus": "Dispatched",
        "regionId": "a1V18000000SLzOEAW",
        "serviceLocationId": "a1R18000001NvgxEAC",
        "address": {
          "fullAddress": "3800 Washington St\r\nSan Francisco, CA 94118\r\nUSA",
          "geometry": { "lat": 37.7891753, "lng": -122.4559681 }
        },
        "duration": 60,
        "endDate": "2019-07-29",
        "endTime": 1700,
        "eventType": "Treatment",
        "scheduleId": "a1T18000001pVGJEA2",
        "startDate": "2019-07-29",
        "startTime": 1600,
        "templateEntryId": "a1C1800000106BFEAY",
        "id": "a1P18000000fExHEAU",
        "name": "JOB-0111",
        "objectType": "job"
      },
      {
        "account": { "id": "0011800000iOTKPAA4", "name": "Test Skedulo" },
        "accountId": "0011800000iOTKPAA4",
        "supportPlanId": "50018000009OAhpAAG",
        "supportPlanNumber": "00001007",
        "contact": {
          "accountId": "0011800000iOTKPAA4",
          "firstName": "Test",
          "lastName": "Skedulo",
          "id": "0031800000aOx9hAAC",
          "name": "Test Skedulo"
        },
        "contactId": "0031800000aOx9hAAC",
        "description": "Treatment for Test Skedulo",
        "isCareTeam": false,
        "jobAllocationCount": 0,
        "jobStatus": "Pending Allocation",
        "regionId": "a1V18000000SLzOEAW",
        "address": {},
        "duration": 60,
        "endDate": "2019-07-30",
        "endTime": 1300,
        "eventType": "Treatment",
        "scheduleDescription": "Trung",
        "scheduleId": "a1T18000001pRykEAE",
        "startDate": "2019-07-30",
        "startTime": 1200,
        "templateEntryId": "a1C1800000102TkEAI",
        "id": "a1P18000000fAJ8EAM",
        "name": "JOB-0039",
        "objectType": "job"
      },
      {
        "account": { "id": "0011800000iOTKPAA4", "name": "Test Skedulo" },
        "accountId": "0011800000iOTKPAA4",
        "supportPlanId": "50018000009OAhpAAG",
        "supportPlanNumber": "00001007",
        "contact": {
          "accountId": "0011800000iOTKPAA4",
          "firstName": "Test",
          "lastName": "Skedulo",
          "id": "0031800000aOx9hAAC",
          "name": "Test Skedulo"
        },
        "contactId": "0031800000aOx9hAAC",
        "description": "Treatment for Test Skedulo",
        "isCareTeam": false,
        "jobAllocationCount": 0,
        "jobStatus": "Pending Allocation",
        "regionId": "a1V18000000SLzOEAW",
        "address": {},
        "duration": 60,
        "endDate": "2019-07-30",
        "endTime": 1400,
        "eventType": "Treatment",
        "scheduleDescription": "Trung",
        "scheduleId": "a1T18000001pRyfEAE",
        "startDate": "2019-07-30",
        "startTime": 1300,
        "templateEntryId": "a1C1800000102TfEAI",
        "id": "a1P18000000fAIkEAM",
        "name": "JOB-0019",
        "objectType": "job"
      },
      {
        "account": { "id": "0011800000iOTKPAA4", "name": "Test Skedulo" },
        "accountId": "0011800000iOTKPAA4",
        "supportPlanId": "50018000009OAhpAAG",
        "supportPlanNumber": "00001007",
        "contact": {
          "accountId": "0011800000iOTKPAA4",
          "firstName": "Test",
          "lastName": "Skedulo",
          "id": "0031800000aOx9hAAC",
          "name": "Test Skedulo"
        },
        "contactId": "0031800000aOx9hAAC",
        "description": "Treatment for Test Skedulo",
        "isCareTeam": false,
        "jobAllocationCount": 0,
        "jobStatus": "Pending Allocation",
        "regionId": "a1V18000000SLzOEAW",
        "address": {},
        "duration": 120,
        "endDate": "2019-07-30",
        "endTime": 1900,
        "eventType": "Treatment",
        "scheduleDescription": "Trung",
        "scheduleId": "a1T18000001pRz4EAE",
        "startDate": "2019-07-30",
        "startTime": 1700,
        "templateEntryId": "a1C1800000102U1EAI",
        "id": "a1P18000000fAJYEA2",
        "name": "JOB-0050",
        "objectType": "job"
      },
      {
        "account": { "id": "0011800000iOTKPAA4", "name": "Test Skedulo" },
        "accountId": "0011800000iOTKPAA4",
        "supportPlanId": "50018000009OAhpAAG",
        "supportPlanNumber": "00001007",
        "contact": {
          "accountId": "0011800000iOTKPAA4",
          "firstName": "Test",
          "lastName": "Skedulo",
          "id": "0031800000aOx9hAAC",
          "name": "Test Skedulo"
        },
        "contactId": "0031800000aOx9hAAC",
        "description": "Treatment for Test Skedulo",
        "isCareTeam": false,
        "jobAllocationCount": 0,
        "jobStatus": "Pending Allocation",
        "regionId": "a1V18000000SLzOEAW",
        "address": {},
        "duration": 60,
        "endDate": "2019-07-31",
        "endTime": 1300,
        "eventType": "Treatment",
        "scheduleDescription": "Trung",
        "scheduleId": "a1T18000001pRykEAE",
        "startDate": "2019-07-31",
        "startTime": 1200,
        "templateEntryId": "a1C1800000102TlEAI",
        "id": "a1P18000000fAJDEA2",
        "name": "JOB-0044",
        "objectType": "job"
      },
      {
        "account": { "id": "0011800000iOTKPAA4", "name": "Test Skedulo" },
        "accountId": "0011800000iOTKPAA4",
        "supportPlanId": "50018000009OAhpAAG",
        "supportPlanNumber": "00001007",
        "contact": {
          "accountId": "0011800000iOTKPAA4",
          "firstName": "Test",
          "lastName": "Skedulo",
          "id": "0031800000aOx9hAAC",
          "name": "Test Skedulo"
        },
        "contactId": "0031800000aOx9hAAC",
        "description": "Treatment for Test Skedulo",
        "isCareTeam": false,
        "jobAllocationCount": 0,
        "jobStatus": "Pending Allocation",
        "regionId": "a1V18000000SLzOEAW",
        "address": {},
        "duration": 60,
        "endDate": "2019-07-31",
        "endTime": 1400,
        "eventType": "Treatment",
        "scheduleDescription": "Trung",
        "scheduleId": "a1T18000001pRyfEAE",
        "startDate": "2019-07-31",
        "startTime": 1300,
        "templateEntryId": "a1C1800000102TgEAI",
        "id": "a1P18000000fAIpEAM",
        "name": "JOB-0024",
        "objectType": "job"
      },
      {
        "account": { "id": "0011800000iOTKPAA4", "name": "Test Skedulo" },
        "accountId": "0011800000iOTKPAA4",
        "supportPlanId": "50018000009OAhpAAG",
        "supportPlanNumber": "00001007",
        "contact": {
          "accountId": "0011800000iOTKPAA4",
          "firstName": "Test",
          "lastName": "Skedulo",
          "id": "0031800000aOx9hAAC",
          "name": "Test Skedulo"
        },
        "contactId": "0031800000aOx9hAAC",
        "description": "Treatment for Test Skedulo",
        "isCareTeam": false,
        "jobAllocationCount": 0,
        "jobStatus": "Pending Allocation",
        "regionId": "a1V18000000SLzOEAW",
        "address": {},
        "duration": 180,
        "endDate": "2019-07-31",
        "endTime": 2000,
        "eventType": "Treatment",
        "scheduleDescription": "Trung",
        "scheduleId": "a1T18000001pRyuEAE",
        "startDate": "2019-07-31",
        "startTime": 1700,
        "templateEntryId": "a1C1800000102TwEAI",
        "id": "a1P18000000fAJPEA2",
        "name": "JOB-0047",
        "objectType": "job"
      },
      {
        "account": { "id": "0011800000iOTKPAA4", "name": "Test Skedulo" },
        "accountId": "0011800000iOTKPAA4",
        "supportPlanId": "50018000009OAhpAAG",
        "supportPlanNumber": "00001007",
        "contact": {
          "accountId": "0011800000iOTKPAA4",
          "firstName": "Test",
          "lastName": "Skedulo",
          "id": "0031800000aOx9hAAC",
          "name": "Test Skedulo"
        },
        "contactId": "0031800000aOx9hAAC",
        "description": "Treatment for Test Skedulo",
        "isCareTeam": false,
        "jobAllocationCount": 0,
        "jobStatus": "Pending Allocation",
        "regionId": "a1V18000000SLzOEAW",
        "address": {},
        "duration": 120,
        "endDate": "2019-07-31",
        "endTime": 1900,
        "eventType": "Treatment",
        "scheduleDescription": "Trung",
        "scheduleId": "a1T18000001pRz4EAE",
        "startDate": "2019-07-31",
        "startTime": 1700,
        "templateEntryId": "a1C1800000102U2EAI",
        "id": "a1P18000000fAJaEAM",
        "name": "JOB-0052",
        "objectType": "job"
      },
      {
        "account": { "id": "0011800000iOTKPAA4", "name": "Test Skedulo" },
        "accountId": "0011800000iOTKPAA4",
        "supportPlanId": "50018000009OAhpAAG",
        "supportPlanNumber": "00001007",
        "contact": {
          "accountId": "0011800000iOTKPAA4",
          "firstName": "Test",
          "lastName": "Skedulo",
          "id": "0031800000aOx9hAAC",
          "name": "Test Skedulo"
        },
        "contactId": "0031800000aOx9hAAC",
        "description": "Treatment for Test Skedulo",
        "isCareTeam": false,
        "jobAllocationCount": 0,
        "jobStatus": "Pending Allocation",
        "regionId": "a1V18000000SLzOEAW",
        "serviceLocationId": "a1R18000001Nrv1EAC",
        "address": {
          "fullAddress": "3800 Washington St, San Francisco, CA 94118"
        },
        "duration": 60,
        "endDate": "2019-10-05",
        "endTime": 1600,
        "eventType": "Treatment",
        "scheduleId": "a1T18000001pTfREAU",
        "startDate": "2019-10-05",
        "startTime": 1500,
        "templateEntryId": "a1C1800000104UbEAI",
        "id": "a1P18000000fCVpEAM",
        "name": "JOB-0093",
        "objectType": "job"
      },
      {
        "account": { "id": "0011800000iOTKPAA4", "name": "Test Skedulo" },
        "accountId": "0011800000iOTKPAA4",
        "supportPlanId": "50018000009OAhpAAG",
        "supportPlanNumber": "00001007",
        "contact": {
          "accountId": "0011800000iOTKPAA4",
          "firstName": "Test",
          "lastName": "Skedulo",
          "id": "0031800000aOx9hAAC",
          "name": "Test Skedulo"
        },
        "contactId": "0031800000aOx9hAAC",
        "description": "Treatment for Test Skedulo",
        "isCareTeam": false,
        "jobAllocationCount": 0,
        "jobStatus": "Pending Allocation",
        "regionId": "a1V18000000SLzOEAW",
        "serviceLocationId": "a1R18000001Nrv1EAC",
        "address": {
          "fullAddress": "3800 Washington St, San Francisco, CA 94118"
        },
        "duration": 60,
        "endDate": "2019-10-07",
        "endTime": 1500,
        "eventType": "Treatment",
        "startDate": "2019-10-07",
        "startTime": 1400,
        "id": "a1P18000000fCWvEAM",
        "name": "JOB-0097",
        "objectType": "job"
      },
      {
        "account": { "id": "0011800000iOTKPAA4", "name": "Test Skedulo" },
        "accountId": "0011800000iOTKPAA4",
        "supportPlanId": "50018000009OAhpAAG",
        "supportPlanNumber": "00001007",
        "contact": {
          "accountId": "0011800000iOTKPAA4",
          "firstName": "Test",
          "lastName": "Skedulo",
          "id": "0031800000aOx9hAAC",
          "name": "Test Skedulo"
        },
        "contactId": "0031800000aOx9hAAC",
        "description": "Treatment for Test Skedulo",
        "isCareTeam": false,
        "jobAllocationCount": 0,
        "jobStatus": "Pending Allocation",
        "regionId": "a1V18000000SLzOEAW",
        "address": {},
        "duration": 60,
        "endDate": "2019-10-08",
        "endTime": 1500,
        "eventType": "Treatment",
        "startDate": "2019-10-08",
        "startTime": 1400,
        "id": "a1P18000000fCX0EAM",
        "name": "JOB-0098",
        "objectType": "job"
      },
      {
        "account": { "id": "0011800000iOTKPAA4", "name": "Test Skedulo" },
        "accountId": "0011800000iOTKPAA4",
        "supportPlanId": "50018000009OAhpAAG",
        "supportPlanNumber": "00001007",
        "contact": {
          "accountId": "0011800000iOTKPAA4",
          "firstName": "Test",
          "lastName": "Skedulo",
          "id": "0031800000aOx9hAAC",
          "name": "Test Skedulo"
        },
        "contactId": "0031800000aOx9hAAC",
        "description": "Treatment for Test Skedulo",
        "isCareTeam": false,
        "jobAllocationCount": 0,
        "jobStatus": "Pending Allocation",
        "regionId": "a1V18000000SLzOEAW",
        "serviceLocationId": "a1R18000001Nrv1EAC",
        "address": {
          "fullAddress": "3800 Washington St, San Francisco, CA 94118"
        },
        "duration": 60,
        "endDate": "2019-10-12",
        "endTime": 1600,
        "eventType": "Treatment",
        "scheduleId": "a1T18000001pTfREAU",
        "startDate": "2019-10-12",
        "startTime": 1500,
        "templateEntryId": "a1C1800000104UbEAI",
        "id": "a1P18000000fCVqEAM",
        "name": "JOB-0094",
        "objectType": "job"
      },
      {
        "account": { "id": "0011800000iOTKPAA4", "name": "Test Skedulo" },
        "accountId": "0011800000iOTKPAA4",
        "supportPlanId": "50018000009OAhpAAG",
        "supportPlanNumber": "00001007",
        "contact": {
          "accountId": "0011800000iOTKPAA4",
          "firstName": "Test",
          "lastName": "Skedulo",
          "id": "0031800000aOx9hAAC",
          "name": "Test Skedulo"
        },
        "contactId": "0031800000aOx9hAAC",
        "description": "Treatment for Test Skedulo",
        "isCareTeam": false,
        "jobAllocationCount": 0,
        "jobStatus": "Pending Allocation",
        "regionId": "a1V18000000SLzOEAW",
        "serviceLocationId": "a1R18000001Nrv1EAC",
        "address": {
          "fullAddress": "3800 Washington St, San Francisco, CA 94118"
        },
        "duration": 60,
        "endDate": "2019-10-19",
        "endTime": 1600,
        "eventType": "Treatment",
        "scheduleId": "a1T18000001pTfREAU",
        "startDate": "2019-10-19",
        "startTime": 1500,
        "templateEntryId": "a1C1800000104UbEAI",
        "id": "a1P18000000fCVrEAM",
        "name": "JOB-0095",
        "objectType": "job"
      },
      {
        "account": { "id": "0011800000iOTKPAA4", "name": "Test Skedulo" },
        "accountId": "0011800000iOTKPAA4",
        "supportPlanId": "50018000009OAhpAAG",
        "supportPlanNumber": "00001007",
        "contact": {
          "accountId": "0011800000iOTKPAA4",
          "firstName": "Test",
          "lastName": "Skedulo",
          "id": "0031800000aOx9hAAC",
          "name": "Test Skedulo"
        },
        "contactId": "0031800000aOx9hAAC",
        "description": "Treatment for Test Skedulo",
        "isCareTeam": false,
        "jobAllocationCount": 0,
        "jobStatus": "Pending Allocation",
        "regionId": "a1V18000000SLzOEAW",
        "serviceLocationId": "a1R18000001Nrv1EAC",
        "address": {
          "fullAddress": "3800 Washington St, San Francisco, CA 94118"
        },
        "duration": 60,
        "endDate": "2019-10-26",
        "endTime": 1600,
        "eventType": "Treatment",
        "scheduleId": "a1T18000001pTfREAU",
        "startDate": "2019-10-26",
        "startTime": 1500,
        "templateEntryId": "a1C1800000104UbEAI",
        "id": "a1P18000000fCVsEAM",
        "name": "JOB-0096",
        "objectType": "job"
      },
      {
        "account": { "id": "0011800000iOTKPAA4", "name": "Test Skedulo" },
        "accountId": "0011800000iOTKPAA4",
        "supportPlanId": "50018000009OAhpAAG",
        "supportPlanNumber": "00001007",
        "contact": {
          "accountId": "0011800000iOTKPAA4",
          "firstName": "Test",
          "lastName": "Skedulo",
          "id": "0031800000aOx9hAAC",
          "name": "Test Skedulo"
        },
        "contactId": "0031800000aOx9hAAC",
        "description": "Treatment for Test Skedulo",
        "isCareTeam": false,
        "jobAllocationCount": 0,
        "jobStatus": "Pending Allocation",
        "regionId": "a1V18000000SLzOEAW",
        "serviceLocationId": "a1R18000001Nrv1EAC",
        "address": {
          "fullAddress": "3800 Washington St, San Francisco, CA 94118"
        },
        "duration": 60,
        "endDate": "2019-10-26",
        "endTime": 1800,
        "eventType": "Treatment",
        "scheduleId": "a1T18000001pVJmEAM",
        "startDate": "2019-10-26",
        "startTime": 1700,
        "templateEntryId": "a1C1800000106CkEAI",
        "id": "a1P18000000fExWEAU",
        "name": "JOB-0117",
        "objectType": "job"
      },
      {
        "account": { "id": "0011800000iOTKPAA4", "name": "Test Skedulo" },
        "accountId": "0011800000iOTKPAA4",
        "supportPlanId": "50018000009OAhpAAG",
        "supportPlanNumber": "00001007",
        "contact": {
          "accountId": "0011800000iOTKPAA4",
          "firstName": "Test",
          "lastName": "Skedulo",
          "id": "0031800000aOx9hAAC",
          "name": "Test Skedulo"
        },
        "contactId": "0031800000aOx9hAAC",
        "description": "Treatment for Test Skedulo",
        "isCareTeam": false,
        "jobAllocationCount": 0,
        "jobStatus": "Pending Allocation",
        "regionId": "a1V18000000SLzOEAW",
        "address": {},
        "duration": 60,
        "endDate": "2019-10-27",
        "endTime": 1800,
        "eventType": "Treatment",
        "scheduleId": "a1T18000001pVJmEAM",
        "startDate": "2019-10-27",
        "startTime": 1700,
        "templateEntryId": "a1C1800000106ClEAI",
        "id": "a1P18000000fExYEAU",
        "name": "JOB-0119",
        "objectType": "job"
      },
      {
        "account": { "id": "0011800000iOTKPAA4", "name": "Test Skedulo" },
        "accountId": "0011800000iOTKPAA4",
        "supportPlanId": "50018000009OAhpAAG",
        "supportPlanNumber": "00001007",
        "contact": {
          "accountId": "0011800000iOTKPAA4",
          "firstName": "Test",
          "lastName": "Skedulo",
          "id": "0031800000aOx9hAAC",
          "name": "Test Skedulo"
        },
        "contactId": "0031800000aOx9hAAC",
        "description": "Treatment for Test Skedulo",
        "isCareTeam": false,
        "jobAllocationCount": 0,
        "jobStatus": "Pending Allocation",
        "regionId": "a1V18000000SLzOEAW",
        "serviceLocationId": "a1R18000001Nrv1EAC",
        "address": {
          "fullAddress": "3800 Washington St, San Francisco, CA 94118"
        },
        "duration": 60,
        "endDate": "2019-10-28",
        "endTime": 1800,
        "eventType": "Treatment",
        "scheduleId": "a1T18000001pVJmEAM",
        "startDate": "2019-10-28",
        "startTime": 1700,
        "templateEntryId": "a1C1800000106CmEAI",
        "id": "a1P18000000fExZEAU",
        "name": "JOB-0120",
        "objectType": "job"
      },
      {
        "account": { "id": "0011800000iOTKPAA4", "name": "Test Skedulo" },
        "accountId": "0011800000iOTKPAA4",
        "supportPlanId": "50018000009OAhpAAG",
        "supportPlanNumber": "00001007",
        "contact": {
          "accountId": "0011800000iOTKPAA4",
          "firstName": "Test",
          "lastName": "Skedulo",
          "id": "0031800000aOx9hAAC",
          "name": "Test Skedulo"
        },
        "contactId": "0031800000aOx9hAAC",
        "description": "Treatment for Test Skedulo",
        "isCareTeam": false,
        "jobAllocationCount": 0,
        "jobStatus": "Pending Allocation",
        "regionId": "a1V18000000SLzOEAW",
        "address": {},
        "duration": 60,
        "endDate": "2019-10-29",
        "endTime": 1800,
        "eventType": "Treatment",
        "scheduleId": "a1T18000001pVJmEAM",
        "startDate": "2019-10-29",
        "startTime": 1700,
        "templateEntryId": "a1C1800000106CnEAI",
        "id": "a1P18000000fExaEAE",
        "name": "JOB-0121",
        "objectType": "job"
      },
      {
        "account": { "id": "0011800000iOTKPAA4", "name": "Test Skedulo" },
        "accountId": "0011800000iOTKPAA4",
        "supportPlanId": "50018000009OAhpAAG",
        "supportPlanNumber": "00001007",
        "contact": {
          "accountId": "0011800000iOTKPAA4",
          "firstName": "Test",
          "lastName": "Skedulo",
          "id": "0031800000aOx9hAAC",
          "name": "Test Skedulo"
        },
        "contactId": "0031800000aOx9hAAC",
        "description": "Treatment for Test Skedulo",
        "isCareTeam": false,
        "jobAllocationCount": 0,
        "jobStatus": "Pending Allocation",
        "regionId": "a1V18000000SLzOEAW",
        "serviceLocationId": "a1R18000001Nrv1EAC",
        "address": {
          "fullAddress": "3800 Washington St, San Francisco, CA 94118"
        },
        "duration": 60,
        "endDate": "2019-10-30",
        "endTime": 1800,
        "eventType": "Treatment",
        "scheduleId": "a1T18000001pVJmEAM",
        "startDate": "2019-10-30",
        "startTime": 1700,
        "templateEntryId": "a1C1800000106CoEAI",
        "id": "a1P18000000fExbEAE",
        "name": "JOB-0122",
        "objectType": "job"
      },
      {
        "account": { "id": "0011800000iOTKPAA4", "name": "Test Skedulo" },
        "accountId": "0011800000iOTKPAA4",
        "supportPlanId": "50018000009OAhpAAG",
        "supportPlanNumber": "00001007",
        "contact": {
          "accountId": "0011800000iOTKPAA4",
          "firstName": "Test",
          "lastName": "Skedulo",
          "id": "0031800000aOx9hAAC",
          "name": "Test Skedulo"
        },
        "contactId": "0031800000aOx9hAAC",
        "description": "Treatment for Test Skedulo",
        "isCareTeam": false,
        "jobAllocationCount": 0,
        "jobStatus": "Pending Allocation",
        "regionId": "a1V18000000SLzOEAW",
        "serviceLocationId": "a1R18000001Nrv1EAC",
        "address": {
          "fullAddress": "3800 Washington St, San Francisco, CA 94118"
        },
        "duration": 60,
        "endDate": "2019-10-02",
        "endTime": 1800,
        "eventType": "Treatment",
        "scheduleId": "a1T18000001pVJmEAM",
        "startDate": "2019-10-02",
        "startTime": 1700,
        "templateEntryId": "a1C1800000106CkEAI",
        "id": "a1P18000000fExXEAU",
        "name": "JOB-0118",
        "objectType": "job"
      }
    ],
    "totalRecords": 28
  },
  "errorMessage": "",
  "message": "",
  "success": true,
  "viewData": {}
}