{
  "data": {
    "jobTypes": [
      "PC - Initial Joint Visit",
      "PC - Follow up Joint Visit",
      "PC - Initial Provider Visit",
      "PC - Initial Social Work Visit",
      "PC - Provider Follow Up Visit",
      "PC - Social Work Follow Up",
      "PC - After Hours Visit",
      "PC - Same Day Visit",
      "PC - ACP Visit",
      "PC - Hospice Transition",
      "PC - Telehealth Visit",
      "PC - IDT Meetings",
      "PC - Telephone",
      "PC - Urgent Visit",
      "OS - History and Physical",
      "OS - Urgent Care",
      "OS - Follow-up",
      "OS - Nurses Visit",
      "OS - ChemHealth MAT New",
      "OS - ChemHealth MAT Follow-up",
      "Treatment"
    ],
    "jobStatusSettings": [
      {
        "backgroundColor": "#c9cacc",
        "jobStatus": "Queued",
        "textColor": "#fff"
      },
      {
        "backgroundColor": "#787878",
        "jobStatus": "Pending Allocation",
        "textColor": "#fff"
      },
      {
        "backgroundColor": "#faa928",
        "jobStatus": "Pending Dispatch",
        "textColor": "#fff"
      },
      {
        "backgroundColor": "#74b1d4",
        "jobStatus": "Dispatched",
        "textColor": "#fff"
      },
      {
        "backgroundColor": "#286091",
        "jobStatus": "Ready",
        "textColor": "#fff"
      },
      {
        "backgroundColor": "#bc8ebe",
        "jobStatus": "En Route",
        "textColor": "#fff"
      },
      {
        "backgroundColor": "#944292",
        "jobStatus": "On Site",
        "textColor": "#fff"
      },
      {
        "backgroundColor": "#620c5f",
        "jobStatus": "In Progress",
        "textColor": "#fff"
      },
      {
        "backgroundColor": "#19cf5e",
        "jobStatus": "Complete",
        "textColor": "#fff"
      },
      {
        "backgroundColor": "#df4040",
        "jobStatus": "Cancelled",
        "textColor": "#fff"
      }
    ],
    "regions": [
      {
        "timezoneSidId": "America/Chicago",
        "id": "a1V18000000SM9xEAG",
        "name": "Minnesota"
      },
      {
        "timezoneSidId": "America/Los_Angeles",
        "id": "a1V18000000SLzOEAW",
        "name": "San Fransisco"
      }
    ],
    "consoleSettings": {
      "defaultDuration": 30,
      "startWorkingTime": 700,
      "calendarEnd": 2000,
      "calendarStart": 700,
      "calendarStep": 30,
      "timePickerStep": 15,
      "dateFormat": "MM/dd/yyyy",
      "datePickerFormat": "mm/dd/yy",
      "firstDay": 0,
      "noOfRecurWeeks": 24,
      "viewPeriod": 2
    },
    "appointmentColumns": [
      {
        "allowSearch": true,
        "allowSort": true,
        "apiName": "sked__Account__r.Name",
        "label": "Service User",
        "selected": true
      }
    ],
    "exceptionLogColumns": [
      {
        "allowSearch": true,
        "allowSort": true,
        "apiName": "skedHC__Job__r.Name",
        "label": "Job Number",
        "selected": true
      }
    ]
  },
  "errorMessage": "",
  "message": "",
  "success": true,
  "viewData": {}
}