{
    "data": {
        "job": {
            "account": {
                "phone": "0937867477",
                "id": "0012500001CuocmAAB",
                "name": "Quan test Vuong"
            },
            "accountId": "0012500001CuocmAAB",
            "contact": {
                "accountId": "0012500001CuocmAAB",
                "birthdate": "1987-10-25",
                "firstName": "Quan test",
                "lastName": "Vuong",
                "phone": "0937867477",
                "id": "00325000014yUSrAAM",
                "name": "Quan test Vuong"
            },
            "contactId": "00325000014yUSrAAM",
            "description": "Personal Support for Quan test Vuong Test",
            "inheritAccountTasks": true,
            "isCareTeam": false,
            "jobAllocationCount": 0,
            "jobOffers": [],
            "jobStatus": "Pending Allocation",
            "jobTags": [
                {
                    "jobId": "a0G250000052pfQEAQ",
                    "tag": {
                        "id": "a0d2500000AJlPeAAL",
                        "name": "Female"
                    },
                    "tagId": "a0d2500000AJlPeAAL",
                    "id": "a0D2500000645WcEAI",
                    "name": "JT_23",
                    "objectType": "jobTag"
                }
            ],
            "jobTasks": [
                {
                    "description": "Quan Vuong Task 2 Desc update",
                    "jobId": "a0G250000052pfQEAQ",
                    "sequence": 1,
                    "id": "a0E25000006je9CEAQ",
                    "name": "Quan Vuong Task 2 Update2"
                }
            ],
            "loneWorkerRisk": true,
            "notes": "Test Test",
            "quantity": 1,
            "regionId": "a0M25000006HLQDEA4",
            "supportPlanId": "a0m250000051aAzAAI",
            "supportPlanName": "SP-0270",
            "address": {
                "fullAddress": "Independence, KS 67301, USA",
                "geometry": {
                    "lat": 37.09024,
                    "lng": -95.712891
                }
            },
            "duration": 180,
            "endDate": "2020-08-27",
            "endTime": 1030,
            "eventType": "Personal Support",
            "scheduleId": "a0K25000006kcYMEAY",
            "startDate": "2020-08-27",
            "startTime": 800,
            "createdOnDate": "2020-08-27",
            "createdOnTime": 1707,
            "id": "a0G250000052pfQEAQ",
            "name": "JOB-13366",
            "objectType": "job"
        },
        "recurringSchedule": {
            "jobs": [
                {
                    "account": {
                        "phone": "0937867477",
                        "id": "0012500001CuocmAAB",
                        "name": "Quan test Vuong"
                    },
                    "accountId": "0012500001CuocmAAB",
                    "contact": {
                        "accountId": "0012500001CuocmAAB",
                        "birthdate": "1987-10-25",
                        "firstName": "Quan test",
                        "lastName": "Vuong",
                        "phone": "0937867477",
                        "id": "00325000014yUSrAAM",
                        "name": "Quan test Vuong"
                    },
                    "contactId": "00325000014yUSrAAM",
                    "description": "Personal Support for Quan test Vuong Test",
                    "inheritAccountTasks": true,
                    "isCareTeam": false,
                    "jobAllocationCount": 0,
                    "jobOffers": [],
                    "jobStatus": "Pending Allocation",
                    "jobTags": [
                        {
                            "jobId": "a0G250000052pfQEAQ",
                            "tag": {
                                "id": "a0d2500000AJlPeAAL",
                                "name": "Female"
                            },
                            "tagId": "a0d2500000AJlPeAAL",
                            "id": "a0D2500000645WcEAI",
                            "name": "JT_23",
                            "objectType": "jobTag"
                        }
                    ],
                    "jobTasks": [
                        {
                            "description": "Quan Vuong Task 2 Desc update",
                            "jobId": "a0G250000052pfQEAQ",
                            "sequence": 1,
                            "id": "a0E25000006je9CEAQ",
                            "name": "Quan Vuong Task 2 Update2"
                        }
                    ],
                    "loneWorkerRisk": true,
                    "notes": "Test Test",
                    "quantity": 1,
                    "regionId": "a0M25000006HLQDEA4",
                    "supportPlanId": "a0m250000051aAzAAI",
                    "supportPlanName": "SP-0270",
                    "address": {
                        "fullAddress": "Independence, KS 67301, USA",
                        "geometry": {
                            "lat": 37.09024,
                            "lng": -95.712891
                        }
                    },
                    "duration": 180,
                    "endDate": "2020-08-27",
                    "endTime": 1030,
                    "eventType": "Personal Support",
                    "scheduleId": "a0K25000006kcYMEAY",
                    "startDate": "2020-08-27",
                    "startTime": 800,
                    "createdOnDate": "2020-08-27",
                    "createdOnTime": 1707,
                    "id": "a0G250000052pfQEAQ",
                    "name": "JOB-13366",
                    "objectType": "job"
                },
                {
                    "account": {
                        "phone": "0937867477",
                        "id": "0012500001CuocmAAB",
                        "name": "Quan test Vuong"
                    },
                    "accountId": "0012500001CuocmAAB",
                    "contact": {
                        "accountId": "0012500001CuocmAAB",
                        "birthdate": "1987-10-25",
                        "firstName": "Quan test",
                        "lastName": "Vuong",
                        "phone": "0937867477",
                        "id": "00325000014yUSrAAM",
                        "name": "Quan test Vuong"
                    },
                    "contactId": "00325000014yUSrAAM",
                    "description": "Personal Support for Quan test Vuong",
                    "inheritAccountTasks": true,
                    "isCareTeam": false,
                    "jobAllocationCount": 0,
                    "jobOffers": [],
                    "jobStatus": "Pending Allocation",
                    "jobTags": [
                        {
                            "jobId": "a0G250000052pfREAQ",
                            "tag": {
                                "id": "a0d2500000AJlPeAAL",
                                "name": "Female"
                            },
                            "tagId": "a0d2500000AJlPeAAL",
                            "id": "a0D2500000645WTEAY",
                            "name": "JT_18",
                            "objectType": "jobTag"
                        }
                    ],
                    "jobTasks": [
                        {
                            "description": "Quan Vuong Task 2 Desc update",
                            "jobId": "a0G250000052pfREAQ",
                            "sequence": 2,
                            "id": "a0E25000006je9DEAQ",
                            "name": "Quan Vuong Task 2 Update2"
                        }
                    ],
                    "loneWorkerRisk": true,
                    "notes": "Test",
                    "quantity": 1,
                    "regionId": "a0M25000006HLQDEA4",
                    "supportPlanId": "a0m250000051aAzAAI",
                    "supportPlanName": "SP-0270",
                    "address": {},
                    "duration": 150,
                    "endDate": "2020-08-28",
                    "endTime": 1030,
                    "eventType": "Personal Support",
                    "scheduleId": "a0K25000006kcYMEAY",
                    "startDate": "2020-08-28",
                    "startTime": 800,
                    "createdOnDate": "2020-08-27",
                    "createdOnTime": 1707,
                    "id": "a0G250000052pfREAQ",
                    "name": "JOB-13367",
                    "objectType": "job"
                },
                {
                    "account": {
                        "phone": "0937867477",
                        "id": "0012500001CuocmAAB",
                        "name": "Quan test Vuong"
                    },
                    "accountId": "0012500001CuocmAAB",
                    "contact": {
                        "accountId": "0012500001CuocmAAB",
                        "birthdate": "1987-10-25",
                        "firstName": "Quan test",
                        "lastName": "Vuong",
                        "phone": "0937867477",
                        "id": "00325000014yUSrAAM",
                        "name": "Quan test Vuong"
                    },
                    "contactId": "00325000014yUSrAAM",
                    "description": "Personal Support for Quan test Vuong",
                    "inheritAccountTasks": true,
                    "isCareTeam": false,
                    "jobAllocationCount": 0,
                    "jobOffers": [],
                    "jobStatus": "Pending Allocation",
                    "jobTags": [
                        {
                            "jobId": "a0G250000052pfSEAQ",
                            "tag": {
                                "id": "a0d2500000AJlPeAAL",
                                "name": "Female"
                            },
                            "tagId": "a0d2500000AJlPeAAL",
                            "id": "a0D2500000645WUEAY",
                            "name": "JT_19",
                            "objectType": "jobTag"
                        }
                    ],
                    "jobTasks": [
                        {
                            "description": "Quan Vuong Task 2 Desc update",
                            "jobId": "a0G250000052pfSEAQ",
                            "sequence": 2,
                            "id": "a0E25000006je9EEAQ",
                            "name": "Quan Vuong Task 2 Update2"
                        }
                    ],
                    "loneWorkerRisk": true,
                    "notes": "Test",
                    "quantity": 1,
                    "regionId": "a0M25000006HLQDEA4",
                    "supportPlanId": "a0m250000051aAzAAI",
                    "supportPlanName": "SP-0270",
                    "address": {},
                    "duration": 150,
                    "endDate": "2020-08-29",
                    "endTime": 1030,
                    "eventType": "Personal Support",
                    "scheduleId": "a0K25000006kcYMEAY",
                    "startDate": "2020-08-29",
                    "startTime": 800,
                    "createdOnDate": "2020-08-27",
                    "createdOnTime": 1707,
                    "id": "a0G250000052pfSEAQ",
                    "name": "JOB-13368",
                    "objectType": "job"
                },
                {
                    "account": {
                        "phone": "0937867477",
                        "id": "0012500001CuocmAAB",
                        "name": "Quan test Vuong"
                    },
                    "accountId": "0012500001CuocmAAB",
                    "contact": {
                        "accountId": "0012500001CuocmAAB",
                        "birthdate": "1987-10-25",
                        "firstName": "Quan test",
                        "lastName": "Vuong",
                        "phone": "0937867477",
                        "id": "00325000014yUSrAAM",
                        "name": "Quan test Vuong"
                    },
                    "contactId": "00325000014yUSrAAM",
                    "description": "Personal Support for Quan test Vuong",
                    "inheritAccountTasks": true,
                    "isCareTeam": false,
                    "jobAllocationCount": 0,
                    "jobOffers": [],
                    "jobStatus": "Pending Allocation",
                    "jobTags": [
                        {
                            "jobId": "a0G250000052pfTEAQ",
                            "tag": {
                                "id": "a0d2500000AJlPeAAL",
                                "name": "Female"
                            },
                            "tagId": "a0d2500000AJlPeAAL",
                            "id": "a0D2500000645WVEAY",
                            "name": "JT_20",
                            "objectType": "jobTag"
                        }
                    ],
                    "jobTasks": [
                        {
                            "description": "Quan Vuong Task 2 Desc update",
                            "jobId": "a0G250000052pfTEAQ",
                            "sequence": 2,
                            "id": "a0E25000006je9FEAQ",
                            "name": "Quan Vuong Task 2 Update2"
                        }
                    ],
                    "loneWorkerRisk": true,
                    "notes": "Test",
                    "quantity": 1,
                    "regionId": "a0M25000006HLQDEA4",
                    "supportPlanId": "a0m250000051aAzAAI",
                    "supportPlanName": "SP-0270",
                    "address": {},
                    "duration": 150,
                    "endDate": "2020-08-30",
                    "endTime": 1030,
                    "eventType": "Personal Support",
                    "scheduleId": "a0K25000006kcYMEAY",
                    "startDate": "2020-08-30",
                    "startTime": 800,
                    "createdOnDate": "2020-08-27",
                    "createdOnTime": 1707,
                    "id": "a0G250000052pfTEAQ",
                    "name": "JOB-13369",
                    "objectType": "job"
                },
                {
                    "account": {
                        "phone": "0937867477",
                        "id": "0012500001CuocmAAB",
                        "name": "Quan test Vuong"
                    },
                    "accountId": "0012500001CuocmAAB",
                    "contact": {
                        "accountId": "0012500001CuocmAAB",
                        "birthdate": "1987-10-25",
                        "firstName": "Quan test",
                        "lastName": "Vuong",
                        "phone": "0937867477",
                        "id": "00325000014yUSrAAM",
                        "name": "Quan test Vuong"
                    },
                    "contactId": "00325000014yUSrAAM",
                    "description": "Personal Support for Quan test Vuong",
                    "inheritAccountTasks": true,
                    "isCareTeam": false,
                    "jobAllocationCount": 0,
                    "jobOffers": [],
                    "jobStatus": "Pending Allocation",
                    "jobTags": [
                        {
                            "jobId": "a0G250000052pfUEAQ",
                            "tag": {
                                "id": "a0d2500000AJlPeAAL",
                                "name": "Female"
                            },
                            "tagId": "a0d2500000AJlPeAAL",
                            "id": "a0D2500000645WWEAY",
                            "name": "JT_21",
                            "objectType": "jobTag"
                        }
                    ],
                    "jobTasks": [
                        {
                            "description": "Quan Vuong Task 2 Desc update",
                            "jobId": "a0G250000052pfUEAQ",
                            "sequence": 2,
                            "id": "a0E25000006je9GEAQ",
                            "name": "Quan Vuong Task 2 Update2"
                        }
                    ],
                    "loneWorkerRisk": true,
                    "notes": "Test",
                    "quantity": 1,
                    "regionId": "a0M25000006HLQDEA4",
                    "supportPlanId": "a0m250000051aAzAAI",
                    "supportPlanName": "SP-0270",
                    "address": {},
                    "duration": 150,
                    "endDate": "2020-08-31",
                    "endTime": 1030,
                    "eventType": "Personal Support",
                    "scheduleId": "a0K25000006kcYMEAY",
                    "startDate": "2020-08-31",
                    "startTime": 800,
                    "createdOnDate": "2020-08-27",
                    "createdOnTime": 1707,
                    "id": "a0G250000052pfUEAQ",
                    "name": "JOB-13370",
                    "objectType": "job"
                }
            ],
            "skipHolidays": false,
            "id": "a0K25000006kcYMEAY",
            "name": "RS-0140"
        }
    },
    "errorMessage": "",
    "message": "",
    "success": true,
    "viewData": {
        "patientId": "0012500001CuocmAAB",
        "timezoneSidId": "Europe/London"
    }
}