{
    "data": {
      "jobs": [
        {
          "account": {
            "phone": "0189632145",
            "regionId": "a0M25000006HLQDEA4",
            "id": "0012500001E3gbjAAB",
            "name": "Testy McTest"
          },
          "accountId": "0012500001E3gbjAAB",
          "contact": {
            "accountId": "0012500001E3gbjAAB",
            "birthdate": "1939-09-15",
            "firstName": "Testy",
            "lastName": "McTest",
            "phone": "0189632145",
            "id": "00325000015wWH1AAM",
            "name": "Testy McTest"
          },
          "contactId": "00325000015wWH1AAM",
          "description": "Training related absence for Testy McTest",
          "inheritAccountTasks": true,
          "loneWorkerRisk": false,
          "isCareTeam": false,
          "jobAllocationCount": 0,
          "jobOffers": [],
          "jobStatus": "Pending Allocation",
          "regionId": "a0M25000006HLQDEA4",
          "serviceLocationId": "a0I2500000KzxnhEAB",
          "supportPlanId": "a0m25000004kR3LAAU",
          "supportPlanName": "SP-0008",
          "address": {
            "fullAddress": "Inveralmond House, 200 Dunkeld Road, Perth PH1 3AQ",
            "geometry": {
              "lat": 56.4171662,
              "lng": -3.4639089
            }
          },
          "duration": 405,
          "endDate": "2019-10-09",
          "endTime": 1545,
          "eventType": "Training related absence",
          "scheduleId": "a0K25000006Ns9TEAS",
          "startDate": "2019-10-09",
          "startTime": 900,
          "createdOnDate": "2019-10-08",
          "createdOnTime": 1108,
          "id": "a0G25000004fW4xEAE",
          "name": "JOB-1963",
          "objectType": "job"
        },
        {
          "account": {
            "phone": "0189632145",
            "regionId": "a0M25000006HLQDEA4",
            "id": "0012500001E3gbjAAB",
            "name": "Testy McTest"
          },
          "accountId": "0012500001E3gbjAAB",
          "contact": {
            "accountId": "0012500001E3gbjAAB",
            "birthdate": "1939-09-15",
            "firstName": "Testy",
            "lastName": "McTest",
            "phone": "0189632145",
            "id": "00325000015wWH1AAM",
            "name": "Testy McTest"
          },
          "contactId": "00325000015wWH1AAM",
          "description": "Training related absence for Testy McTest",
          "inheritAccountTasks": true,
          "loneWorkerRisk": false,
          "isCareTeam": false,
          "jobAllocationCount": 0,
          "jobOffers": [],
          "jobStatus": "Pending Allocation",
          "regionId": "a0M25000006HLQDEA4",
          "serviceLocationId": "a0I2500000KzxnhEAB",
          "supportPlanId": "a0m25000004kR3LAAU",
          "supportPlanName": "SP-0008",
          "address": {
            "fullAddress": "Inveralmond House, 200 Dunkeld Road, Perth PH1 3AQ",
            "geometry": {
              "lat": 56.4171662,
              "lng": -3.4639089
            }
          },
          "duration": 405,
          "endDate": "2019-10-17",
          "endTime": 1545,
          "eventType": "Training related absence",
          "scheduleId": "a0K25000006Ns9TEAS",
          "startDate": "2019-10-17",
          "startTime": 900,
          "createdOnDate": "2019-10-08",
          "createdOnTime": 1108,
          "id": "a0G25000004fW4zEAE",
          "name": "JOB-1965",
          "objectType": "job"
        },
        {
          "account": {
            "phone": "0189632145",
            "regionId": "a0M25000006HLQDEA4",
            "id": "0012500001E3gbjAAB",
            "name": "Testy McTest"
          },
          "accountId": "0012500001E3gbjAAB",
          "contact": {
            "accountId": "0012500001E3gbjAAB",
            "birthdate": "1939-09-15",
            "firstName": "Testy",
            "lastName": "McTest",
            "phone": "0189632145",
            "id": "00325000015wWH1AAM",
            "name": "Testy McTest"
          },
          "contactId": "00325000015wWH1AAM",
          "description": "Training related absence for Testy McTest",
          "inheritAccountTasks": true,
          "loneWorkerRisk": false,
          "isCareTeam": false,
          "jobAllocationCount": 0,
          "jobOffers": [],
          "jobStatus": "Pending Allocation",
          "regionId": "a0M25000006HLQDEA4",
          "serviceLocationId": "a0I2500000KzxnhEAB",
          "supportPlanId": "a0m25000004kR3LAAU",
          "supportPlanName": "SP-0008",
          "address": {
            "fullAddress": "Inveralmond House, 200 Dunkeld Road, Perth PH1 3AQ",
            "geometry": {
              "lat": 56.4171662,
              "lng": -3.4639089
            }
          },
          "duration": 405,
          "endDate": "2019-10-21",
          "endTime": 1545,
          "eventType": "Training related absence",
          "scheduleId": "a0K25000006Ns9TEAS",
          "startDate": "2019-10-21",
          "startTime": 900,
          "createdOnDate": "2019-10-08",
          "createdOnTime": 1108,
          "id": "a0G25000004fW50EAE",
          "name": "JOB-1966",
          "objectType": "job"
        },
        {
          "account": {
            "phone": "0189632145",
            "regionId": "a0M25000006HLQDEA4",
            "id": "0012500001E3gbjAAB",
            "name": "Testy McTest"
          },
          "accountId": "0012500001E3gbjAAB",
          "contact": {
            "accountId": "0012500001E3gbjAAB",
            "birthdate": "1939-09-15",
            "firstName": "Testy",
            "lastName": "McTest",
            "phone": "0189632145",
            "id": "00325000015wWH1AAM",
            "name": "Testy McTest"
          },
          "contactId": "00325000015wWH1AAM",
          "description": "Training related absence for Testy McTest",
          "inheritAccountTasks": true,
          "loneWorkerRisk": false,
          "isCareTeam": false,
          "jobAllocationCount": 0,
          "jobOffers": [],
          "jobStatus": "Pending Allocation",
          "regionId": "a0M25000006HLQDEA4",
          "serviceLocationId": "a0I2500000KzxnhEAB",
          "supportPlanId": "a0m25000004kR3LAAU",
          "supportPlanName": "SP-0008",
          "address": {
            "fullAddress": "Inveralmond House, 200 Dunkeld Road, Perth PH1 3AQ",
            "geometry": {
              "lat": 56.4171662,
              "lng": -3.4639089
            }
          },
          "duration": 405,
          "endDate": "2019-10-30",
          "endTime": 1545,
          "eventType": "Training related absence",
          "scheduleId": "a0K25000006Ns9TEAS",
          "startDate": "2019-10-30",
          "startTime": 900,
          "createdOnDate": "2019-10-08",
          "createdOnTime": 1108,
          "id": "a0G25000004fW4yEAE",
          "name": "JOB-1964",
          "objectType": "job"
        }
      ]
    },
    "errorMessage": "",
    "message": "",
    "success": true,
    "viewData": {
      "patientId": "0012500001E3gbjAAB",
      "regionId": "a0M25000006HLQDEA4",
      "timezoneSidId": "Europe/London"
    }
  }