{
  "data": {
    "exceptions": [
      {
        "exceptionCode": "Missing Location.",
        "job": {
          "account": {
            "id": "0012500001CuocmAAB",
            "name": "Quan test Vuong"
          },
          "accountId": "0012500001CuocmAAB",
          "contactId": "00325000014yUSrAAM",
          "description": "Personal Support for Quan Vuong",
          "inheritAccountTasks": true,
          "isCareTeam": false,
          "jobAllocationCount": 0.0,
          "jobStatus": "Pending Allocation",
          "loneWorkerRisk": false,
          "regionId": "a0M25000006HLQDEA4",
          "supportPlanId": "a0m25000004kkTIAAY",
          "supportPlanName": "SP-0066",
          "address": {},
          "duration": 60.0,
          "endDate": "2020-01-26",
          "endTime": 1500,
          "eventType": "Personal Support",
          "scheduleId": "a0K25000006NrkJEAS",
          "startDate": "2020-01-26",
          "startTime": 1400,
          "uniqueKey": "2020-01-26_1400",
          "createdOnDate": "2019-10-04",
          "createdOnTime": 719,
          "id": "a0G25000004fVP2EAM",
          "name": "JOB-1534",
          "objectType": "job"
        },
        "patientName": "Quan test Vuong",
        "createdOnDate": "2019-10-29",
        "createdOnTime": 730,
        "id": "a0h25000003v7B3AAI",
        "name": "EX-8811"
      },
      {
        "exceptionCode": "Missing Location.",
        "job": {
          "account": {
            "id": "0012500001CuocmAAB",
            "name": "Quan test Vuong"
          },
          "accountId": "0012500001CuocmAAB",
          "contactId": "00325000014yUSrAAM",
          "description": "Personal Support for Quan Vuong",
          "inheritAccountTasks": true,
          "isCareTeam": false,
          "jobAllocationCount": 0.0,
          "jobStatus": "Pending Allocation",
          "loneWorkerRisk": false,
          "regionId": "a0M25000006HLQDEA4",
          "supportPlanId": "a0m25000004kkTIAAY",
          "supportPlanName": "SP-0066",
          "address": {},
          "duration": 60.0,
          "endDate": "2020-02-02",
          "endTime": 1500,
          "eventType": "Personal Support",
          "scheduleId": "a0K25000006NrkJEAS",
          "startDate": "2020-02-02",
          "startTime": 1400,
          "uniqueKey": "2020-02-02_1400",
          "createdOnDate": "2019-10-04",
          "createdOnTime": 719,
          "id": "a0G25000004fVP3EAM",
          "name": "JOB-1535",
          "objectType": "job"
        },
        "patientName": "Quan test Vuong",
        "createdOnDate": "2019-10-29",
        "createdOnTime": 730,
        "id": "a0h25000003v7B4AAI",
        "name": "EX-8812"
      },
      {
        "exceptionCode": "Missing Location.",
        "job": {
          "account": {
            "id": "0012500001CuocmAAB",
            "name": "Quan test Vuong"
          },
          "accountId": "0012500001CuocmAAB",
          "contactId": "00325000014yUSrAAM",
          "description": "Personal Support for Quan Vuong",
          "inheritAccountTasks": true,
          "isCareTeam": false,
          "jobAllocationCount": 0.0,
          "jobStatus": "Pending Allocation",
          "loneWorkerRisk": false,
          "regionId": "a0M25000006HLQDEA4",
          "supportPlanId": "a0m25000004kkTIAAY",
          "supportPlanName": "SP-0066",
          "address": {},
          "duration": 60.0,
          "endDate": "2020-02-09",
          "endTime": 1500,
          "eventType": "Personal Support",
          "scheduleId": "a0K25000006NrkJEAS",
          "startDate": "2020-02-09",
          "startTime": 1400,
          "uniqueKey": "2020-02-09_1400",
          "createdOnDate": "2019-10-04",
          "createdOnTime": 719,
          "id": "a0G25000004fVP4EAM",
          "name": "JOB-1536",
          "objectType": "job"
        },
        "patientName": "Quan test Vuong",
        "createdOnDate": "2019-10-29",
        "createdOnTime": 730,
        "id": "a0h25000003v7B5AAI",
        "name": "EX-8813"
      },
      {
        "exceptionCode": "Missing Location.",
        "job": {
          "account": {
            "id": "0012500001CuocmAAB",
            "name": "Quan test Vuong"
          },
          "accountId": "0012500001CuocmAAB",
          "contactId": "00325000014yUSrAAM",
          "description": "Personal Support for Quan Vuong",
          "inheritAccountTasks": true,
          "isCareTeam": false,
          "jobAllocationCount": 0.0,
          "jobStatus": "Pending Allocation",
          "loneWorkerRisk": false,
          "regionId": "a0M25000006HLQDEA4",
          "supportPlanId": "a0m25000004kkTIAAY",
          "supportPlanName": "SP-0066",
          "address": {},
          "duration": 60.0,
          "endDate": "2020-02-16",
          "endTime": 1500,
          "eventType": "Personal Support",
          "scheduleId": "a0K25000006NrkJEAS",
          "startDate": "2020-02-16",
          "startTime": 1400,
          "uniqueKey": "2020-02-16_1400",
          "createdOnDate": "2019-10-04",
          "createdOnTime": 719,
          "id": "a0G25000004fVP5EAM",
          "name": "JOB-1537",
          "objectType": "job"
        },
        "patientName": "Quan test Vuong",
        "createdOnDate": "2019-10-29",
        "createdOnTime": 730,
        "id": "a0h25000003v7B6AAI",
        "name": "EX-8814"
      },
      {
        "exceptionCode": "Missing Location.",
        "job": {
          "account": {
            "id": "0012500001CuocmAAB",
            "name": "Quan test Vuong"
          },
          "accountId": "0012500001CuocmAAB",
          "contactId": "00325000014yUSrAAM",
          "description": "Personal Support for Quan Vuong",
          "inheritAccountTasks": true,
          "isCareTeam": false,
          "jobAllocationCount": 0.0,
          "jobStatus": "Pending Allocation",
          "loneWorkerRisk": false,
          "regionId": "a0M25000006HLQDEA4",
          "supportPlanId": "a0m25000004kkTIAAY",
          "supportPlanName": "SP-0066",
          "address": {},
          "duration": 60.0,
          "endDate": "2020-02-23",
          "endTime": 1500,
          "eventType": "Personal Support",
          "scheduleId": "a0K25000006NrkJEAS",
          "startDate": "2020-02-23",
          "startTime": 1400,
          "uniqueKey": "2020-02-23_1400",
          "createdOnDate": "2019-10-04",
          "createdOnTime": 719,
          "id": "a0G25000004fVP6EAM",
          "name": "JOB-1538",
          "objectType": "job"
        },
        "patientName": "Quan test Vuong",
        "createdOnDate": "2019-10-29",
        "createdOnTime": 730,
        "id": "a0h25000003v7B7AAI",
        "name": "EX-8815"
      },
      {
        "exceptionCode": "Missing Location.",
        "job": {
          "account": {
            "id": "0012500001CuocmAAB",
            "name": "Quan test Vuong"
          },
          "accountId": "0012500001CuocmAAB",
          "contactId": "00325000014yUSrAAM",
          "description": "Personal Support for Quan Vuong",
          "inheritAccountTasks": true,
          "isCareTeam": false,
          "jobAllocationCount": 0.0,
          "jobStatus": "Pending Allocation",
          "loneWorkerRisk": false,
          "regionId": "a0M25000006HLQDEA4",
          "supportPlanId": "a0m25000004kkTIAAY",
          "supportPlanName": "SP-0066",
          "address": {},
          "duration": 60.0,
          "endDate": "2020-03-01",
          "endTime": 1500,
          "eventType": "Personal Support",
          "scheduleId": "a0K25000006NrkJEAS",
          "startDate": "2020-03-01",
          "startTime": 1400,
          "uniqueKey": "2020-03-01_1400",
          "createdOnDate": "2019-10-04",
          "createdOnTime": 719,
          "id": "a0G25000004fVP7EAM",
          "name": "JOB-1539",
          "objectType": "job"
        },
        "patientName": "Quan test Vuong",
        "createdOnDate": "2019-10-29",
        "createdOnTime": 730,
        "id": "a0h25000003v7B8AAI",
        "name": "EX-8816"
      },
      {
        "exceptionCode": "Missing Location.",
        "job": {
          "account": {
            "id": "0012500001CuocmAAB",
            "name": "Quan test Vuong"
          },
          "accountId": "0012500001CuocmAAB",
          "contactId": "00325000014yUSrAAM",
          "description": "Personal Support for Quan Vuong",
          "inheritAccountTasks": true,
          "isCareTeam": false,
          "jobAllocationCount": 0.0,
          "jobStatus": "Pending Allocation",
          "loneWorkerRisk": false,
          "regionId": "a0M25000006HLQDEA4",
          "supportPlanId": "a0m25000004kkTIAAY",
          "supportPlanName": "SP-0066",
          "address": {},
          "duration": 60.0,
          "endDate": "2020-03-08",
          "endTime": 1500,
          "eventType": "Personal Support",
          "scheduleId": "a0K25000006NrkJEAS",
          "startDate": "2020-03-08",
          "startTime": 1400,
          "uniqueKey": "2020-03-08_1400",
          "createdOnDate": "2019-10-04",
          "createdOnTime": 719,
          "id": "a0G25000004fVP8EAM",
          "name": "JOB-1540",
          "objectType": "job"
        },
        "patientName": "Quan test Vuong",
        "createdOnDate": "2019-10-29",
        "createdOnTime": 730,
        "id": "a0h25000003v7B9AAI",
        "name": "EX-8817"
      },
      {
        "exceptionCode": "Missing Location.",
        "job": {
          "account": {
            "id": "0012500001CuocmAAB",
            "name": "Quan test Vuong"
          },
          "accountId": "0012500001CuocmAAB",
          "contactId": "00325000014yUSrAAM",
          "description": "Personal Support for Quan Vuong",
          "inheritAccountTasks": true,
          "isCareTeam": false,
          "jobAllocationCount": 0.0,
          "jobStatus": "Pending Allocation",
          "loneWorkerRisk": false,
          "regionId": "a0M25000006HLQDEA4",
          "supportPlanId": "a0m25000004kkTIAAY",
          "supportPlanName": "SP-0066",
          "address": {},
          "duration": 60.0,
          "endDate": "2020-03-15",
          "endTime": 1500,
          "eventType": "Personal Support",
          "scheduleId": "a0K25000006NrkJEAS",
          "startDate": "2020-03-15",
          "startTime": 1400,
          "uniqueKey": "2020-03-15_1400",
          "createdOnDate": "2019-10-04",
          "createdOnTime": 719,
          "id": "a0G25000004fVP9EAM",
          "name": "JOB-1541",
          "objectType": "job"
        },
        "patientName": "Quan test Vuong",
        "createdOnDate": "2019-10-29",
        "createdOnTime": 730,
        "id": "a0h25000003v7BAAAY",
        "name": "EX-8818"
      },
      {
        "exceptionCode": "Missing Location.",
        "job": {
          "account": {
            "id": "0012500001CuocmAAB",
            "name": "Quan test Vuong"
          },
          "accountId": "0012500001CuocmAAB",
          "contactId": "00325000014yUSrAAM",
          "description": "Personal Support for Quan Vuong",
          "inheritAccountTasks": true,
          "isCareTeam": false,
          "jobAllocationCount": 0.0,
          "jobStatus": "Pending Allocation",
          "loneWorkerRisk": false,
          "regionId": "a0M25000006HLQDEA4",
          "supportPlanId": "a0m25000004kkTIAAY",
          "supportPlanName": "SP-0066",
          "address": {},
          "duration": 60.0,
          "endDate": "2020-03-22",
          "endTime": 1500,
          "eventType": "Personal Support",
          "scheduleId": "a0K25000006NrkJEAS",
          "startDate": "2020-03-22",
          "startTime": 1400,
          "uniqueKey": "2020-03-22_1400",
          "createdOnDate": "2019-10-04",
          "createdOnTime": 719,
          "id": "a0G25000004fVPAEA2",
          "name": "JOB-1542",
          "objectType": "job"
        },
        "patientName": "Quan test Vuong",
        "createdOnDate": "2019-10-29",
        "createdOnTime": 730,
        "id": "a0h25000003v7BBAAY",
        "name": "EX-8819"
      },
      {
        "exceptionCode": "Missing Location.",
        "job": {
          "account": {
            "id": "0012500001CuocmAAB",
            "name": "Quan test Vuong"
          },
          "accountId": "0012500001CuocmAAB",
          "contactId": "00325000014yUSrAAM",
          "description": "Personal Support for Quan Vuong",
          "inheritAccountTasks": true,
          "isCareTeam": false,
          "jobAllocationCount": 0.0,
          "jobStatus": "Pending Allocation",
          "loneWorkerRisk": false,
          "regionId": "a0M25000006HLQDEA4",
          "supportPlanId": "a0m25000004kkTIAAY",
          "supportPlanName": "SP-0066",
          "address": {},
          "duration": 60.0,
          "endDate": "2020-03-29",
          "endTime": 1500,
          "eventType": "Personal Support",
          "scheduleId": "a0K25000006NrkJEAS",
          "startDate": "2020-03-29",
          "startTime": 1400,
          "uniqueKey": "2020-03-29_1400",
          "createdOnDate": "2019-10-04",
          "createdOnTime": 719,
          "id": "a0G25000004fVPBEA2",
          "name": "JOB-1543",
          "objectType": "job"
        },
        "patientName": "Quan test Vuong",
        "createdOnDate": "2019-10-29",
        "createdOnTime": 730,
        "id": "a0h25000003v7BCAAY",
        "name": "EX-8820"
      },
      {
        "exceptionCode": "Missing Location.",
        "job": {
          "account": {
            "id": "0012500001CuocmAAB",
            "name": "Quan test Vuong"
          },
          "accountId": "0012500001CuocmAAB",
          "contactId": "00325000014yUSrAAM",
          "description": "Personal Support for Quan Vuong",
          "inheritAccountTasks": true,
          "isCareTeam": false,
          "jobAllocationCount": 0.0,
          "jobStatus": "Pending Allocation",
          "loneWorkerRisk": false,
          "regionId": "a0M25000006HLQDEA4",
          "supportPlanId": "a0m25000004kkTIAAY",
          "supportPlanName": "SP-0066",
          "address": {},
          "duration": 60.0,
          "endDate": "2020-04-05",
          "endTime": 1500,
          "eventType": "Personal Support",
          "scheduleId": "a0K25000006NrkJEAS",
          "startDate": "2020-04-05",
          "startTime": 1400,
          "uniqueKey": "2020-04-05_1400",
          "createdOnDate": "2019-10-04",
          "createdOnTime": 719,
          "id": "a0G25000004fVPCEA2",
          "name": "JOB-1544",
          "objectType": "job"
        },
        "patientName": "Quan test Vuong",
        "createdOnDate": "2019-10-29",
        "createdOnTime": 730,
        "id": "a0h25000003v7BDAAY",
        "name": "EX-8821"
      },
      {
        "exceptionCode": "Missing Location.",
        "job": {
          "account": {
            "id": "0012500001CuocmAAB",
            "name": "Quan test Vuong"
          },
          "accountId": "0012500001CuocmAAB",
          "contactId": "00325000014yUSrAAM",
          "description": "Personal Support for Quan Vuong",
          "inheritAccountTasks": true,
          "isCareTeam": false,
          "jobAllocationCount": 0.0,
          "jobStatus": "Pending Allocation",
          "loneWorkerRisk": false,
          "regionId": "a0M25000006HLQDEA4",
          "supportPlanId": "a0m25000004kkTIAAY",
          "supportPlanName": "SP-0066",
          "address": {},
          "duration": 60.0,
          "endDate": "2020-04-12",
          "endTime": 1500,
          "eventType": "Personal Support",
          "scheduleId": "a0K25000006NrkJEAS",
          "startDate": "2020-04-12",
          "startTime": 1400,
          "uniqueKey": "2020-04-12_1400",
          "createdOnDate": "2019-10-04",
          "createdOnTime": 719,
          "id": "a0G25000004fVPDEA2",
          "name": "JOB-1545",
          "objectType": "job"
        },
        "patientName": "Quan test Vuong",
        "createdOnDate": "2019-10-29",
        "createdOnTime": 730,
        "id": "a0h25000003v7BEAAY",
        "name": "EX-8822"
      },
      {
        "exceptionCode": "Missing Location.",
        "job": {
          "account": {
            "id": "0012500001CuocmAAB",
            "name": "Quan test Vuong"
          },
          "accountId": "0012500001CuocmAAB",
          "contactId": "00325000014yUSrAAM",
          "description": "Personal Support for Quan Vuong",
          "inheritAccountTasks": true,
          "isCareTeam": false,
          "jobAllocationCount": 0.0,
          "jobStatus": "Pending Allocation",
          "loneWorkerRisk": false,
          "regionId": "a0M25000006HLQDEA4",
          "supportPlanId": "a0m25000004kkTIAAY",
          "supportPlanName": "SP-0066",
          "address": {},
          "duration": 60.0,
          "endDate": "2020-04-19",
          "endTime": 1500,
          "eventType": "Personal Support",
          "scheduleId": "a0K25000006NrkJEAS",
          "startDate": "2020-04-19",
          "startTime": 1400,
          "uniqueKey": "2020-04-19_1400",
          "createdOnDate": "2019-10-04",
          "createdOnTime": 719,
          "id": "a0G25000004fVPEEA2",
          "name": "JOB-1546",
          "objectType": "job"
        },
        "patientName": "Quan test Vuong",
        "createdOnDate": "2019-10-29",
        "createdOnTime": 730,
        "id": "a0h25000003v7BFAAY",
        "name": "EX-8823"
      },
      {
        "exceptionCode": "Missing Location.",
        "job": {
          "account": {
            "id": "0012500001CuocmAAB",
            "name": "Quan test Vuong"
          },
          "accountId": "0012500001CuocmAAB",
          "contactId": "00325000014yUSrAAM",
          "description": "Personal Support for Quan Vuong",
          "inheritAccountTasks": true,
          "isCareTeam": false,
          "jobAllocationCount": 0.0,
          "jobStatus": "Pending Allocation",
          "loneWorkerRisk": false,
          "regionId": "a0M25000006HLQDEA4",
          "supportPlanId": "a0m25000004kkTIAAY",
          "supportPlanName": "SP-0066",
          "address": {},
          "duration": 60.0,
          "endDate": "2020-04-26",
          "endTime": 1500,
          "eventType": "Personal Support",
          "scheduleId": "a0K25000006NrkJEAS",
          "startDate": "2020-04-26",
          "startTime": 1400,
          "uniqueKey": "2020-04-26_1400",
          "createdOnDate": "2019-10-04",
          "createdOnTime": 719,
          "id": "a0G25000004fVPFEA2",
          "name": "JOB-1547",
          "objectType": "job"
        },
        "patientName": "Quan test Vuong",
        "createdOnDate": "2019-10-29",
        "createdOnTime": 730,
        "id": "a0h25000003v7BGAAY",
        "name": "EX-8824"
      },
      {
        "exceptionCode": "Missing Location.",
        "job": {
          "account": {
            "id": "0012500001CuocmAAB",
            "name": "Quan test Vuong"
          },
          "accountId": "0012500001CuocmAAB",
          "contactId": "00325000014yUSrAAM",
          "description": "Personal Support for Quan Vuong",
          "inheritAccountTasks": true,
          "isCareTeam": false,
          "jobAllocationCount": 0.0,
          "jobStatus": "Pending Allocation",
          "loneWorkerRisk": false,
          "regionId": "a0M25000006HLQDEA4",
          "supportPlanId": "a0m25000004kkTIAAY",
          "supportPlanName": "SP-0066",
          "address": {},
          "duration": 60.0,
          "endDate": "2020-05-03",
          "endTime": 1500,
          "eventType": "Personal Support",
          "scheduleId": "a0K25000006NrkJEAS",
          "startDate": "2020-05-03",
          "startTime": 1400,
          "uniqueKey": "2020-05-03_1400",
          "createdOnDate": "2019-10-04",
          "createdOnTime": 719,
          "id": "a0G25000004fVPGEA2",
          "name": "JOB-1548",
          "objectType": "job"
        },
        "patientName": "Quan test Vuong",
        "createdOnDate": "2019-10-29",
        "createdOnTime": 730,
        "id": "a0h25000003v7BHAAY",
        "name": "EX-8825"
      },
      {
        "exceptionCode": "Missing Location.",
        "job": {
          "account": {
            "id": "0012500001CuocmAAB",
            "name": "Quan test Vuong"
          },
          "accountId": "0012500001CuocmAAB",
          "contactId": "00325000014yUSrAAM",
          "description": "Personal Support for Quan Vuong",
          "inheritAccountTasks": true,
          "isCareTeam": false,
          "jobAllocationCount": 0.0,
          "jobStatus": "Pending Allocation",
          "loneWorkerRisk": false,
          "regionId": "a0M25000006HLQDEA4",
          "supportPlanId": "a0m25000004kkTIAAY",
          "supportPlanName": "SP-0066",
          "address": {},
          "duration": 60.0,
          "endDate": "2020-05-10",
          "endTime": 1500,
          "eventType": "Personal Support",
          "scheduleId": "a0K25000006NrkJEAS",
          "startDate": "2020-05-10",
          "startTime": 1400,
          "uniqueKey": "2020-05-10_1400",
          "createdOnDate": "2019-10-04",
          "createdOnTime": 719,
          "id": "a0G25000004fVPHEA2",
          "name": "JOB-1549",
          "objectType": "job"
        },
        "patientName": "Quan test Vuong",
        "createdOnDate": "2019-10-29",
        "createdOnTime": 730,
        "id": "a0h25000003v7BIAAY",
        "name": "EX-8826"
      },
      {
        "exceptionCode": "Missing Location.",
        "job": {
          "account": {
            "id": "0012500001CuocmAAB",
            "name": "Quan test Vuong"
          },
          "accountId": "0012500001CuocmAAB",
          "contactId": "00325000014yUSrAAM",
          "description": "Personal Support for Quan Vuong",
          "inheritAccountTasks": true,
          "isCareTeam": false,
          "jobAllocationCount": 0.0,
          "jobStatus": "Pending Allocation",
          "loneWorkerRisk": false,
          "regionId": "a0M25000006HLQDEA4",
          "supportPlanId": "a0m25000004kkTIAAY",
          "supportPlanName": "SP-0066",
          "address": {},
          "duration": 60.0,
          "endDate": "2020-05-17",
          "endTime": 1500,
          "eventType": "Personal Support",
          "scheduleId": "a0K25000006NrkJEAS",
          "startDate": "2020-05-17",
          "startTime": 1400,
          "uniqueKey": "2020-05-17_1400",
          "createdOnDate": "2019-10-04",
          "createdOnTime": 719,
          "id": "a0G25000004fVPIEA2",
          "name": "JOB-1550",
          "objectType": "job"
        },
        "patientName": "Quan test Vuong",
        "createdOnDate": "2019-10-29",
        "createdOnTime": 730,
        "id": "a0h25000003v7BJAAY",
        "name": "EX-8827"
      },
      {
        "exceptionCode": "Missing Location.",
        "job": {
          "account": {
            "id": "0012500001CuocmAAB",
            "name": "Quan test Vuong"
          },
          "accountId": "0012500001CuocmAAB",
          "contactId": "00325000014yUSrAAM",
          "description": "Personal Support for Quan Vuong",
          "inheritAccountTasks": true,
          "isCareTeam": false,
          "jobAllocationCount": 0.0,
          "jobStatus": "Pending Allocation",
          "loneWorkerRisk": false,
          "regionId": "a0M25000006HLQDEA4",
          "supportPlanId": "a0m25000004kkTIAAY",
          "supportPlanName": "SP-0066",
          "address": {},
          "duration": 60.0,
          "endDate": "2020-05-24",
          "endTime": 1500,
          "eventType": "Personal Support",
          "scheduleId": "a0K25000006NrkJEAS",
          "startDate": "2020-05-24",
          "startTime": 1400,
          "uniqueKey": "2020-05-24_1400",
          "createdOnDate": "2019-10-04",
          "createdOnTime": 719,
          "id": "a0G25000004fVPJEA2",
          "name": "JOB-1551",
          "objectType": "job"
        },
        "patientName": "Quan test Vuong",
        "createdOnDate": "2019-10-29",
        "createdOnTime": 730,
        "id": "a0h25000003v7BKAAY",
        "name": "EX-8828"
      },
      {
        "exceptionCode": "Missing Location.",
        "job": {
          "account": {
            "id": "0012500001CuocmAAB",
            "name": "Quan test Vuong"
          },
          "accountId": "0012500001CuocmAAB",
          "contactId": "00325000014yUSrAAM",
          "description": "Personal Support for Quan Vuong",
          "inheritAccountTasks": true,
          "isCareTeam": false,
          "jobAllocationCount": 0.0,
          "jobStatus": "Pending Allocation",
          "loneWorkerRisk": false,
          "regionId": "a0M25000006HLQDEA4",
          "supportPlanId": "a0m25000004kkTIAAY",
          "supportPlanName": "SP-0066",
          "address": {},
          "duration": 60.0,
          "endDate": "2020-05-31",
          "endTime": 1500,
          "eventType": "Personal Support",
          "scheduleId": "a0K25000006NrkJEAS",
          "startDate": "2020-05-31",
          "startTime": 1400,
          "uniqueKey": "2020-05-31_1400",
          "createdOnDate": "2019-10-04",
          "createdOnTime": 719,
          "id": "a0G25000004fVPKEA2",
          "name": "JOB-1552",
          "objectType": "job"
        },
        "patientName": "Quan test Vuong",
        "createdOnDate": "2019-10-29",
        "createdOnTime": 730,
        "id": "a0h25000003v7BLAAY",
        "name": "EX-8829"
      },
      {
        "exceptionCode": "Missing Location.",
        "job": {
          "account": {
            "id": "0012500001CuocmAAB",
            "name": "Quan test Vuong"
          },
          "accountId": "0012500001CuocmAAB",
          "contactId": "00325000014yUSrAAM",
          "description": "Personal Support for Quan Vuong",
          "inheritAccountTasks": true,
          "isCareTeam": false,
          "jobAllocationCount": 0.0,
          "jobStatus": "Pending Allocation",
          "loneWorkerRisk": false,
          "regionId": "a0M25000006HLQDEA4",
          "supportPlanId": "a0m25000004kkTIAAY",
          "supportPlanName": "SP-0066",
          "address": {},
          "duration": 60.0,
          "endDate": "2020-06-07",
          "endTime": 1500,
          "eventType": "Personal Support",
          "scheduleId": "a0K25000006NrkJEAS",
          "startDate": "2020-06-07",
          "startTime": 1400,
          "uniqueKey": "2020-06-07_1400",
          "createdOnDate": "2019-10-04",
          "createdOnTime": 719,
          "id": "a0G25000004fVPLEA2",
          "name": "JOB-1553",
          "objectType": "job"
        },
        "patientName": "Quan test Vuong",
        "createdOnDate": "2019-10-29",
        "createdOnTime": 730,
        "id": "a0h25000003v7BMAAY",
        "name": "EX-8830"
      },
      {
        "exceptionCode": "Missing Location.",
        "job": {
          "account": {
            "id": "0012500001CuocmAAB",
            "name": "Quan test Vuong"
          },
          "accountId": "0012500001CuocmAAB",
          "contactId": "00325000014yUSrAAM",
          "description": "Personal Support for Quan Vuong",
          "inheritAccountTasks": true,
          "isCareTeam": false,
          "jobAllocationCount": 0.0,
          "jobStatus": "Pending Allocation",
          "loneWorkerRisk": false,
          "regionId": "a0M25000006HLQDEA4",
          "supportPlanId": "a0m25000004kkTIAAY",
          "supportPlanName": "SP-0066",
          "address": {},
          "duration": 60.0,
          "endDate": "2020-06-14",
          "endTime": 1500,
          "eventType": "Personal Support",
          "scheduleId": "a0K25000006NrkJEAS",
          "startDate": "2020-06-14",
          "startTime": 1400,
          "uniqueKey": "2020-06-14_1400",
          "createdOnDate": "2019-10-04",
          "createdOnTime": 719,
          "id": "a0G25000004fVPMEA2",
          "name": "JOB-1554",
          "objectType": "job"
        },
        "patientName": "Quan test Vuong",
        "createdOnDate": "2019-10-29",
        "createdOnTime": 730,
        "id": "a0h25000003v7BNAAY",
        "name": "EX-8831"
      },
      {
        "exceptionCode": "Missing Location.",
        "job": {
          "account": {
            "id": "0012500001CuocmAAB",
            "name": "Quan test Vuong"
          },
          "accountId": "0012500001CuocmAAB",
          "contactId": "00325000014yUSrAAM",
          "description": "Personal Support for Quan Vuong",
          "inheritAccountTasks": true,
          "isCareTeam": false,
          "jobAllocationCount": 0.0,
          "jobStatus": "Pending Allocation",
          "loneWorkerRisk": false,
          "regionId": "a0M25000006HLQDEA4",
          "supportPlanId": "a0m25000004kkTIAAY",
          "supportPlanName": "SP-0066",
          "address": {},
          "duration": 60.0,
          "endDate": "2020-06-21",
          "endTime": 1500,
          "eventType": "Personal Support",
          "scheduleId": "a0K25000006NrkJEAS",
          "startDate": "2020-06-21",
          "startTime": 1400,
          "uniqueKey": "2020-06-21_1400",
          "createdOnDate": "2019-10-04",
          "createdOnTime": 719,
          "id": "a0G25000004fVPNEA2",
          "name": "JOB-1555",
          "objectType": "job"
        },
        "patientName": "Quan test Vuong",
        "createdOnDate": "2019-10-29",
        "createdOnTime": 730,
        "id": "a0h25000003v7BOAAY",
        "name": "EX-8832"
      },
      {
        "exceptionCode": "Missing Location.",
        "job": {
          "account": {
            "id": "0012500001CuocmAAB",
            "name": "Quan test Vuong"
          },
          "accountId": "0012500001CuocmAAB",
          "contactId": "00325000014yUSrAAM",
          "description": "Personal Support for Quan Vuong",
          "inheritAccountTasks": true,
          "isCareTeam": false,
          "jobAllocationCount": 0.0,
          "jobStatus": "Pending Allocation",
          "loneWorkerRisk": false,
          "regionId": "a0M25000006HLQDEA4",
          "supportPlanId": "a0m25000004kkTIAAY",
          "supportPlanName": "SP-0066",
          "address": {},
          "duration": 60.0,
          "endDate": "2020-06-28",
          "endTime": 1500,
          "eventType": "Personal Support",
          "scheduleId": "a0K25000006NrkJEAS",
          "startDate": "2020-06-28",
          "startTime": 1400,
          "uniqueKey": "2020-06-28_1400",
          "createdOnDate": "2019-10-04",
          "createdOnTime": 719,
          "id": "a0G25000004fVPOEA2",
          "name": "JOB-1556",
          "objectType": "job"
        },
        "patientName": "Quan test Vuong",
        "createdOnDate": "2019-10-29",
        "createdOnTime": 730,
        "id": "a0h25000003v7BPAAY",
        "name": "EX-8833"
      },
      {
        "exceptionCode": "Missing Location.",
        "job": {
          "account": {
            "id": "0012500001CuocmAAB",
            "name": "Quan test Vuong"
          },
          "accountId": "0012500001CuocmAAB",
          "contactId": "00325000014yUSrAAM",
          "description": "Personal Support for Quan Vuong",
          "inheritAccountTasks": true,
          "isCareTeam": false,
          "jobAllocationCount": 0.0,
          "jobStatus": "Pending Allocation",
          "loneWorkerRisk": false,
          "regionId": "a0M25000006HLQDEA4",
          "supportPlanId": "a0m25000004kkTIAAY",
          "supportPlanName": "SP-0066",
          "address": {},
          "duration": 60.0,
          "endDate": "2020-07-05",
          "endTime": 1500,
          "eventType": "Personal Support",
          "scheduleId": "a0K25000006NrkJEAS",
          "startDate": "2020-07-05",
          "startTime": 1400,
          "uniqueKey": "2020-07-05_1400",
          "createdOnDate": "2019-10-04",
          "createdOnTime": 719,
          "id": "a0G25000004fVPPEA2",
          "name": "JOB-1557",
          "objectType": "job"
        },
        "patientName": "Quan test Vuong",
        "createdOnDate": "2019-10-29",
        "createdOnTime": 730,
        "id": "a0h25000003v7BQAAY",
        "name": "EX-8834"
      },
      {
        "exceptionCode": "Missing Location.",
        "job": {
          "account": {
            "id": "0012500001CuocmAAB",
            "name": "Quan test Vuong"
          },
          "accountId": "0012500001CuocmAAB",
          "contactId": "00325000014yUSrAAM",
          "description": "Personal Support for Quan Vuong",
          "inheritAccountTasks": true,
          "isCareTeam": false,
          "jobAllocationCount": 0.0,
          "jobStatus": "Pending Allocation",
          "loneWorkerRisk": false,
          "regionId": "a0M25000006HLQDEA4",
          "supportPlanId": "a0m25000004kkTIAAY",
          "supportPlanName": "SP-0066",
          "address": {},
          "duration": 60.0,
          "endDate": "2020-07-12",
          "endTime": 1500,
          "eventType": "Personal Support",
          "scheduleId": "a0K25000006NrkJEAS",
          "startDate": "2020-07-12",
          "startTime": 1400,
          "uniqueKey": "2020-07-12_1400",
          "createdOnDate": "2019-10-04",
          "createdOnTime": 719,
          "id": "a0G25000004fVPQEA2",
          "name": "JOB-1558",
          "objectType": "job"
        },
        "patientName": "Quan test Vuong",
        "createdOnDate": "2019-10-29",
        "createdOnTime": 730,
        "id": "a0h25000003v7BRAAY",
        "name": "EX-8835"
      }
    ],
    "totalPages": 53,
    "totalRecords": 1322
  },
  "errorMessage": "",
  "message": "",
  "success": true,
  "viewData": {
    "patientId": "0012500001CuocmAAB",
    "timezoneSidId": "Europe/London"
  }
}
