 {
      "data": {
        "clientEvents": [
          {
            "allEvents": [
              {
                "duration": 20160,
                "endDate": "2019-10-02",
                "endTime": 0,
                "finish": 1535871600000,
                "start": 1534662000000,
                "startDate": "2019-10-19",
                "startTime": 0,
                "objectType": "non-working"
              },
              {
                "duration": 120,
                "endDate": "2019-10-23",
                "endTime": 1200,
                "finish": 1535050800000,
                "start": 1535043600000,
                "startDate": "2019-10-23",
                "startTime": 1000,
                "id": "a1K1r00000549fTEAQ",
                "name": "JOB-1885",
                "objectType": "group-event-job"
              }
            ],
            "photoUrl": "/services/images/photo/0011r00001owPkHAAU",
            "id": "0011r00001owPkHAAU",
            "name": "Alex Client"
          }
        ],
        "timezone": "PDT",
        "today": "2019-10-22"
      },
      "errorMessage": "",
      "message": "",
      "success": true,
      "viewData": {
        "timezoneSidId": "America/Los_Angeles"
      }
    }