{
      "data": {
        "abortReasons": [
          "Customer no show",
          "Cancelled by customer",
          "Appointment missed"
        ],
        "resourceCategories": [
          "Customer Service",
          "Installation Technician",
          "Electrician"
        ],
        "jobCancellationReasons": [
          "Reason 1"
        ],
        "jobTypes": [
          "Personal Support",
          "Housing Support",
          "Assessment",
          "Review",
          "Telecare Visit",
          "Outcome Review",
          "Responder Visit",
          "Service Related",
          "Home Help"
        ],
        "holidays": [
          {
            "endDate": "2019-11-18",
            "isGlobal": false,
            "startDate": "2019-11-18",
            "id": "a082500000Gg9gkAAB",
            "name": "Holiday 18/11/2019"
          },
          {
            "endDate": "2019-11-18",
            "isGlobal": false,
            "regionId": "a0M25000006HLQDEA4",
            "startDate": "2019-11-18",
            "id": "a0725000008aEizAAE",
            "name": "Holiday 18/11/2019"
          }
        ],
        "regions": [
          {
            "timezoneSidId": "Europe/London",
            "id": "a0M25000006HLRJEA4",
            "name": "Rosewell House"
          },
          {
            "timezoneSidId": "Europe/London",
            "id": "a0M25000006HLRKEA4",
            "name": "Balnagask house"
          },
          {
            "timezoneSidId": "Europe/London",
            "id": "a0M25000006HLRLEA4",
            "name": "Fergus House"
          },
          {
            "timezoneSidId": "Europe/London",
            "id": "a0M25000006HLRMEA4",
            "name": "Kingswells Care Home"
          },
          {
            "timezoneSidId": "Europe/London",
            "id": "a0M25000006HLRNEA4",
            "name": "Denmore Court"
          },
          {
            "timezoneSidId": "Europe/London",
            "id": "a0M25000006HLROEA4",
            "name": "Kingswood Court"
          },
          {
            "timezoneSidId": "Europe/London",
            "id": "a0M25000006HLRPEA4",
            "name": "Coronation Court"
          },
          {
            "timezoneSidId": "Europe/London",
            "id": "a0M25000006HLRQEA4",
            "name": "Craigielea Gardens"
          },
          {
            "timezoneSidId": "Europe/London",
            "id": "a0M25000006HLRREA4",
            "name": "ICAH North \u2013 Bridge of Don"
          },
          {
            "timezoneSidId": "Europe/London",
            "id": "a0M25000006HLRSEA4",
            "name": "ICAH North \u2013 Dyce / Bucksburn"
          },
          {
            "timezoneSidId": "Europe/London",
            "id": "a0M25000006HLRTEA4",
            "name": "ICAH North - Seaton"
          },
          {
            "timezoneSidId": "Europe/London",
            "id": "a0M25000006HLRUEA4",
            "name": "ICAH North \u2013 Lord Hays / Bede"
          },
          {
            "timezoneSidId": "Europe/London",
            "id": "a0M25000006HLRVEA4",
            "name": "ICAH Central \u2013 Woodside / Tillydrone"
          },
          {
            "timezoneSidId": "Europe/London",
            "id": "a0M25000006HLRWEA4",
            "name": "ICAH Central"
          },
          {
            "timezoneSidId": "Europe/London",
            "id": "a0M25000006HLRXEA4",
            "name": "ICAH South \u2013 City Centre"
          },
          {
            "timezoneSidId": "Europe/London",
            "id": "a0M25000006HLRYEA4",
            "name": "ICAH South - Kincorth"
          },
          {
            "timezoneSidId": "Europe/London",
            "id": "a0M25000006HLRZEA4",
            "name": "ICAH South - Torry"
          },
          {
            "timezoneSidId": "Europe/London",
            "id": "a0M25000006HLRaEAO",
            "name": "ICAH South \u2013 Garthdee / Holburn"
          },
          {
            "timezoneSidId": "Europe/London",
            "id": "a0M25000006HLRdEAO",
            "name": "ICAH West \u2013 Sheddocksley"
          },
          {
            "timezoneSidId": "Europe/London",
            "id": "a0M25000006HLReEAO",
            "name": "OT Fieldwork North"
          },
          {
            "timezoneSidId": "Europe/London",
            "id": "a0M25000006HLRfEAO",
            "name": "OT Fieldwork Central"
          },
          {
            "timezoneSidId": "Europe/London",
            "id": "a0M25000006HLRgEAO",
            "name": "OT Fieldwork West"
          },
          {
            "timezoneSidId": "Europe/London",
            "id": "a0M25000006HLRhEAO",
            "name": "OT Fieldwork South"
          },
          {
            "timezoneSidId": "Europe/London",
            "id": "a0M25000006HLRiEAO",
            "name": "OT Triage North"
          },
          {
            "timezoneSidId": "Europe/London",
            "id": "a0M25000006HLRjEAO",
            "name": "OT Triage Central"
          },
          {
            "timezoneSidId": "Europe/London",
            "id": "a0M25000006HLRkEAO",
            "name": "OT Triage West"
          },
          {
            "timezoneSidId": "Europe/London",
            "id": "a0M25000006HLRlEAO",
            "name": "OT Triage South"
          },
          {
            "timezoneSidId": "Europe/London",
            "id": "a0M25000006HLRmEAO",
            "name": "Kingswood Court Day Centre"
          },
          {
            "timezoneSidId": "Europe/London",
            "id": "a0M25000006HLRnEAO",
            "name": "Craigton Road Day Centre"
          },
          {
            "timezoneSidId": "Europe/London",
            "id": "a0M25000006HLRoEAO",
            "name": "Telecare / Community Alarm"
          },
          {
            "timezoneSidId": "Europe/London",
            "id": "a0M25000006HLRpEAO",
            "name": "Hospital Direct"
          },
          {
            "timezoneSidId": "Europe/London",
            "id": "a0M25000006HLRqEAO",
            "name": "Wellbeing Team"
          },
          {
            "timezoneSidId": "Europe/London",
            "id": "a0M25000006HLRbEAO",
            "name": "ICAH West \u2013 West End"
          },
          {
            "timezoneSidId": "Europe/London",
            "id": "a0M25000006HLRcEAO",
            "name": "ICAH West \u2013 Lang Stracht"
          },
          {
            "timezoneSidId": "Europe/London",
            "id": "a0M25000006HLRrEAO",
            "name": "City Home Helpers"
          },
          {
            "timezoneSidId": "Europe/London",
            "id": "a0M25000006HLRsEAO",
            "name": "Responder"
          },
          {
            "timezoneSidId": "Europe/London",
            "id": "a0M25000006HLSIEA4",
            "name": "Support Pool"
          },
          {
            "timezoneSidId": "Australia/North",
            "id": "a0M25000008nf8hEAA",
            "name": "Bank in Maplebeck"
          },
          {
            "timezoneSidId": "Europe/London",
            "id": "a0M25000006HLQDEA4",
            "name": "Scotland"
          },
          {
            "timezoneSidId": "Etc/GMT",
            "id": "a0M25000008nfwmEAA",
            "name": "New Region Leaves Green House"
          },
          {
            "timezoneSidId": "UTC+01:00",
            "id": "a0M25000008pEEWEA2",
            "name": "Aberdeen"
          }
        ],
        "tags": [
          {
            "id": "a0d2500000AD3LyAAL",
            "name": "Tag1"
          },
          {
            "id": "a0d2500000AD3M3AAL",
            "name": "Tag2"
          },
          {
            "id": "a0d2500000AJlPjAAL",
            "name": "Male"
          },
          {
            "id": "a0d2500000AJlPeAAL",
            "name": "Female"
          }
        ],
        "timezones": [
          {
            "id": "Europe/London",
            "name": "Europe/London",
            "selected": true
          },
          {
            "id": "Australia/North",
            "name": "Australia/North",
            "selected": false
          },
          {
            "id": "Etc/GMT",
            "name": "Etc/GMT",
            "selected": false
          },
          {
            "id": "UTC+01:00",
            "name": "UTC+01:00",
            "selected": false
          }
        ],
        "consoleSettings": {
          "defaultDuration": 30,
          "startWorkingTime": 700,
          "calendarEnd": 1900,
          "calendarStart": 700,
          "calendarStep": 30,
          "dateFormat": "dd/MM/yyyy",
          "datePickerFormat": "D, dd/mm/yy",
          "firstDay": 0,
          "monthPickerFormat": "MMM, yyyy",
          "noOfRecurWeeks": 10,
          "timePickerStep": 30,
          "viewPeriod": 2,
          "weekPickerFormat": "s[d M] - e[d M, yy]"
        },
        "eventTypeSettings": [
          {
            "canBePreDated": false,
            "isAvailable": true,
            "objectType": "job",
            "step": 30,
            "availableEnd": 2400,
            "availableStart": 0,
            "backgroundColor": "#65cc0e",
            "color": "#3c7a67",
            "eventType": "Responder Visit",
            "showLegend": true,
            "id": "a0p25000002fTo2AAE"
          },
          {
            "canBePreDated": false,
            "isAvailable": true,
            "objectType": "job",
            "step": 30,
            "availableEnd": 2400,
            "availableStart": 0,
            "backgroundColor": "#0ea7cc",
            "color": "#fff",
            "eventType": "Personal Support",
            "showLegend": true,
            "id": "a0p25000002Z9kKAAS"
          },
          {
            "canBePreDated": false,
            "isAvailable": true,
            "objectType": "job",
            "step": 30,
            "availableEnd": 2400,
            "availableStart": 0,
            "backgroundColor": "#c2cc0e",
            "color": "#fff",
            "eventType": "Housing Support",
            "showLegend": true,
            "id": "a0p25000002Z9kLAAS"
          },
          {
            "canBePreDated": false,
            "isAvailable": true,
            "objectType": "job",
            "step": 30,
            "availableEnd": 2400,
            "availableStart": 0,
            "backgroundColor": "#0ea7cc",
            "color": "#fff",
            "eventType": "Assessment",
            "showLegend": true,
            "id": "a0p25000002Z9kMAAS"
          },
          {
            "canBePreDated": false,
            "isAvailable": true,
            "objectType": "job",
            "step": 30,
            "availableEnd": 2400,
            "availableStart": 0,
            "backgroundColor": "#ff6347",
            "color": "#fff",
            "eventType": "Review",
            "showLegend": true,
            "id": "a0p25000002Z9kNAAS"
          },
          {
            "canBePreDated": false,
            "isAvailable": true,
            "objectType": "clientAvailability",
            "step": 30,
            "availableEnd": 2400,
            "availableStart": 0,
            "backgroundColor": "#0ecc66",
            "color": "#fff",
            "eventType": "Preferred",
            "showLegend": true,
            "id": "a0p25000002Z9kbAAC"
          },
          {
            "canBePreDated": false,
            "isAvailable": true,
            "objectType": "clientAvailability",
            "step": 30,
            "availableEnd": 2400,
            "availableStart": 0,
            "backgroundColor": "#0ea7cc",
            "color": "#fff",
            "eventType": "Normal",
            "showLegend": true,
            "id": "a0p25000002Z9kcAAC"
          },
          {
            "canBePreDated": false,
            "isAvailable": true,
            "objectType": "job",
            "step": 30,
            "availableEnd": 2400,
            "availableStart": 0,
            "backgroundColor": "#0ea7cc",
            "color": "#fff",
            "eventType": "Home Help",
            "showLegend": true,
            "id": "a0p25000002nKUvAAM"
          },
          {
            "canBePreDated": false,
            "isAvailable": false,
            "objectType": "job",
            "step": 30,
            "availableEnd": 2400,
            "availableStart": 0,
            "backgroundColor": "#0ea7cc",
            "color": "#fff",
            "eventType": "Telecare Visit",
            "showLegend": true,
            "id": "a0p25000002pZYjAAM"
          },
          {
            "canBePreDated": false,
            "isAvailable": true,
            "objectType": "job",
            "step": 30,
            "availableEnd": 2400,
            "availableStart": 0,
            "backgroundColor": "#0ea7cc",
            "color": "#fff",
            "eventType": "Training related absence",
            "showLegend": true,
            "id": "a0p25000002ZA9hAAG"
          },
          {
            "canBePreDated": false,
            "isAvailable": true,
            "objectType": "job",
            "step": 30,
            "availableEnd": 2400,
            "availableStart": 0,
            "backgroundColor": "#cc0e76",
            "color": "#fff",
            "eventType": "Outcome Review",
            "showLegend": true,
            "id": "a0p25000002eeUJAAY"
          },
          {
            "canBePreDated": false,
            "isAvailable": false,
            "objectType": "clientAvailability",
            "step": 30,
            "availableEnd": 2400,
            "availableStart": 0,
            "backgroundColor": "#bababa",
            "color": "#fff",
            "eventType": "Unavailable",
            "showLegend": true,
            "id": "a0p25000002fB78AAE"
          },
          {
            "canBePreDated": false,
            "isAvailable": true,
            "objectType": "job",
            "step": 30,
            "availableEnd": 2400,
            "availableStart": 0,
            "backgroundColor": "#0ea7cc",
            "color": "#fff",
            "eventType": "Service Related",
            "showLegend": true,
            "id": "a0p25000002hYYoAAM"
          }
        ],
        "patient": {
          "accountTasks": [
            {
              "description": "Quan Vuong Task 1 Desc",
              "endDate": "2019-10-31",
              "sequence": 1,
              "startDate": "2019-10-01",
              "id": "a0z25000002FDIwAAO",
              "name": "Quan Vuong Task 1 Update"
            },
            {
              "description": "1-10",
              "endDate": "2019-10-10",
              "sequence": 2,
              "startDate": "2019-10-01",
              "id": "a0z25000002Fz9ZAAS",
              "name": "Task 1"
            },
            {
              "description": "Quan Vuong Task 2 Desc update",
              "sequence": 2,
              "startDate": "2019-10-01",
              "id": "a0z25000002FDJ1AAO",
              "name": "Quan Vuong Task 2 Update2"
            },
            {
              "description": "Quan Vuong Task 3 Desc",
              "endDate": "2019-10-08",
              "sequence": 3,
              "startDate": "2019-10-08",
              "id": "a0z25000002FDJ6AAO",
              "name": "Quan Vuong Task 3"
            },
            {
              "description": "OD test refresh tasks on open jobs",
              "endDate": "2019-10-20",
              "sequence": 3,
              "startDate": "2019-10-01",
              "id": "a0z25000002FzCBAA0",
              "name": "task 2 - test refresh tasks on open jobs"
            }
          ],
          "address": {
            "fullAddress": "132 Kittoch St, East Kilbride GLAS GOW, UK"
          },
          "availabilityType": "Availability Only",
          "id": "0012500001CuocmAAB",
          "name": "Quan test Vuong"
        },
        "patientContacts": [
          {
            "accountId": "0012500001CuocmAAB",
            "address": {},
            "firstName": "Quan test",
            "lastName": "Vuong",
            "phone": "0937867477",
            "id": "00325000014yUSrAAM",
            "name": "Quan test Vuong"
          }
        ],
        "patientLocations": [
          {
            "address": {
              "fullAddress": "132 Kittoch St, East Kilbride, Glasgow, UK",
              "geometry": {}
            },
            "id": "a0I2500000L0VRZEA3",
            "name": "Office"
          },
          {
            "address": {
              "fullAddress": "132 Kittoch St, East Kilbride GLAS GOW, UK",
              "geometry": {
                "lat": 55.7655529,
                "lng": -4.1775645
              }
            },
            "id": "a0I2500000KybwXEAR",
            "name": "132 Kittoch St, East Kilbride GLAS GOW, UK - Home"
          },
          {
            "address": {
              "fullAddress": "84 St Fitticks Rd, Aberdeen AB11 8TN, UK",
              "geometry": {
                "lat": 57.138133,
                "lng": -2.067468
              }
            },
            "id": "a0I2500000KyE9PEAV",
            "name": "Nigg Bay Golf Club"
          }
        ],
        "patientSupportPlans": [
          {
            "status": "Active",
            "id": "a0m250000051aAzAAI",
            "name": "SP-0270",
            "selected": true
          },
          {
            "status": "Closed",
            "id": "a0m250000051ZxZAAU",
            "name": "SP-0269"
          },
          {
            "status": "Draft",
            "id": "a0m250000051ZxPAAU",
            "name": "SP-0267"
          },
          {
            "status": "Closed",
            "id": "a0m250000051ZxUAAU",
            "name": "SP-0268"
          },
          {
            "status": "Closed",
            "id": "a0m250000051ZwbAAE",
            "name": "SP-0266"
          },
          {
            "status": "Closed",
            "id": "a0m250000051EnFAAU",
            "name": "SP-0262"
          },
          {
            "status": "Closed",
            "id": "a0m25000004mDROAA2",
            "name": "SP-0145"
          },
          {
            "status": "Closed",
            "id": "a0m25000004m4hEAAQ",
            "name": "SP-0138"
          },
          {
            "status": "Closed",
            "id": "a0m25000004m4h9AAA",
            "name": "SP-0137"
          },
          {
            "status": "Closed",
            "id": "a0m25000004kkTIAAY",
            "name": "SP-0066"
          },
          {
            "status": "Closed",
            "id": "a0m25000004kdkKAAQ",
            "name": "SP-0044"
          },
          {
            "status": "Closed",
            "id": "a0m25000004kMwpAAE",
            "name": "SP-0007"
          },
          {
            "status": "Closed",
            "id": "a0m25000004kLyBAAU",
            "name": "SP-0006"
          },
          {
            "status": "Closed",
            "id": "a0m25000004kLy6AAE",
            "name": "SP-0005"
          },
          {
            "status": "Closed",
            "id": "a0m25000004kJVKAA2",
            "name": "SP-0004"
          },
          {
            "status": "Closed",
            "id": "a0m25000004kHdHAAU",
            "name": "SP-0002"
          },
          {
            "status": "Closed",
            "id": "a0m25000004kHdCAAU",
            "name": "SP-0001"
          }
        ]
      },
      "errorMessage": "",
      "message": "",
      "success": true,
      "viewData": {
        "patientId": "0012500001CuocmAAB"
      }
    }
