{
      "data": {
        "conflicts": [
          {
            "hasConflict": true,
            "items": [
              {
                "canMerge": true,
                "conflictRecord": {
                  "isAvailable": true,
                  "resourceId": "a1V1r00000HcVlLEAV",
                  "endDate": "2019-10-20",
                  "endTime": 1400,
                  "eventType": "On-call",
                  "finish": 1534798800000,
                  "isAllDay": false,
                  "start": 1534766400000,
                  "startDate": "2019-10-20",
                  "startTime": 500,
                  "status": "Approved",
                  "id": "a1B1r000009CDb9EAG",
                  "name": "AVAIL-1474",
                  "objectType": "availability"
                }
              }
            ],
            "record": {
              "isAvailable": true,
              "notes": "",
              "resourceId": "a1V1r00000HcVlLEAV",
              "endDate": "2019-10-20",
              "endTime": 630,
              "eventType": "On-call",
              "finish": 1534771800000,
              "isAllDay": false,
              "scheduleId": "temp_15347465010755",
              "start": 1534764600000,
              "startDate": "2019-10-20",
              "startTime": 430,
              "status": "Approved",
              "templateEntryId": "temp_15347465010752",
              "timezoneSidId": "America/Los_Angeles",
              "objectType": "availability"
            }
          },
          {
            "hasConflict": false,
            "items": [],
            "record": {
              "isAvailable": true,
              "notes": "",
              "resourceId": "a1V1r00000HcVlLEAV",
              "endDate": "2019-10-22",
              "endTime": 630,
              "eventType": "On-call",
              "finish": 1534944600000,
              "isAllDay": false,
              "scheduleId": "temp_15347465010755",
              "start": 1534937400000,
              "startDate": "2019-10-22",
              "startTime": 430,
              "status": "Approved",
              "templateEntryId": "temp_15347465010753",
              "timezoneSidId": "America/Los_Angeles",
              "objectType": "availability"
            }
          },
          {
            "hasConflict": true,
            "items": [
              {
                "canMerge": true,
                "conflictRecord": {
                  "isAvailable": true,
                  "resourceId": "a1V1r00000HcVlLEAV",
                  "endDate": "2019-10-25",
                  "endTime": 0,
                  "eventType": "On-call",
                  "finish": 1535180400000,
                  "isAllDay": false,
                  "start": 1535094000000,
                  "startDate": "2019-10-24",
                  "startTime": 0,
                  "status": "Approved",
                  "id": "a1B1r000009CEu7EAG",
                  "name": "AVAIL-1480",
                  "objectType": "availability"
                }
              }
            ],
            "record": {
              "isAvailable": true,
              "notes": "",
              "resourceId": "a1V1r00000HcVlLEAV",
              "endDate": "2019-10-24",
              "endTime": 630,
              "eventType": "On-call",
              "finish": 1535117400000,
              "isAllDay": false,
              "scheduleId": "temp_15347465010755",
              "start": 1535110200000,
              "startDate": "2019-10-24",
              "startTime": 430,
              "status": "Approved",
              "templateEntryId": "temp_15347465010754",
              "timezoneSidId": "America/Los_Angeles",
              "objectType": "availability"
            }
          },
          {
            "hasConflict": false,
            "items": [],
            "record": {
              "isAvailable": true,
              "notes": "",
              "resourceId": "a1V1r00000HcVlLEAV",
              "endDate": "2019-10-27",
              "endTime": 630,
              "eventType": "On-call",
              "finish": 1535376600000,
              "isAllDay": false,
              "scheduleId": "temp_15347465010755",
              "start": 1535369400000,
              "startDate": "2019-10-27",
              "startTime": 430,
              "status": "Approved",
              "templateEntryId": "temp_15347465010752",
              "timezoneSidId": "America/Los_Angeles",
              "objectType": "availability"
            }
          },
          {
            "hasConflict": false,
            "items": [],
            "record": {
              "isAvailable": true,
              "notes": "",
              "resourceId": "a1V1r00000HcVlLEAV",
              "endDate": "2019-10-29",
              "endTime": 630,
              "eventType": "On-call",
              "finish": 1535549400000,
              "isAllDay": false,
              "scheduleId": "temp_15347465010755",
              "start": 1535542200000,
              "startDate": "2019-10-29",
              "startTime": 430,
              "status": "Approved",
              "templateEntryId": "temp_15347465010753",
              "timezoneSidId": "America/Los_Angeles",
              "objectType": "availability"
            }
          },
          {
            "hasConflict": false,
            "items": [],
            "record": {
              "isAvailable": true,
              "notes": "",
              "resourceId": "a1V1r00000HcVlLEAV",
              "endDate": "2019-10-31",
              "endTime": 630,
              "eventType": "On-call",
              "finish": 1535722200000,
              "isAllDay": false,
              "scheduleId": "temp_15347465010755",
              "start": 1535715000000,
              "startDate": "2019-10-31",
              "startTime": 430,
              "status": "Approved",
              "templateEntryId": "temp_15347465010754",
              "timezoneSidId": "America/Los_Angeles",
              "objectType": "availability"
            }
          }
        ],
        "hasConflict": true,
        "objectType": "availability"
      },
      "errorMessage": "",
      "message": "",
      "success": true,
      "viewData": {
        "timezoneSidId": "America/Los_Angeles"
      }
    }