{
  "data": [
    {
      "address": {},
      "id": "001c000001IAkcGAAT",
      "name": "Tran Household"
    },
    {
      "address": {},
      "id": "001c000001IAkcHAAT",
      "name": "Tran Household"
    },
    {
      "address": {
        "city": "Brisbane",
        "fullAddress": "79 Mclachlan St, Brisbane, QLD, AU",
        "latitude": -27.4578522,
        "longitude": 153.0372403,
        "state": "QLD"
      },
      "id": "001c000001IAkPRAA1",
      "name": "Vinh Tran"
    }
  ],
  "message": "",
  "success": true
}