{
			"data": [
				{
					"id": "1",
					"description": "Schedule 1",
					"objectType": "job",
					"template": {
						"startDate": "2019-10-09",
						"endDate": "2019-10-31"
					}
				},
				{
					"id": "2",
					"objectType": "job",
					"description": "Schedule 2",
					"template": {
						"startDate": "2019-10-09",
						"endDate": "2019-10-31"
					}
				},
				{
					"id": "3",
					"objectType": "activity",
					"description": "Schedule 3",
					"template": {
						"startDate": "2019-10-09",
						"endDate": "2019-10-31"
					}
				},
				{
					"id": "4",
					"objectType": "availability",
					"description": "Schedule 4",
					"template": {
						"startDate": "2019-10-09",
						"endDate": "2019-10-31"
					}
				},
				{
					"id": "5",
					"objectType": "clientAvailability",
					"description": "Schedule 5",
					"template": {
						"startDate": "2019-10-09",
						"endDate": "2019-10-31"
					}
				}
			],
			"errorMessage": "",
			"message": "",
			"success": true
		}