{
      "data": {
        "jobTypes": [
          "Treatment",
          "Assessment",
          "Support",
          "Group Event",
          "Initial Evaluation"
        ],
        "consoleSettings": {
          "defaultDuration": 60,
          "startWorkingTime": 0,
          "calendarEnd": 2400,
          "calendarStart": 0,
          "calendarStep": 60,
          "timePickerStep": 15,
          "dateFormat": "dd/MM/yyyy",
          "datePickerFormat": "D, dd/mm/yy",
          "firstDay": 1,
          "noOfRecurWeeks": 24,
          "viewPeriod": 2
        },
        "eventTypeSettings": [
          {
            "canBePreDated": false,
            "isAvailable": false,
            "objectType": "clientAvailability",
            "step": 30,
            "availableEnd": 1900,
            "availableStart": 800,
            "backgroundColor": "rgb(115, 210, 118)",
            "color": "#54698d",
            "eventType": "Preferred",
            "showLegend": true,
            "id": "m0G1r000000bnmMEAQ"
          },
          {
            "canBePreDated": false,
            "isAvailable": false,
            "objectType": "job",
            "shortName": "Adm",
            "step": 30,
            "availableEnd": 1900,
            "availableStart": 800,
            "backgroundColor": "#0ea7cc",
            "color": "#fff",
            "eventType": "Treatment",
            "showLegend": true,
            "id": "m0G1r000000bnfeEAA"
          },
          {
            "canBePreDated": false,
            "isAvailable": false,
            "objectType": "clientAvailability",
            "step": 30,
            "availableEnd": 1900,
            "availableStart": 800,
            "backgroundColor": "rgb(176, 229, 236)",
            "color": "#54698d",
            "eventType": "Normal",
            "showLegend": true,
            "id": "m0G1r000000bnmHEAQ"
          },
          {
            "canBePreDated": false,
            "isAvailable": false,
            "objectType": "job",
            "shortName": "Adm",
            "step": 30,
            "availableEnd": 1900,
            "availableStart": 800,
            "backgroundColor": "#FFA07A",
            "color": "#fff",
            "eventType": "Support",
            "showLegend": true,
            "id": "m0G1r000000bnftEAA"
          },
          {
            "canBePreDated": false,
            "isAvailable": false,
            "objectType": "job",
            "shortName": "Adm",
            "step": 30,
            "availableEnd": 1900,
            "availableStart": 800,
            "backgroundColor": "#DB7093",
            "color": "#fff",
            "eventType": "Initial Evaluation",
            "showLegend": true,
            "id": "m0G1r000000bnz4EAA"
          },
          {
            "canBePreDated": false,
            "isAvailable": false,
            "objectType": "job",
            "shortName": "Adm",
            "step": 30,
            "availableEnd": 1900,
            "availableStart": 800,
            "backgroundColor": "#9e4831",
            "color": "#fff",
            "eventType": "Group Event",
            "showLegend": true,
            "id": "m0G1r000000bnfoEAA"
          },
          {
            "canBePreDated": false,
            "isAvailable": false,
            "objectType": "job",
            "shortName": "Adm",
            "step": 30,
            "availableEnd": 1900,
            "availableStart": 800,
            "backgroundColor": "#7986cb",
            "color": "#fff",
            "eventType": "Assessment",
            "showLegend": true,
            "id": "m0G1r000000bnfjEAA"
          }
        ],
        "patient": {
          "otherFields": [
            {
              "label": "Date of Birth",
              "value": "May 22, 1946"
            },
            {
              "label": "Age",
              "value": "72 Years"
            }
          ],
          "photoUrl": "https://skedhealth1--c.eu12.content.force.com/profilephoto/7291r000000BH78/F",
          "id": "0011r00001owpx8AAA",
          "name": "Shawna Green"
        },
        "patientProfileTabs": [
          {
            "displayOrder": 1,
            "label": "Overview",
            "patientInfoList": [
              "schedulingSnapshot",
              "schedulingSnapshot",
              "latestCriticalData"
            ],
            "templateUrls": [
              "src/app/patient-scheduling-timeline/pst-scheduling-snapshot-tab.tpl.html",
              "src/app/patient-scheduling-timeline/pst-recent-appointments-tab.tpl.html",
              "src/app/patient-scheduling-timeline/pst-latest-critical-data-tab.tpl.html"
            ]
          },
          {
            "displayOrder": 2,
            "label": "Patient Card",
            "patientInfoList": [
              "patientCard"
            ],
            "templateUrls": [
              "src/app/patient-scheduling-timeline/pst-patient-card-tab.tpl.html"
            ]
          },
          {
            "displayOrder": 3,
            "label": "Care Team",
            "patientInfoList": [
              "careTeam"
            ],
            "templateUrls": [
              "src/app/patient-scheduling-timeline/pst-care-team-tab.tpl.html"
            ]
          },
          {
            "displayOrder": 4,
            "label": "Timeline",
            "patientInfoList": [
              "timeline"
            ],
            "templateUrls": [
              "src/app/patient-scheduling-timeline/pst-timeline-tab.tpl.html"
            ]
          }
        ]
      },
      "errorMessage": "",
      "message": "",
      "success": true,
      "viewData": {
        "patientId": "0011r00001owpx8",
        "regionId": "a1Q1r00000n8JixEAE",
        "timezoneSidId": "America/Los_Angeles"
      }
    }