{
  "data": {
    "enableJobOffer": true,
    "jobs": [
      {
        "account": { "id": "0011800000iy8YtAAI", "name": "Facility 1" },
        "accountId": "0011800000iy8YtAAI",
        "supportPlanId": "50018000009PK5nAAG",
        "supportPlanNumber": "00001009",
        "contact": {
          "accountId": "0011800000iy8YtAAI",
          "firstName": "Test",
          "lastName": "Test",
          "id": "0031800000awajcAAA",
          "name": "Test Test"
        },
        "contactId": "0031800000awajcAAA",
        "description": "Treatment for Facility 1",
        "isCareTeam": false,
        "jobAllocationCount": 0,
        "jobOffers": [],
        "jobStatus": "Pending Allocation",
        "possibleAllocations": [
          {
            "goToLocation": { "lat": 37.7822891, "lng": -122.463708 },
            "isAvailable": true,
            "isQualified": true,
            "jobId": "a1P18000000fEpBEAU",
            "resourceId": "a1g18000000tSVUAA2",
            "travelTimeTo": 1
          }
        ],
        "regionId": "a1V18000000SLzOEAW",
        "serviceLocationId": "a1R18000001NvgxEAC",
        "address": {
          "fullAddress": "3800 Washington St\r\nSan Francisco, CA 94118\r\nUSA",
          "geometry": { "lat": 37.7891753, "lng": -122.4559681 }
        },
        "duration": 120,
        "endDate": "2019-07-22",
        "endTime": 1000,
        "eventType": "Treatment",
        "scheduleId": "a1T18000001pVF1EAM",
        "startDate": "2019-07-22",
        "startTime": 800,
        "templateEntryId": "a1C1800000106AfEAI",
        "id": "a1P18000000fEpBEAU",
        "name": "JOB-0104",
        "objectType": "job"
      },
      {
        "account": { "id": "0011800000iy8YtAAI", "name": "Facility 1" },
        "accountId": "0011800000iy8YtAAI",
        "supportPlanId": "50018000009PK5nAAG",
        "supportPlanNumber": "00001009",
        "contact": {
          "accountId": "0011800000iy8YtAAI",
          "firstName": "Test",
          "lastName": "Test",
          "id": "0031800000awajcAAA",
          "name": "Test Test"
        },
        "contactId": "0031800000awajcAAA",
        "description": "Treatment for Facility 1",
        "isCareTeam": false,
        "jobAllocationCount": 0,
        "jobOffers": [],
        "jobStatus": "Pending Allocation",
        "possibleAllocations": [
          {
            "isAvailable": true,
            "isQualified": true,
            "jobId": "a1P18000000fExGEAU",
            "resourceId": "a1g18000000tT1tAAE",
            "startFromLocation": { "lat": 32.0337938, "lng": -81.1517617 },
            "travelDistanceFrom": 2354.474488255786,
            "travelTimeFrom": 4708
          },
          {
            "isAvailable": true,
            "isQualified": true,
            "jobId": "a1P18000000fExGEAU",
            "resourceId": "a1g18000000tSVTAA2"
          },
          {
            "isAvailable": true,
            "isQualified": true,
            "jobId": "a1P18000000fExGEAU",
            "resourceId": "a1g18000000tSVUAA2",
            "startFromLocation": { "lat": 37.7822891, "lng": -122.463708 },
            "travelDistanceFrom": 0.6363958730264936,
            "travelTimeFrom": 1
          },
          {
            "isAvailable": true,
            "isQualified": true,
            "jobId": "a1P18000000fExGEAU",
            "resourceId": "a1g18000000tT3VAAU",
            "startFromLocation": { "lat": 34.1203608, "lng": -117.7723489 },
            "travelDistanceFrom": 364.42257056143774,
            "travelTimeFrom": 728
          }
        ],
        "regionId": "a1V18000000SLzOEAW",
        "serviceLocationId": "a1R18000001NvgxEAC",
        "address": {
          "fullAddress": "3800 Washington St\r\nSan Francisco, CA 94118\r\nUSA",
          "geometry": { "lat": 37.7891753, "lng": -122.4559681 }
        },
        "duration": 60,
        "endDate": "2019-07-22",
        "endTime": 1500,
        "eventType": "Treatment",
        "scheduleId": "a1T18000001pVGJEA2",
        "startDate": "2019-07-22",
        "startTime": 1400,
        "templateEntryId": "a1C1800000106BFEAY",
        "id": "a1P18000000fExGEAU",
        "name": "JOB-0110",
        "objectType": "job"
      },
      {
        "account": { "id": "0011800000iy8YtAAI", "name": "Facility 1" },
        "accountId": "0011800000iy8YtAAI",
        "supportPlanId": "50018000009PK5nAAG",
        "supportPlanNumber": "00001009",
        "contact": {
          "accountId": "0011800000iy8YtAAI",
          "firstName": "Test",
          "lastName": "Test",
          "id": "0031800000awajcAAA",
          "name": "Test Test"
        },
        "contactId": "0031800000awajcAAA",
        "description": "Treatment for Facility 1",
        "isCareTeam": false,
        "jobAllocationCount": 0,
        "jobOffers": [],
        "jobStatus": "Pending Allocation",
        "regionId": "a1V18000000SLzOEAW",
        "serviceLocationId": "a1R18000001NvgxEAC",
        "address": {
          "fullAddress": "3800 Washington St\r\nSan Francisco, CA 94118\r\nUSA",
          "geometry": { "lat": 37.7891753, "lng": -122.4559681 }
        },
        "duration": 120,
        "endDate": "2019-07-23",
        "endTime": 1000,
        "eventType": "Treatment",
        "scheduleId": "a1T18000001pVF1EAM",
        "startDate": "2019-07-23",
        "startTime": 800,
        "templateEntryId": "a1C1800000106AgEAI",
        "id": "a1P18000000fEpDEAU",
        "name": "JOB-0106",
        "objectType": "job"
      },
      {
        "account": { "id": "0011800000iy8YtAAI", "name": "Facility 1" },
        "accountId": "0011800000iy8YtAAI",
        "supportPlanId": "50018000009PK5nAAG",
        "supportPlanNumber": "00001009",
        "contact": {
          "accountId": "0011800000iy8YtAAI",
          "firstName": "Test",
          "lastName": "Test",
          "id": "0031800000awajcAAA",
          "name": "Test Test"
        },
        "contactId": "0031800000awajcAAA",
        "description": "Treatment for Facility 1",
        "isCareTeam": false,
        "jobAllocationCount": 0,
        "jobOffers": [],
        "jobStatus": "Pending Allocation",
        "possibleAllocations": [
          {
            "isAvailable": true,
            "isQualified": true,
            "jobId": "a1P18000000fExIEAU",
            "resourceId": "a1g18000000tT1tAAE",
            "startFromLocation": { "lat": 32.0337938, "lng": -81.1517617 },
            "travelDistanceFrom": 2354.474488255786,
            "travelTimeFrom": 4708
          },
          {
            "isAvailable": true,
            "isQualified": true,
            "jobId": "a1P18000000fExIEAU",
            "resourceId": "a1g18000000tSVTAA2"
          },
          {
            "isAvailable": true,
            "isQualified": true,
            "jobId": "a1P18000000fExIEAU",
            "resourceId": "a1g18000000tT3VAAU",
            "startFromLocation": { "lat": 34.1203608, "lng": -117.7723489 },
            "travelDistanceFrom": 364.42257056143774,
            "travelTimeFrom": 728
          }
        ],
        "regionId": "a1V18000000SLzOEAW",
        "serviceLocationId": "a1R18000001NvgxEAC",
        "address": {
          "fullAddress": "3800 Washington St\r\nSan Francisco, CA 94118\r\nUSA",
          "geometry": { "lat": 37.7891753, "lng": -122.4559681 }
        },
        "duration": 60,
        "endDate": "2019-07-23",
        "endTime": 1500,
        "eventType": "Treatment",
        "scheduleId": "a1T18000001pVGJEA2",
        "startDate": "2019-07-23",
        "startTime": 1400,
        "templateEntryId": "a1C1800000106BGEAY",
        "id": "a1P18000000fExIEAU",
        "name": "JOB-0112",
        "objectType": "job"
      },
      {
        "account": { "id": "0011800000iy8YtAAI", "name": "Facility 1" },
        "accountId": "0011800000iy8YtAAI",
        "supportPlanId": "50018000009PK5nAAG",
        "supportPlanNumber": "00001009",
        "contact": {
          "accountId": "0011800000iy8YtAAI",
          "firstName": "Test",
          "lastName": "Test",
          "id": "0031800000awajcAAA",
          "name": "Test Test"
        },
        "contactId": "0031800000awajcAAA",
        "description": "Treatment for Facility 1",
        "isCareTeam": false,
        "jobAllocationCount": 0,
        "jobOffers": [],
        "jobStatus": "Pending Allocation",
        "possibleAllocations": [
          {
            "isAvailable": true,
            "isQualified": true,
            "jobId": "a1P18000000fEpGEAU",
            "resourceId": "a1g18000000tSVUAA2"
          }
        ],
        "regionId": "a1V18000000SLzOEAW",
        "serviceLocationId": "a1R18000001NvgxEAC",
        "address": {
          "fullAddress": "3800 Washington St\r\nSan Francisco, CA 94118\r\nUSA",
          "geometry": { "lat": 37.7891753, "lng": -122.4559681 }
        },
        "duration": 120,
        "endDate": "2019-07-24",
        "endTime": 1000,
        "eventType": "Treatment",
        "scheduleId": "a1T18000001pVF1EAM",
        "startDate": "2019-07-24",
        "startTime": 800,
        "templateEntryId": "a1C1800000106AjEAI",
        "id": "a1P18000000fEpGEAU",
        "name": "JOB-0109",
        "objectType": "job"
      },
      {
        "account": { "id": "0011800000iy8YtAAI", "name": "Facility 1" },
        "accountId": "0011800000iy8YtAAI",
        "supportPlanId": "50018000009PK5nAAG",
        "supportPlanNumber": "00001009",
        "contact": {
          "accountId": "0011800000iy8YtAAI",
          "firstName": "Test",
          "lastName": "Test",
          "id": "0031800000awajcAAA",
          "name": "Test Test"
        },
        "contactId": "0031800000awajcAAA",
        "description": "Treatment for Facility 1",
        "isCareTeam": false,
        "jobAllocationCount": 0,
        "jobOffers": [],
        "jobStatus": "Pending Allocation",
        "possibleAllocations": [
          {
            "isAvailable": true,
            "isQualified": true,
            "jobId": "a1P18000000fExJEAU",
            "resourceId": "a1g18000000tSVUAA2"
          }
        ],
        "regionId": "a1V18000000SLzOEAW",
        "serviceLocationId": "a1R18000001NvgxEAC",
        "address": {
          "fullAddress": "3800 Washington St\r\nSan Francisco, CA 94118\r\nUSA",
          "geometry": { "lat": 37.7891753, "lng": -122.4559681 }
        },
        "duration": 60,
        "endDate": "2019-07-24",
        "endTime": 1500,
        "eventType": "Treatment",
        "scheduleId": "a1T18000001pVGJEA2",
        "startDate": "2019-07-24",
        "startTime": 1400,
        "templateEntryId": "a1C1800000106BHEAY",
        "id": "a1P18000000fExJEAU",
        "name": "JOB-0113",
        "objectType": "job"
      },
      {
        "account": { "id": "0011800000iy8YtAAI", "name": "Facility 1" },
        "accountId": "0011800000iy8YtAAI",
        "supportPlanId": "50018000009PK5nAAG",
        "supportPlanNumber": "00001009",
        "contact": {
          "accountId": "0011800000iy8YtAAI",
          "firstName": "Test",
          "lastName": "Test",
          "id": "0031800000awajcAAA",
          "name": "Test Test"
        },
        "contactId": "0031800000awajcAAA",
        "description": "Treatment for Facility 1",
        "isCareTeam": false,
        "jobAllocationCount": 0,
        "jobOffers": [],
        "jobStatus": "Pending Allocation",
        "possibleAllocations": [
          {
            "isAvailable": true,
            "isQualified": true,
            "jobId": "a1P18000000fEpEEAU",
            "resourceId": "a1g18000000tT1tAAE",
            "startFromLocation": { "lat": 32.0337938, "lng": -81.1517617 },
            "travelDistanceFrom": 2354.474488255786,
            "travelTimeFrom": 4708
          },
          {
            "isAvailable": true,
            "isQualified": true,
            "jobId": "a1P18000000fEpEEAU",
            "resourceId": "a1g18000000tSVTAA2"
          }
        ],
        "regionId": "a1V18000000SLzOEAW",
        "serviceLocationId": "a1R18000001NvgxEAC",
        "address": {
          "fullAddress": "3800 Washington St\r\nSan Francisco, CA 94118\r\nUSA",
          "geometry": { "lat": 37.7891753, "lng": -122.4559681 }
        },
        "duration": 120,
        "endDate": "2019-07-25",
        "endTime": 1000,
        "eventType": "Treatment",
        "scheduleId": "a1T18000001pVF1EAM",
        "startDate": "2019-07-25",
        "startTime": 800,
        "templateEntryId": "a1C1800000106AhEAI",
        "id": "a1P18000000fEpEEAU",
        "name": "JOB-0107",
        "objectType": "job"
      },
      {
        "account": { "id": "0011800000iy8YtAAI", "name": "Facility 1" },
        "accountId": "0011800000iy8YtAAI",
        "supportPlanId": "50018000009PK5nAAG",
        "supportPlanNumber": "00001009",
        "contact": {
          "accountId": "0011800000iy8YtAAI",
          "firstName": "Test",
          "lastName": "Test",
          "id": "0031800000awajcAAA",
          "name": "Test Test"
        },
        "contactId": "0031800000awajcAAA",
        "description": "Treatment for Facility 1",
        "isCareTeam": false,
        "jobAllocationCount": 0,
        "jobOffers": [],
        "jobStatus": "Pending Allocation",
        "possibleAllocations": [
          {
            "isAvailable": true,
            "isQualified": true,
            "jobId": "a1P18000000fExKEAU",
            "resourceId": "a1g18000000tT1tAAE",
            "startFromLocation": { "lat": 32.0337938, "lng": -81.1517617 },
            "travelDistanceFrom": 2354.474488255786,
            "travelTimeFrom": 4708
          },
          {
            "isAvailable": true,
            "isQualified": true,
            "jobId": "a1P18000000fExKEAU",
            "resourceId": "a1g18000000tSVTAA2"
          },
          {
            "isAvailable": true,
            "isQualified": true,
            "jobId": "a1P18000000fExKEAU",
            "resourceId": "a1g18000000tT3VAAU",
            "startFromLocation": { "lat": 34.1203608, "lng": -117.7723489 },
            "travelDistanceFrom": 364.42257056143774,
            "travelTimeFrom": 728
          }
        ],
        "regionId": "a1V18000000SLzOEAW",
        "serviceLocationId": "a1R18000001NvgxEAC",
        "address": {
          "fullAddress": "3800 Washington St\r\nSan Francisco, CA 94118\r\nUSA",
          "geometry": { "lat": 37.7891753, "lng": -122.4559681 }
        },
        "duration": 60,
        "endDate": "2019-07-25",
        "endTime": 1500,
        "eventType": "Treatment",
        "scheduleId": "a1T18000001pVGJEA2",
        "startDate": "2019-07-25",
        "startTime": 1400,
        "templateEntryId": "a1C1800000106BIEAY",
        "id": "a1P18000000fExKEAU",
        "name": "JOB-0114",
        "objectType": "job"
      },
      {
        "account": { "id": "0011800000iy8YtAAI", "name": "Facility 1" },
        "accountId": "0011800000iy8YtAAI",
        "supportPlanId": "50018000009PK5nAAG",
        "supportPlanNumber": "00001009",
        "contact": {
          "accountId": "0011800000iy8YtAAI",
          "firstName": "Test",
          "lastName": "Test",
          "id": "0031800000awajcAAA",
          "name": "Test Test"
        },
        "contactId": "0031800000awajcAAA",
        "description": "Treatment for Facility 1",
        "isCareTeam": false,
        "jobAllocationCount": 0,
        "jobOffers": [],
        "jobStatus": "Pending Allocation",
        "regionId": "a1V18000000SLzOEAW",
        "serviceLocationId": "a1R18000001NvgxEAC",
        "address": {
          "fullAddress": "3800 Washington St\r\nSan Francisco, CA 94118\r\nUSA",
          "geometry": { "lat": 37.7891753, "lng": -122.4559681 }
        },
        "duration": 120,
        "endDate": "2019-07-26",
        "endTime": 1000,
        "eventType": "Treatment",
        "scheduleId": "a1T18000001pVF1EAM",
        "startDate": "2019-07-26",
        "startTime": 800,
        "templateEntryId": "a1C1800000106AiEAI",
        "id": "a1P18000000fEpFEAU",
        "name": "JOB-0108",
        "objectType": "job"
      },
      {
        "account": { "id": "0011800000iy8YtAAI", "name": "Facility 1" },
        "accountId": "0011800000iy8YtAAI",
        "supportPlanId": "50018000009PK5nAAG",
        "supportPlanNumber": "00001009",
        "contact": {
          "accountId": "0011800000iy8YtAAI",
          "firstName": "Test",
          "lastName": "Test",
          "id": "0031800000awajcAAA",
          "name": "Test Test"
        },
        "contactId": "0031800000awajcAAA",
        "description": "Treatment for Facility 1",
        "isCareTeam": false,
        "jobAllocationCount": 0,
        "jobOffers": [],
        "jobStatus": "Pending Allocation",
        "possibleAllocations": [
          {
            "isAvailable": true,
            "isQualified": true,
            "jobId": "a1P18000000fExLEAU",
            "resourceId": "a1g18000000tT1tAAE",
            "startFromLocation": { "lat": 32.0337938, "lng": -81.1517617 },
            "travelDistanceFrom": 2354.474488255786,
            "travelTimeFrom": 4708
          },
          {
            "isAvailable": true,
            "isQualified": true,
            "jobId": "a1P18000000fExLEAU",
            "resourceId": "a1g18000000tSVTAA2"
          },
          {
            "isAvailable": true,
            "isQualified": true,
            "jobId": "a1P18000000fExLEAU",
            "resourceId": "a1g18000000tT3VAAU",
            "startFromLocation": { "lat": 34.1203608, "lng": -117.7723489 },
            "travelDistanceFrom": 364.42257056143774,
            "travelTimeFrom": 728
          }
        ],
        "regionId": "a1V18000000SLzOEAW",
        "serviceLocationId": "a1R18000001NvgxEAC",
        "address": {
          "fullAddress": "3800 Washington St\r\nSan Francisco, CA 94118\r\nUSA",
          "geometry": { "lat": 37.7891753, "lng": -122.4559681 }
        },
        "duration": 60,
        "endDate": "2019-07-26",
        "endTime": 1500,
        "eventType": "Treatment",
        "scheduleId": "a1T18000001pVGJEA2",
        "startDate": "2019-07-26",
        "startTime": 1400,
        "templateEntryId": "a1C1800000106BJEAY",
        "id": "a1P18000000fExLEAU",
        "name": "JOB-0115",
        "objectType": "job"
      },
      {
        "account": { "id": "0011800000iy8YtAAI", "name": "Facility 1" },
        "accountId": "0011800000iy8YtAAI",
        "supportPlanId": "50018000009PK5nAAG",
        "supportPlanNumber": "00001009",
        "contact": {
          "accountId": "0011800000iy8YtAAI",
          "firstName": "Test",
          "lastName": "Test",
          "id": "0031800000awajcAAA",
          "name": "Test Test"
        },
        "contactId": "0031800000awajcAAA",
        "description": "Treatment for Facility 1",
        "isCareTeam": false,
        "jobAllocationCount": 0,
        "jobOffers": [],
        "jobStatus": "Pending Allocation",
        "possibleAllocations": [
          {
            "isAvailable": true,
            "isQualified": true,
            "jobId": "a1P18000000fEpCEAU",
            "resourceId": "a1g18000000tSVUAA2"
          }
        ],
        "regionId": "a1V18000000SLzOEAW",
        "serviceLocationId": "a1R18000001NvgxEAC",
        "address": {
          "fullAddress": "3800 Washington St\r\nSan Francisco, CA 94118\r\nUSA",
          "geometry": { "lat": 37.7891753, "lng": -122.4559681 }
        },
        "duration": 120,
        "endDate": "2019-07-29",
        "endTime": 1000,
        "eventType": "Treatment",
        "scheduleId": "a1T18000001pVF1EAM",
        "startDate": "2019-07-29",
        "startTime": 800,
        "templateEntryId": "a1C1800000106AfEAI",
        "id": "a1P18000000fEpCEAU",
        "name": "JOB-0105",
        "objectType": "job"
      },
      {
        "account": { "id": "0011800000iy8YtAAI", "name": "Facility 1" },
        "accountId": "0011800000iy8YtAAI",
        "supportPlanId": "50018000009PK5nAAG",
        "supportPlanNumber": "00001009",
        "contact": {
          "accountId": "0011800000iy8YtAAI",
          "firstName": "Test",
          "lastName": "Test",
          "id": "0031800000awajcAAA",
          "name": "Test Test"
        },
        "contactId": "0031800000awajcAAA",
        "description": "Treatment for Facility 1",
        "isCareTeam": false,
        "jobAllocationCount": 0,
        "jobOffers": [],
        "jobStatus": "Pending Allocation",
        "possibleAllocations": [
          {
            "isAvailable": true,
            "isQualified": true,
            "jobId": "a1P18000000fExHEAU",
            "resourceId": "a1g18000000tT1tAAE",
            "startFromLocation": { "lat": 32.0337938, "lng": -81.1517617 },
            "travelDistanceFrom": 2354.474488255786,
            "travelTimeFrom": 4708
          },
          {
            "isAvailable": true,
            "isQualified": true,
            "jobId": "a1P18000000fExHEAU",
            "resourceId": "a1g18000000tSVTAA2"
          },
          {
            "isAvailable": true,
            "isQualified": true,
            "jobId": "a1P18000000fExHEAU",
            "resourceId": "a1g18000000tSVUAA2"
          },
          {
            "isAvailable": true,
            "isQualified": true,
            "jobId": "a1P18000000fExHEAU",
            "resourceId": "a1g18000000tT3VAAU",
            "startFromLocation": { "lat": 34.1203608, "lng": -117.7723489 },
            "travelDistanceFrom": 364.42257056143774,
            "travelTimeFrom": 728
          }
        ],
        "regionId": "a1V18000000SLzOEAW",
        "serviceLocationId": "a1R18000001NvgxEAC",
        "address": {
          "fullAddress": "3800 Washington St\r\nSan Francisco, CA 94118\r\nUSA",
          "geometry": { "lat": 37.7891753, "lng": -122.4559681 }
        },
        "duration": 60,
        "endDate": "2019-07-29",
        "endTime": 1500,
        "eventType": "Treatment",
        "scheduleId": "a1T18000001pVGJEA2",
        "startDate": "2019-07-29",
        "startTime": 1400,
        "templateEntryId": "a1C1800000106BFEAY",
        "id": "a1P18000000fExHEAU",
        "name": "JOB-0111",
        "objectType": "job"
      }
    ],
    "resources": [
      {
        "noOfAvailableJobs": 6,
        "photoUrl": "https://liviohealth--skeddev1--c.documentforce.com/profilephoto/005/T",
        "regionId": "a1V18000000SLzOEAW",
        "userId": "00518000003mgzdAAA",
        "address": {
          "fullAddress": "2051 Palou Ave, San Francisco, CA 94124"
        },
        "id": "a1g18000000tSVTAA2",
        "name": "Adam Mays"
      },
      {
        "category": "Customer Service",
        "noOfAvailableJobs": 6,
        "photoUrl": "https://liviohealth--skeddev1--c.documentforce.com/profilephoto/729180000004J6k/T",
        "regionId": "a1V18000000SLzOEAW",
        "userId": "00518000003mgziAAA",
        "address": {
          "fullAddress": "2355 Bay St APT 3, San Francisco, CA 94123"
        },
        "id": "a1g18000000tSVUAA2",
        "name": "Skedulo"
      },
      {
        "category": "Customer Service",
        "noOfAvailableJobs": 6,
        "regionId": "a1V18000000SLzOEAW",
        "resourceTags": [
          {
            "resourceId": "a1g18000000tT1tAAE",
            "tag": { "id": "a1m18000001VmM6AAK", "name": "IT" },
            "tagId": "a1m18000001VmM6AAK",
            "id": "a1f18000001dO30AAE",
            "name": "RT-0",
            "objectType": "resourceTag"
          }
        ],
        "address": {
          "fullAddress": "2201 Louis Mills Blvd, Savannah, GA 31405",
          "geometry": { "lat": 32.0337938, "lng": -81.1517617 }
        },
        "id": "a1g18000000tT1tAAE",
        "name": "Test Resource 1"
      },
      {
        "category": "Customer Service",
        "noOfAvailableJobs": 5,
        "regionId": "a1V18000000SLzOEAW",
        "address": {
          "fullAddress": "4527 Edminster Drive, Laverne, CA 91750, US",
          "geometry": { "lat": 34.1203608, "lng": -117.7723489 }
        },
        "id": "a1g18000000tT3VAAU",
        "name": "Test Resource 102"
      }
    ]
  },
  "errorMessage": "",
  "message": "",
  "success": true,
  "viewData": {
    "patientId": "0011800000iy8YtAAI",
    "regionId": "a1V18000000SLzOEAW",
    "timezoneSidId": "America/Los_Angeles"
  }
}