{
  "data": {
    "resources": {
      "s": 1,
      "v": [
        {
          "s": 2,
          "v": {
            "Id": "a1v19000000sHNLAA2",
            "Name": "Test Resource 86",
            "sked__Email__c": "testresource1@sked.com86",
            "sked__Primary_Region__c": "a1q190000006oWnAAI",
            "sked__Home_Address__c": "2763 Dayton St, Denver, CO 80238, United States",
            "sked__GeoLocation__Longitude__s": -104.9917515,
            "sked__GeoLocation__Latitude__s": 39.746055,
            "sked__Category__c": "Customer Service",
            "sked__Primary_Phone__c": "6178354111",
            "sked__Primary_Region__r": {
              "s": 3,
              "v": {
                "Name": "Community Home Health",
                "Id": "a1q190000006oWnAAI"
              }
            }
          }
        },
        {
          "s": 4,
          "v": {
            "Id": "a1v19000000sHNMAA2",
            "Name": "Test Resource 87",
            "sked__Email__c": "testresource1@sked.com87",
            "sked__Primary_Region__c": "a1q190000006oWnAAI",
            "sked__Home_Address__c": "2763 Dayton St, Denver, CO 80238, United States",
            "sked__GeoLocation__Longitude__s": -104.9919015,
            "sked__GeoLocation__Latitude__s": 39.746055,
            "sked__Category__c": "Customer Service",
            "sked__Primary_Phone__c": "7164564568",
            "sked__Primary_Region__r": {
              "r": 3
            }
          }
        },
        {
          "s": 5,
          "v": {
            "Id": "a1v19000000sHNNAA2",
            "Name": "Test Resource 88",
            "sked__Email__c": "testresource1@sked.com88",
            "sked__Primary_Region__c": "a1q190000006oWnAAI",
            "sked__Home_Address__c": "2763 Dayton St, Denver, CO 80238, United States",
            "sked__GeoLocation__Longitude__s": -104.9920515,
            "sked__GeoLocation__Latitude__s": 39.746055,
            "sked__Category__c": "Customer Service",
            "sked__Primary_Phone__c": "7146766768",
            "sked__Primary_Region__r": {
              "r": 3
            }
          }
        },
        {
          "s": 6,
          "v": {
            "Id": "a1v19000000sHNOAA2",
            "Name": "Test Resource 89",
            "sked__Email__c": "testresource1@sked.com89",
            "sked__Primary_Region__c": "a1q190000006oWnAAI",
            "sked__Home_Address__c": "10325 E 31st Ave, Denver, CO 80238, United States",
            "sked__GeoLocation__Longitude__s": -104.9922015,
            "sked__GeoLocation__Latitude__s": 39.746055,
            "sked__Category__c": "Customer Service",
            "sked__Primary_Phone__c": "8887779990",
            "sked__Primary_Region__r": {
              "r": 3
            }
          }
        },
        {
          "s": 7,
          "v": {
            "Id": "a1v19000000sHM6AAM",
            "Name": "Test Resource 9",
            "sked__Email__c": "testresource1@sked.com9",
            "sked__Primary_Region__c": "a1q190000006oWnAAI",
            "sked__Home_Address__c": "3525 Walnut St, Denver, CO 80205, United States",
            "sked__GeoLocation__Longitude__s": -104.9802015,
            "sked__GeoLocation__Latitude__s": 39.746055,
            "sked__Category__c": "Customer Service",
            "sked__Primary_Phone__c": "7154564449",
            "sked__Primary_Region__r": {
              "r": 3
            }
          }
        },
        {
          "s": 8,
          "v": {
            "Id": "a1v19000000sHNPAA2",
            "Name": "Test Resource 90",
            "sked__Email__c": "testresource1@sked.com90",
            "sked__Primary_Region__c": "a1q190000006oWnAAI",
            "sked__Home_Address__c": "3600 Havana St, Denver, CO 80239, United States",
            "sked__GeoLocation__Longitude__s": -104.9923515,
            "sked__GeoLocation__Latitude__s": 39.746055,
            "sked__Category__c": "Customer Service",
            "sked__Primary_Phone__c": "7154564449",
            "sked__Primary_Region__r": {
              "r": 3
            }
          }
        },
        {
          "s": 9,
          "v": {
            "Id": "a1v19000000sHNQAA2",
            "Name": "Test Resource 91",
            "sked__Email__c": "testresource1@sked.com91",
            "sked__Primary_Region__c": "a1q190000006oWnAAI",
            "sked__Home_Address__c": "9651 M.L.K. Jr Blvd, Denver, CO 80238, United States",
            "sked__GeoLocation__Longitude__s": -104.9925015,
            "sked__GeoLocation__Latitude__s": 39.746055,
            "sked__Category__c": "Customer Service",
            "sked__Primary_Phone__c": "7154564448",
            "sked__Primary_Region__r": {
              "r": 3
            }
          }
        },
        {
          "s": 10,
          "v": {
            "Id": "a1v19000000sHNRAA2",
            "Name": "Test Resource 92",
            "sked__Email__c": "testresource1@sked.com92",
            "sked__Primary_Region__c": "a1q190000006oWnAAI",
            "sked__Home_Address__c": "9196 M.L.K. Jr Blvd, Denver, CO 80238, United States",
            "sked__GeoLocation__Longitude__s": -104.9926515,
            "sked__GeoLocation__Latitude__s": 39.746055,
            "sked__Category__c": "Customer Service",
            "sked__Primary_Phone__c": "7154564555",
            "sked__Primary_Region__r": {
              "r": 3
            }
          }
        },
        {
          "s": 11,
          "v": {
            "Id": "a1v19000000sHNSAA2",
            "Name": "Test Resource 93",
            "sked__Email__c": "testresource1@sked.com93",
            "sked__Primary_Region__c": "a1q190000006oWnAAI",
            "sked__Home_Address__c": "3600 Havana St, Denver, CO 80239, United States",
            "sked__GeoLocation__Longitude__s": -104.9928015,
            "sked__GeoLocation__Latitude__s": 39.746055,
            "sked__Category__c": "Customer Service",
            "sked__Primary_Phone__c": "7154564440",
            "sked__Primary_Region__r": {
              "r": 3
            }
          }
        },
        {
          "s": 12,
          "v": {
            "Id": "a1v19000000sHNTAA2",
            "Name": "Test Resource 94",
            "sked__Email__c": "testresource1@sked.com94",
            "sked__Primary_Region__c": "a1q190000006oWnAAI",
            "sked__Home_Address__c": "9651 M.L.K. Jr Blvd, Denver, CO 80238, United States",
            "sked__GeoLocation__Longitude__s": -104.9929515,
            "sked__GeoLocation__Latitude__s": 39.746055,
            "sked__Category__c": "Customer Service",
            "sked__Primary_Phone__c": "7154563435",
            "sked__Primary_Region__r": {
              "r": 3
            }
          }
        },
        {
          "s": 13,
          "v": {
            "Id": "a1v19000000sHNUAA2",
            "Name": "Test Resource 95",
            "sked__Email__c": "testresource1@sked.com95",
            "sked__Primary_Region__c": "a1q190000006oWnAAI",
            "sked__Home_Address__c": "9196 M.L.K. Jr Blvd, Denver, CO 80238, United States",
            "sked__GeoLocation__Longitude__s": -104.9931015,
            "sked__GeoLocation__Latitude__s": 39.746055,
            "sked__Category__c": "Customer Service",
            "sked__Primary_Phone__c": "7154563489",
            "sked__Primary_Region__r": {
              "r": 3
            }
          }
        },
        {
          "s": 14,
          "v": {
            "Id": "a1v19000000sHNVAA2",
            "Name": "Test Resource 96",
            "sked__Email__c": "testresource1@sked.com96",
            "sked__Primary_Region__c": "a1q190000006oWnAAI",
            "sked__Home_Address__c": "2001 Blake St, Denver, CO 80205, United States",
            "sked__GeoLocation__Longitude__s": -104.9932515,
            "sked__GeoLocation__Latitude__s": 39.746055,
            "sked__Category__c": "Customer Service",
            "sked__Primary_Phone__c": "7154564447",
            "sked__Primary_Region__r": {
              "r": 3
            }
          }
        },
        {
          "s": 15,
          "v": {
            "Id": "a1v19000000sHNWAA2",
            "Name": "Test Resource 97",
            "sked__Email__c": "testresource1@sked.com97",
            "sked__Primary_Region__c": "a1q190000006oWnAAI",
            "sked__Home_Address__c": "500 E 8th Ave, Denver, CO 80203",
            "sked__GeoLocation__Longitude__s": -104.9934015,
            "sked__GeoLocation__Latitude__s": 39.746055,
            "sked__Category__c": "Customer Service",
            "sked__Primary_Phone__c": "7154563434",
            "sked__Primary_Region__r": {
              "r": 3
            }
          }
        },
        {
          "s": 16,
          "v": {
            "Id": "a1v19000000sHNXAA2",
            "Name": "Test Resource 98",
            "sked__Email__c": "testresource1@sked.com98",
            "sked__Primary_Region__c": "a1q190000006oWnAAI",
            "sked__Home_Address__c": "2763 Dayton St, Denver, CO 80238, United States",
            "sked__GeoLocation__Longitude__s": -104.9935515,
            "sked__GeoLocation__Latitude__s": 39.746055,
            "sked__Category__c": "Customer Service",
            "sked__Primary_Phone__c": "7154564444",
            "sked__Primary_Region__r": {
              "r": 3
            }
          }
        },
        {
          "s": 17,
          "v": {
            "Id": "a1v19000000sHNYAA2",
            "Name": "Test Resource 99",
            "sked__Email__c": "testresource1@sked.com99",
            "sked__Primary_Region__c": "a1q190000006oWnAAI",
            "sked__Home_Address__c": "3525 Walnut St, Denver, CO 80205, United States",
            "sked__GeoLocation__Longitude__s": -104.9937015,
            "sked__GeoLocation__Latitude__s": 39.746055,
            "sked__Category__c": "Customer Service",
            "sked__Primary_Phone__c": "7154565623",
            "sked__Primary_Region__r": {
              "r": 3
            }
          }
        }
      ]
    }
  },
  "errorMessage": "",
  "message": "",
  "success": true,
  "viewData": {
    "s": 18,
    "v": {
      "patientId": "0011900000p5UVlAAM",
      "timezoneSidId": "America/Chicago"
    }
  }
}