{
      "data": {
        "jobCancellationReasons": [
          "Availability",
          "Resignation",
          "Rescheduled"
        ],
        "jobTypes": [
          "Treatment",
          "Assessment",
          "Support",
          "Group Event",
          "Initial Evaluation"
        ],
        "holidays": [
          {
            "endDate": "2019-07-03",
            "isGlobal": false,
            "startDate": "2019-07-02",
            "id": "a1D1r00000J2EDHEA3",
            "name": "San Francisco Holiday"
          },
          {
            "endDate": "2019-07-04",
            "isGlobal": true,
            "startDate": "2019-07-04",
            "id": "a1D1r00000J2CbkEAF",
            "name": "Independence Day"
          },
          {
            "endDate": "2019-10-08",
            "isGlobal": true,
            "startDate": "2019-10-08",
            "id": "a1D1r00000J2N59EAF",
            "name": "Columbus Day"
          },
          {
            "endDate": "2019-11-12",
            "isGlobal": true,
            "startDate": "2019-11-12",
            "id": "a1D1r00000J2N5EEAV",
            "name": "Veterans Day"
          },
          {
            "endDate": "2019-10-03",
            "isGlobal": true,
            "startDate": "2019-10-03",
            "id": "a1D1r00000J2N54EAF",
            "name": "Labor Day"
          },
          {
            "endDate": "2019-11-06",
            "isGlobal": false,
            "startDate": "2019-11-06",
            "id": "a1D1r00000J2N5OEAV",
            "name": "Election Day"
          },
          {
            "endDate": "2019-11-04",
            "isGlobal": false,
            "startDate": "2019-11-04",
            "id": "a1D1r00000J2N5JEAV",
            "name": "New York City Marathon"
          },
          {
            "endDate": "2019-04-10",
            "isGlobal": true,
            "startDate": "2019-04-10",
            "id": "a1D1r00000J2CGjEAN",
            "name": "National Library Workers' Day"
          },
          {
            "endDate": "2019-11-04",
            "isGlobal": false,
            "regionId": "a1Q1r00000n8vysEAA",
            "startDate": "2019-11-04",
            "id": "a1C1r00000Di2IoEAJ",
            "name": "New York City Marathon"
          },
          {
            "endDate": "2019-11-06",
            "isGlobal": false,
            "regionId": "a1Q1r00000n8vysEAA",
            "startDate": "2019-11-06",
            "id": "a1C1r00000Di2IpEAJ",
            "name": "Election Day"
          },
          {
            "endDate": "2019-07-03",
            "isGlobal": false,
            "regionId": "a1Q1r00000n8JixEAE",
            "startDate": "2019-07-02",
            "id": "a1C1r00000DhwwgEAB",
            "name": "San Francisco Holiday"
          }
        ],
        "regions": [
          {
            "timezoneSidId": "America/Los_Angeles",
            "id": "a1Q1r00000n8JixEAE",
            "name": "San Francisco"
          },
          {
            "timezoneSidId": "America/Los_Angeles",
            "id": "a1Q1r00000n8iYPEAY",
            "name": "Daly City"
          },
          {
            "timezoneSidId": "America/New_York",
            "id": "a1Q1r00000n8vysEAA",
            "name": "New York"
          }
        ],
        "tags": [
          {
            "id": "a1Y1r00000PT5D4EAL",
            "name": "Nurse"
          },
          {
            "id": "a1Y1r00000PT5CuEAL",
            "name": "Working with children"
          },
          {
            "id": "a1Y1r00000PT3PUEA1",
            "name": "Infusion Nurse"
          },
          {
            "id": "a1Y1r00000PT5CpEAL",
            "name": "Working with vulnerable adults"
          },
          {
            "id": "a1Y1r00000PT5CkEAL",
            "name": "First Aid"
          },
          {
            "id": "a1Y1r00000PT5CzEAL",
            "name": "Carer"
          },
          {
            "id": "a1Y1r00000PT5poEAD",
            "name": "Clinician"
          },
          {
            "id": "a1Y1r00000PT5ptEAD",
            "name": "Therapist"
          },
          {
            "id": "a1Y1r00000PTH1eEAH",
            "name": "ANCC Certification"
          }
        ],
        "timezones": [
          {
            "id": "America/Los_Angeles",
            "name": "America/Los_Angeles",
            "selected": true
          },
          {
            "id": "America/New_York",
            "name": "America/New_York",
            "selected": false
          }
        ],
        "consoleSettings": {
          "defaultDuration": 30,
          "startWorkingTime": 0,
          "calendarEnd": 2400,
          "calendarStart": 0,
          "calendarStep": 30,
          "timePickerStep": 15,
          "dateFormat": "MM/dd/yyyy",
          "datePickerFormat": "D, mm/dd/yy",
          "firstDay": 0,
          "noOfRecurWeeks": 24,
          "viewPeriod": 2
        },
        "eventTypeSettings": [
          {
            "canBePreDated": false,
            "isAvailable": false,
            "objectType": "clientAvailability",
            "step": 30,
            "availableEnd": 1900,
            "availableStart": 800,
            "backgroundColor": "rgb(115, 210, 118)",
            "color": "#54698d",
            "eventType": "Preferred",
            "showLegend": true,
            "id": "m0G1r000000bnmMEAQ"
          },
          {
            "canBePreDated": false,
            "isAvailable": false,
            "objectType": "job",
            "shortName": "Adm",
            "step": 30,
            "availableEnd": 1900,
            "availableStart": 800,
            "backgroundColor": "#0ea7cc",
            "color": "#fff",
            "eventType": "Treatment",
            "showLegend": true,
            "id": "m0G1r000000bnfeEAA"
          },
          {
            "canBePreDated": false,
            "isAvailable": false,
            "objectType": "clientAvailability",
            "step": 30,
            "availableEnd": 1900,
            "availableStart": 800,
            "backgroundColor": "rgb(176, 229, 236)",
            "color": "#54698d",
            "eventType": "Normal",
            "showLegend": true,
            "id": "m0G1r000000bnmHEAQ"
          },
          {
            "canBePreDated": false,
            "isAvailable": false,
            "objectType": "job",
            "shortName": "Adm",
            "step": 30,
            "availableEnd": 1900,
            "availableStart": 800,
            "backgroundColor": "#FFA07A",
            "color": "#fff",
            "eventType": "Support",
            "showLegend": true,
            "id": "m0G1r000000bnftEAA"
          },
          {
            "canBePreDated": false,
            "isAvailable": false,
            "objectType": "job",
            "shortName": "Adm",
            "step": 30,
            "availableEnd": 1900,
            "availableStart": 800,
            "backgroundColor": "#DB7093",
            "color": "#fff",
            "eventType": "Initial Evaluation",
            "showLegend": true,
            "id": "m0G1r000000bnz4EAA"
          },
          {
            "canBePreDated": false,
            "isAvailable": false,
            "objectType": "job",
            "shortName": "Adm",
            "step": 30,
            "availableEnd": 1900,
            "availableStart": 800,
            "backgroundColor": "#9e4831",
            "color": "#fff",
            "eventType": "Group Event",
            "showLegend": true,
            "id": "m0G1r000000bnfoEAA"
          },
          {
            "canBePreDated": false,
            "isAvailable": false,
            "objectType": "job",
            "shortName": "Adm",
            "step": 30,
            "availableEnd": 1900,
            "availableStart": 800,
            "backgroundColor": "#7986cb",
            "color": "#fff",
            "eventType": "Assessment",
            "showLegend": true,
            "id": "m0G1r000000bnfjEAA"
          }
        ],
        "patientSupportPlans": [
          {
            "contactId": "0031r000026lihTAAQ",
            "id": "5001r000020w7zHAAQ",
            "name": "00001096"
          },
          {
            "contactId": "0031r000026lihTAAQ",
            "id": "5001r000020eUndAAE",
            "name": "00001095"
          },
          {
            "contactId": "0031r000026lihTAAQ",
            "id": "5001r00001zwuErAAI",
            "name": "00001070"
          },
          {
            "contactId": "0031r000026lihTAAQ",
            "id": "5001r00001z7Vd8AAE",
            "name": "00001003"
          }
        ],
        "patientContacts": [
          {
            "address": {
              "fullAddress": "Dolores Heights, San Francisco, CA 94114"
            },
            "firstName": "Shawna",
            "isPrimary": true,
            "lastName": "Green",
            "phone": "1234567890",
            "id": "0031r000026lihTAAQ",
            "name": "Shawna Green"
          }
        ],
        "patientLocations": [
          {
            "address": {
              "fullAddress": "855 Folsom St, San Francisco, CA 94107",
              "geometry": {
                "lat": 37.78031,
                "lng": -122.402792
              }
            },
            "id": "a1M1r000005oWDAEA2",
            "name": "Work"
          },
          {
            "address": {
              "fullAddress": "Dolores Heights, San Francisco, CA 94114",
              "geometry": {
                "lat": 37.753763,
                "lng": -122.430819
              }
            },
            "id": "a1M1r000005oVqoEAE",
            "name": "Home"
          }
        ]
      },
      "errorMessage": "",
      "message": "",
      "success": true,
      "viewData": {
        "patientId": "0011r00001owpx8AAA",
        "regionId": "a1Q1r00000n8JixEAE",
        "timezoneSidId": "America/Los_Angeles"
      }
    }