{
    "data": {
        "job": {
            "account": {
                "availabilityType": "Unavailability Only",
                "photoUrl": "/services/images/photo/0011900000oadxtAAA",
                "id": "0011900000oadxtAAA",
                "name": "Ellie Test"
            },
            "accountId": "0011900000oadxtAAA",
            "contact": {
                "accountId": "0011900000oadxtAAA",
                "email": "efikry@skedulo.com",
                "firstName": "Eleanor",
                "lastName": "Fikry",
                "phone": "07545137184",
                "id": "0031900000bN14HAAS",
                "name": "Eleanor Fikry"
            },
            "contactId": "0031900000bN14HAAS",
            "description": "RN Case Manager Initial Assessment for Ellie Test",
            "isCareTeam": true,
            "isGroupEvent": false,
            "jobAllocationCount": 1,
            "jobAllocations": [
                {
                    "resource": {
                        "category": "Customer Service",
                        "employmentType": "Part-time",
                        "photoUrl": "https://lifesprk--SkeduloUAT--c.cs24.content.force.com/profilephoto/005/T",
                        "regionId": "a1q190000006oWnAAI",
                        "regionName": "Community Home Health",
                        "userId": "0051900000358xKAAQ",
                        "address": {
                            "fullAddress": "165 13th Ave NE, Minneapolis, MN 55413, United States",
                            "geometry": {
                                "lat": 45.0012352,
                                "lng": -93.2675289
                            }
                        },
                        "id": "a1v19000000uc4FAAQ",
                        "name": "Skedulo Resource"
                    },
                    "status": "Confirmed",
                    "id": "a1e19000001EubdAAC",
                    "name": "JA-1878",
                    "objectType": "jobAllocation"
                }
            ],
            "jobAttendeeCount": 0,
            "jobOffers": [
                {
                    "jobEndDate": "2020-10-03",
                    "jobEndTime": 400,
                    "jobId": "a1k19000000RRfsAAG",
                    "jobStartDate": "2020-10-03",
                    "jobStartTime": 30,
                    "resourceId": "a1v19000000wkptAAA",
                    "status": "Pending",
                    "id": "a2619000001NjeNAAS",
                    "name": "RJO-00265",
                    "objectType": "resourceJobOffer"
                }
            ],
            "jobStatus": "Ready",
            "jobTags": [
                {
                    "jobId": "a1k19000000RRfsAAG",
                    "tag": {
                        "id": "a1y19000001AGZ7AAO",
                        "name": "Auto Insurance"
                    },
                    "tagId": "a1y19000001AGZ7AAO",
                    "id": "a1h19000001pacAAAQ",
                    "name": "JT_4736",
                    "objectType": "jobTag"
                }
            ],
            "nonBillable": false,
            "regionId": "a1q190000006oWnAAI",
            "serviceLocationId": "a1m19000001ebKFAAY",
            "address": {
                "fullAddress": "530 University Avenue Southeast, Minneapolis, Minnesota 55414, United States",
                "geometry": {
                    "lat": 44.9837854,
                    "lng": -93.2481061
                }
            },
            "duration": 210,
            "endDate": "2020-10-03",
            "endTime": 400,
            "eventType": "RN Case Manager Initial Assessment",
            "scheduleId": "a1o19000000jPrnAAE",
            "startDate": "2020-10-03",
            "startTime": 30,
            "createdOnDate": "2020-08-20",
            "createdOnTime": 1118,
            "id": "a1k19000000RRfsAAG",
            "name": "JOB-8188",
            "objectType": "job"
        }
    },
    "errorMessage": "",
    "message": "",
    "success": true,
    "viewData": {
        "patientId": "0011900000oadxtAAA",
        "timezoneSidId": "America/Chicago"
    }
}
