{
            "data": {
                "jobs": [
                    {
                        "supportPlanId": "5001r00001zxoFBAAY",
                        "contactId": "0031r000029CYGVAA4",
                        "description": "",
                        "notes": "",
                        "patientId": "0011r00001qlz1O",
                        "possibleAllocations": [
                            {
                                "isAvailable": true,
                                "isQualified": true,
                                "jobId": "1",
                                "resourceId": "a1V1r00000HcVlIEAV",
                                "startFromLocation": {
                                    "lat": 37.797413,
                                    "lng": -122.401375
                                },
                                "travelDistanceFrom": 3.521572277548523,
                                "travelTimeFrom": 11
                            },
                            {
                                "goToLocation": {
                                    "lat": 37.753763,
                                    "lng": -122.430819
                                },
                                "isAvailable": true,
                                "isQualified": true,
                                "jobId": "1",
                                "resourceId": "a1V1r00000HcVlOEAV",
                                "startFromLocation": {
                                    "lat": 37.786176,
                                    "lng": -122.418958
                                },
                                "travelDistanceFrom": 2.46047938623716,
                                "travelTimeFrom": 7,
                                "travelTimeTo": 9
                            },
                            {
                                "isAvailable": true,
                                "isQualified": true,
                                "jobId": "1",
                                "resourceId": "a1V1r00000Hcce8EAB",
                                "startFromLocation": {
                                    "lat": 37.9582437,
                                    "lng": -121.2468587
                                },
                                "travelDistanceFrom": 67.45193159946434,
                                "travelTimeFrom": 217
                            },
                            {
                                "isAvailable": true,
                                "isQualified": true,
                                "jobId": "1",
                                "resourceId": "a1V1r00000HcceZEAR",
                                "startFromLocation": {
                                    "lat": 34.1859364,
                                    "lng": -118.387134
                                },
                                "travelDistanceFrom": 337.2618091666989,
                                "travelTimeFrom": 1085
                            },
                            {
                                "isAvailable": true,
                                "isQualified": true,
                                "jobId": "1",
                                "resourceId": "a1V1r00000Hcce7EAB",
                                "startFromLocation": {
                                    "lat": 37.2507728,
                                    "lng": -121.8224038
                                },
                                "travelDistanceFrom": 50.98921633215724,
                                "travelTimeFrom": 164
                            },
                            {
                                "isAvailable": true,
                                "isQualified": true,
                                "jobId": "1",
                                "resourceId": "a1V1r00000HcceaEAB",
                                "startFromLocation": {
                                    "lat": 32.845792,
                                    "lng": -116.774487
                                },
                                "travelDistanceFrom": 468.1648360186563,
                                "travelTimeFrom": 1506
                            },
                            {
                                "isAvailable": true,
                                "isQualified": true,
                                "jobId": "1",
                                "resourceId": "a1V1r00000Hcce6EAB",
                                "startFromLocation": {
                                    "lat": 37.1235368,
                                    "lng": -121.6600419
                                },
                                "travelDistanceFrom": 63.51853503283212,
                                "travelTimeFrom": 204
                            },
                            {
                                "isAvailable": true,
                                "isQualified": true,
                                "jobId": "1",
                                "resourceId": "a1V1r00000HcceQEAR",
                                "startFromLocation": {
                                    "lat": 34.0443874,
                                    "lng": -118.3250294
                                },
                                "travelDistanceFrom": 346.974129047757,
                                "travelTimeFrom": 1116
                            },
                            {
                                "isAvailable": true,
                                "isQualified": true,
                                "jobId": "1",
                                "resourceId": "a1V1r00000HcceMEAR",
                                "startFromLocation": {
                                    "lat": 37.63509,
                                    "lng": -122.493584
                                },
                                "travelDistanceFrom": 10.498878404860049,
                                "travelTimeFrom": 33
                            },
                            {
                                "isAvailable": true,
                                "isQualified": true,
                                "jobId": "1",
                                "resourceId": "a1V1r00000HcceIEAR",
                                "startFromLocation": {
                                    "lat": 36.8136415,
                                    "lng": -119.8546854
                                },
                                "travelDistanceFrom": 158.33972550183435,
                                "travelTimeFrom": 509
                            },
                            {
                                "isAvailable": true,
                                "isQualified": true,
                                "jobId": "1",
                                "resourceId": "a1V1r00000HcceJEAR",
                                "startFromLocation": {
                                    "lat": 36.8478939,
                                    "lng": -119.782342
                                },
                                "travelDistanceFrom": 160.95213944880413,
                                "travelTimeFrom": 518
                            },
                            {
                                "isAvailable": true,
                                "isQualified": true,
                                "jobId": "1",
                                "resourceId": "a1V1r00000HcceOEAR",
                                "startFromLocation": {
                                    "lat": 38.0079168,
                                    "lng": -122.0253518
                                },
                                "travelDistanceFrom": 28.438254876295883,
                                "travelTimeFrom": 91
                            },
                            {
                                "isAvailable": true,
                                "isQualified": true,
                                "jobId": "1",
                                "resourceId": "a1V1r00000HcceYEAR",
                                "startFromLocation": {
                                    "lat": 34.3199958,
                                    "lng": -118.413784
                                },
                                "travelDistanceFrom": 329.3388579781926,
                                "travelTimeFrom": 1060
                            },
                            {
                                "isAvailable": true,
                                "isQualified": true,
                                "jobId": "1",
                                "resourceId": "a1V1r00000Hcce5EAB",
                                "startFromLocation": {
                                    "lat": 37.425262,
                                    "lng": -121.882625
                                },
                                "travelDistanceFrom": 40.38941077000924,
                                "travelTimeFrom": 130
                            },
                            {
                                "isAvailable": true,
                                "isQualified": true,
                                "jobId": "1",
                                "resourceId": "a1V1r00000HcceXEAR",
                                "startFromLocation": {
                                    "lat": 34.2646932,
                                    "lng": -118.3028824
                                },
                                "travelDistanceFrom": 336.4275520546909,
                                "travelTimeFrom": 1082
                            },
                            {
                                "isAvailable": true,
                                "isQualified": true,
                                "jobId": "1",
                                "resourceId": "a1V1r00000Hcx0hEAB",
                                "startFromLocation": {
                                    "lat": 37.5921025,
                                    "lng": -122.38334229999998
                                },
                                "travelDistanceFrom": 14.05367066608587,
                                "travelTimeFrom": 45
                            },
                            {
                                "isAvailable": true,
                                "isQualified": true,
                                "jobId": "1",
                                "resourceId": "a1V1r00000HcceFEAR",
                                "startFromLocation": {
                                    "lat": 36.1874413,
                                    "lng": -119.3190318
                                },
                                "travelDistanceFrom": 205.68580427055232,
                                "travelTimeFrom": 662
                            },
                            {
                                "isAvailable": true,
                                "isQualified": true,
                                "jobId": "1",
                                "resourceId": "a1V1r00000HcceLEAR",
                                "startFromLocation": {
                                    "lat": 36.5992391,
                                    "lng": -121.9326674
                                },
                                "travelDistanceFrom": 87.00583697590558,
                                "travelTimeFrom": 280
                            }
                        ],
                        "quantity": 4,
                        "regionId": "a1Q1r00000n8JixEAE",
                        "tagIds": [],
                        "address": {
                            "fullAddress": "4330 California St, San Francisco, CA 94118, USA",
                            "geometry": {
                                "lat": 37.7852289,
                                "lng": -122.4640016
                            }
                        },
                        "duration": 120,
                        "endTime": 0,
                        "eventType": "Initial Evaluation",
                        "startDate": "2019-06-28",
                        "startTime": 1000,
                        "id": "1"
                    }
                ],
                "resources": [
                    {
                        "address": {
                            "geometry": {
                                "lat": 37.797413,
                                "lng": -122.401375
                            }
                        },
                        "category": "Therapist",
                        "noOfAvailableJobs": 1,
                        "photoUrl": "https://skedhealth1--c.eu12.content.force.com/profilephoto/7291r000000BH79/T",
                        "regionName": "San Francisco",
                        "tags": [],
                        "userId": "0051r000008SRQ3AAO",
                        "id": "a1V1r00000HcVlIEAV",
                        "name": "David Morrison"
                    },
                    {
                        "address": {
                            "geometry": {
                                "lat": 37.786176,
                                "lng": -122.418958
                            }
                        },
                        "category": "Therapist",
                        "noOfAvailableJobs": 1,
                        "photoUrl": "https://skedhealth1--c.eu12.content.force.com/profilephoto/7291r000000IGd4/T",
                        "regionName": "San Francisco",
                        "tags": [],
                        "userId": "0051r0000075KbMAAU",
                        "id": "a1V1r00000HcVlOEAV",
                        "name": "Skedulo Team"
                    },
                    {
                        "address": {
                            "geometry": {
                                "lat": 37.9582437,
                                "lng": -121.2468587
                            }
                        },
                        "category": "Therapist",
                        "noOfAvailableJobs": 1,
                        "regionName": "San Francisco",
                        "tags": [],
                        "id": "a1V1r00000Hcce8EAB",
                        "name": "Test Resource 4"
                    },
                    {
                        "address": {
                            "geometry": {
                                "lat": 34.1859364,
                                "lng": -118.387134
                            }
                        },
                        "category": "Therapist",
                        "noOfAvailableJobs": 1,
                        "regionName": "San Francisco",
                        "tags": [],
                        "id": "a1V1r00000HcceZEAR",
                        "name": "Test Resource 31"
                    },
                    {
                        "address": {
                            "geometry": {
                                "lat": 37.2507728,
                                "lng": -121.8224038
                            }
                        },
                        "category": "Therapist",
                        "noOfAvailableJobs": 1,
                        "regionName": "San Francisco",
                        "tags": [],
                        "id": "a1V1r00000Hcce7EAB",
                        "name": "Test Resource 3"
                    },
                    {
                        "address": {
                            "geometry": {
                                "lat": 32.845792,
                                "lng": -116.774487
                            }
                        },
                        "category": "Therapist",
                        "noOfAvailableJobs": 1,
                        "regionName": "San Francisco",
                        "tags": [],
                        "id": "a1V1r00000HcceaEAB",
                        "name": "Test Resource 32"
                    },
                    {
                        "address": {
                            "geometry": {
                                "lat": 37.1235368,
                                "lng": -121.6600419
                            }
                        },
                        "category": "Therapist",
                        "noOfAvailableJobs": 1,
                        "regionName": "San Francisco",
                        "tags": [],
                        "id": "a1V1r00000Hcce6EAB",
                        "name": "Test Resource 2"
                    },
                    {
                        "address": {
                            "geometry": {
                                "lat": 34.0443874,
                                "lng": -118.3250294
                            }
                        },
                        "category": "Therapist",
                        "noOfAvailableJobs": 1,
                        "regionName": "San Francisco",
                        "tags": [],
                        "id": "a1V1r00000HcceQEAR",
                        "name": "Test Resource 22"
                    },
                    {
                        "address": {
                            "geometry": {
                                "lat": 37.63509,
                                "lng": -122.493584
                            }
                        },
                        "category": "Therapist",
                        "noOfAvailableJobs": 1,
                        "regionName": "San Francisco",
                        "tags": [],
                        "id": "a1V1r00000HcceMEAR",
                        "name": "Test Resource 18"
                    },
                    {
                        "address": {
                            "geometry": {
                                "lat": 36.8136415,
                                "lng": -119.8546854
                            }
                        },
                        "category": "Therapist",
                        "noOfAvailableJobs": 1,
                        "regionName": "San Francisco",
                        "tags": [],
                        "id": "a1V1r00000HcceIEAR",
                        "name": "Test Resource 14"
                    },
                    {
                        "address": {
                            "geometry": {
                                "lat": 36.8478939,
                                "lng": -119.782342
                            }
                        },
                        "category": "Therapist",
                        "noOfAvailableJobs": 1,
                        "regionName": "San Francisco",
                        "tags": [],
                        "id": "a1V1r00000HcceJEAR",
                        "name": "Test Resource 15"
                    },
                    {
                        "address": {
                            "geometry": {
                                "lat": 38.0079168,
                                "lng": -122.0253518
                            }
                        },
                        "category": "Therapist",
                        "noOfAvailableJobs": 1,
                        "regionName": "San Francisco",
                        "tags": [],
                        "id": "a1V1r00000HcceOEAR",
                        "name": "Test Resource 20"
                    },
                    {
                        "address": {
                            "geometry": {
                                "lat": 34.3199958,
                                "lng": -118.413784
                            }
                        },
                        "category": "Therapist",
                        "noOfAvailableJobs": 1,
                        "regionName": "San Francisco",
                        "tags": [],
                        "id": "a1V1r00000HcceYEAR",
                        "name": "Test Resource 30"
                    },
                    {
                        "address": {
                            "geometry": {
                                "lat": 37.425262,
                                "lng": -121.882625
                            }
                        },
                        "category": "Therapist",
                        "noOfAvailableJobs": 1,
                        "photoUrl": "https://skedhealth1--c.eu12.content.force.com/profilephoto/7291r000000BH79/T",
                        "regionName": "San Francisco",
                        "tags": [],
                        "userId": "0051r000008SRQ3AAO",
                        "id": "a1V1r00000Hcce5EAB",
                        "name": "Test Resource 1"
                    },
                    {
                        "address": {
                            "geometry": {
                                "lat": 34.2646932,
                                "lng": -118.3028824
                            }
                        },
                        "category": "Therapist",
                        "noOfAvailableJobs": 1,
                        "regionName": "San Francisco",
                        "tags": [],
                        "id": "a1V1r00000HcceXEAR",
                        "name": "Test Resource 29"
                    },
                    {
                        "address": {
                            "geometry": {
                                "lat": 37.5921025,
                                "lng": -122.38334229999998
                            }
                        },
                        "category": "Therapist",
                        "noOfAvailableJobs": 1,
                        "photoUrl": "https://skedhealth1--c.eu12.content.force.com/profilephoto/7291r000000IH6C/T",
                        "regionName": "San Francisco",
                        "tags": [],
                        "userId": "0051r000008rD2EAAU",
                        "id": "a1V1r00000Hcx0hEAB",
                        "name": "Toni Turner"
                    },
                    {
                        "address": {
                            "geometry": {
                                "lat": 36.1874413,
                                "lng": -119.3190318
                            }
                        },
                        "category": "Therapist",
                        "noOfAvailableJobs": 1,
                        "regionName": "San Francisco",
                        "tags": [],
                        "id": "a1V1r00000HcceFEAR",
                        "name": "Test Resource 11"
                    },
                    {
                        "address": {
                            "geometry": {
                                "lat": 36.5992391,
                                "lng": -121.9326674
                            }
                        },
                        "category": "Therapist",
                        "noOfAvailableJobs": 1,
                        "regionName": "San Francisco",
                        "tags": [],
                        "id": "a1V1r00000HcceLEAR",
                        "name": "Test Resource 17"
                    }
                ],
                "timezoneSidId": "America/Los_Angeles"
            },
            "errorMessage": "",
            "message": "",
            "success": true
        }