 {
      "data": {
        "cancellationReasons": [
          "Availability",
          "Resignation",
          "Rescheduled"
        ],
        "supportPlans": [
          {
            "contactId": "0031r000026lihTAAQ",
            "id": "5001r000020w7zHAAQ",
            "name": "00001096"
          },
          {
            "contactId": "0031r000026lihTAAQ",
            "id": "5001r000020eUndAAE",
            "name": "00001095"
          },
          {
            "contactId": "0031r000026lihTAAQ",
            "id": "5001r00001zwuErAAI",
            "name": "00001070"
          },
          {
            "contactId": "0031r000026lihTAAQ",
            "id": "5001r00001z7Vd8AAE",
            "name": "00001003"
          }
        ],
        "contacts": [
          {
            "address": {
              "fullAddress": "Dolores Heights, San Francisco, CA 94114"
            },
            "firstName": "Shawna",
            "isPrimary": true,
            "lastName": "Green",
            "phone": "1234567890",
            "id": "0031r000026lihTAAQ",
            "name": "Shawna Green"
          }
        ],
        "gridSettings": {
          "calendarEnd": 2400,
          "calendarStart": 600,
          "calendarStep": 30,
          "timePickerStep": 15,
          "dateFormat": "MM/dd/yyyy",
          "datePickerFormat": "D, mm/dd/yy",
          "firstDay": 0,
          "noOfRecurWeeks": 52,
          "viewPeriod": 2
        },
        "jobTypes": [
          "Initial Evaluation"
        ],
        "patient": {
          "id": "0011r00001owpx8AAA",
          "name": "Shawna Green"
        },
        "tags": [
          {
            "id": "a1Y1r00000PTH1eEAH",
            "name": "ANCC Certification"
          },
          {
            "id": "a1Y1r00000PT5CzEAL",
            "name": "Carer"
          },
          {
            "id": "a1Y1r00000PT5poEAD",
            "name": "Clinician"
          },
          {
            "id": "a1Y1r00000PT5CkEAL",
            "name": "First Aid"
          },
          {
            "id": "a1Y1r00000PT3PUEA1",
            "name": "Infusion Nurse"
          },
          {
            "id": "a1Y1r00000PT5D4EAL",
            "name": "Nurse"
          },
          {
            "id": "a1Y1r00000PT5ptEAD",
            "name": "Therapist"
          },
          {
            "id": "a1Y1r00000PT5CuEAL",
            "name": "Working with children"
          },
          {
            "id": "a1Y1r00000PT5CpEAL",
            "name": "Working with vulnerable adults"
          }
        ]
      },
      "errorMessage": "",
      "message": "",
      "success": true
    }