{
      "data": [
        {
          "accountId": "0011r00001owpx8AAA",
          "supportPlanId": "5001r000020w7zHAAQ",
          "supportPlanNumber": "00001096",
          "contactId": "0031r000026lihTAAQ",
          "contactName": "Shawna Green",
          "description": "Treatment",
          "isCareTeam": false,
          "jobAllocationCount": 0,
          "jobAttendeeCount": 0,
          "jobStatus": "Pending Allocation",
          "patientId": "0011r00001owpx8AAA",
          "patientName": "Shawna Green",
          "quantity": 0,
          "regionId": "a1Q1r00000n8JixEAE",
          "serviceLocationId": "a1M1r000005oVqoEAE",
          "address": {
            "fullAddress": "Dolores Heights, San Francisco, CA 94114",
            "geometry": {
              "lat": 37.753763,
              "lng": -122.430819
            }
          },
          "duration": 120,
          "endDate": "2019-10-03",
          "endTime": 1630,
          "eventType": "Treatment",
          "finish": 1533310200000,
          "objectType": "job",
          "start": 1533303000000,
          "startDate": "2019-10-03",
          "startTime": 1430,
          "id": "a1K1r0000053y9TEAQ",
          "name": "JOB-1693"
        },
        {
          "accountId": "0011r00001owpx8AAA",
          "supportPlanId": "5001r000020w7zHAAQ",
          "supportPlanNumber": "00001096",
          "contactId": "0031r000026lihTAAQ",
          "contactName": "Shawna Green",
          "description": "Treatment",
          "isCareTeam": false,
          "jobAllocationCount": 0,
          "jobAttendeeCount": 0,
          "jobStatus": "Pending Allocation",
          "patientId": "0011r00001owpx8AAA",
          "patientName": "Shawna Green",
          "quantity": 0,
          "regionId": "a1Q1r00000n8JixEAE",
          "serviceLocationId": "a1M1r000005oVqoEAE",
          "address": {
            "fullAddress": "Dolores Heights, San Francisco, CA 94114",
            "geometry": {
              "lat": 37.753763,
              "lng": -122.430819
            }
          },
          "duration": 60,
          "endDate": "2019-10-03",
          "endTime": 1530,
          "eventType": "Treatment",
          "finish": 1533306600000,
          "objectType": "job",
          "start": 1533303000000,
          "startDate": "2019-10-03",
          "startTime": 1430,
          "id": "a1K1r0000053y9nEAA",
          "name": "JOB-1696"
        },
        {
          "accountId": "0011r00001owpx8AAA",
          "supportPlanId": "5001r000020w7zHAAQ",
          "supportPlanNumber": "00001096",
          "contactId": "0031r000026lihTAAQ",
          "contactName": "Shawna Green",
          "description": "Treatment",
          "isCareTeam": false,
          "jobAllocationCount": 0,
          "jobAttendeeCount": 0,
          "jobStatus": "Pending Allocation",
          "patientId": "0011r00001owpx8AAA",
          "patientName": "Shawna Green",
          "quantity": 0,
          "regionId": "a1Q1r00000n8JixEAE",
          "serviceLocationId": "a1M1r000005oVqoEAE",
          "address": {
            "fullAddress": "Dolores Heights, San Francisco, CA 94114",
            "geometry": {
              "lat": 37.753763,
              "lng": -122.430819
            }
          },
          "duration": 120,
          "endDate": "2019-10-03",
          "endTime": 1730,
          "eventType": "Treatment",
          "finish": 1533313800000,
          "objectType": "job",
          "start": 1533306600000,
          "startDate": "2019-10-03",
          "startTime": 1530,
          "id": "a1K1r0000053y9OEAQ",
          "name": "JOB-1692"
        },
        {
          "accountId": "0011r00001owpx8AAA",
          "allocations": [
            {
              "resource": {
                "address": {
                  "fullAddress": "325 Pacific Ave, San Francisco, CA 94111, USA",
                  "geometry": {
                    "lat": 37.797413,
                    "lng": -122.401375
                  }
                },
                "category": "Therapist",
                "photoUrl": "/patients/profilephoto/7291r000000BH79/T",
                "regionId": "a1Q1r00000n8JixEAE",
                "regionName": "San Francisco",
                "userId": "0051r000008SRQ3AAO",
                "id": "a1V1r00000HcVlIEAV",
                "name": "David Morrison"
              },
              "objectType": "jobAllocation",
              "id": "a1E1r00000X7P1KEAV",
              "name": "JA-1394"
            }
          ],
          "supportPlanId": "5001r000020eUndAAE",
          "supportPlanNumber": "00001095",
          "contactId": "0031r000026lihTAAQ",
          "contactName": "Shawna Green",
          "description": "Support for Shawna Green",
          "isCareTeam": false,
          "jobAllocationCount": 1,
          "jobAttendeeCount": 0,
          "jobStatus": "Pending Dispatch",
          "patientId": "0011r00001owpx8AAA",
          "patientName": "Shawna Green",
          "quantity": 1,
          "regionId": "a1Q1r00000n8JixEAE",
          "address": {
            "fullAddress": "Dolores Heights, San Francisco, CA 94114, USA",
            "geometry": {
              "lat": 37.7573107,
              "lng": -122.4331655
            },
            "postalCode": "94114"
          },
          "duration": 60,
          "endDate": "2019-10-06",
          "endTime": 1600,
          "eventType": "Support",
          "finish": 1533567600000,
          "objectType": "job",
          "start": 1533564000000,
          "startDate": "2019-10-06",
          "startTime": 1500,
          "id": "a1K1r0000053v4mEAA",
          "name": "JOB-1589"
        },
        {
          "accountId": "0011r00001owpx8AAA",
          "allocations": [
            {
              "resource": {
                "address": {
                  "fullAddress": "325 Pacific Ave, San Francisco, CA 94111, USA",
                  "geometry": {
                    "lat": 37.797413,
                    "lng": -122.401375
                  }
                },
                "category": "Therapist",
                "photoUrl": "/patients/profilephoto/7291r000000BH79/T",
                "regionId": "a1Q1r00000n8JixEAE",
                "regionName": "San Francisco",
                "userId": "0051r000008SRQ3AAO",
                "id": "a1V1r00000HcVlIEAV",
                "name": "David Morrison"
              },
              "objectType": "jobAllocation",
              "id": "a1E1r00000X7P1LEAV",
              "name": "JA-1395"
            }
          ],
          "supportPlanId": "5001r000020w7zHAAQ",
          "supportPlanNumber": "00001096",
          "contactId": "0031r000026lihTAAQ",
          "contactName": "Shawna Green",
          "description": "Treatment for Shawna Green",
          "isCareTeam": false,
          "jobAllocationCount": 1,
          "jobAttendeeCount": 0,
          "jobStatus": "Pending Dispatch",
          "patientId": "0011r00001owpx8AAA",
          "patientName": "Shawna Green",
          "regionId": "a1Q1r00000n8JixEAE",
          "scheduleId": "a1O1r00000Cdc8uEAB",
          "serviceLocationId": "a1M1r000005oWDAEA2",
          "address": {
            "fullAddress": "855 Folsom St, San Francisco, CA 94107",
            "geometry": {
              "lat": 37.78031,
              "lng": -122.402792
            }
          },
          "duration": 90,
          "endDate": "2019-10-06",
          "endTime": 1930,
          "eventType": "Treatment",
          "finish": 1533580200000,
          "objectType": "job",
          "start": 1533574800000,
          "startDate": "2019-10-06",
          "startTime": 1800,
          "id": "a1K1r0000053v4cEAA",
          "name": "JOB-1579"
        },
        {
          "accountId": "0011r00001owpx8AAA",
          "allocations": [
            {
              "resource": {
                "address": {
                  "fullAddress": "706 Polk St, San Francisco, CA 94109",
                  "geometry": {
                    "lat": 37.786176,
                    "lng": -122.418958
                  }
                },
                "category": "Therapist",
                "photoUrl": "/patients/profilephoto/7291r000000IGd4/T",
                "regionId": "a1Q1r00000n8JixEAE",
                "regionName": "San Francisco",
                "userId": "0051r0000075KbMAAU",
                "id": "a1V1r00000HcVlOEAV",
                "name": "Skedulo Team"
              },
              "objectType": "jobAllocation",
              "id": "a1E1r00000X7P1NEAV",
              "name": "JA-1397"
            },
            {
              "resource": {
                "address": {
                  "fullAddress": "2268 Bush St, San Francisco, CA 94115, US",
                  "geometry": {
                    "lat": 37.787143,
                    "lng": -122.434634
                  }
                },
                "category": "Therapist",
                "regionId": "a1Q1r00000n8JixEAE",
                "regionName": "San Francisco",
                "id": "a1V1r00000HcceNEAR",
                "name": "Test Resource 19"
              },
              "objectType": "jobAllocation",
              "id": "a1E1r00000X7P1MEAV",
              "name": "JA-1396"
            }
          ],
          "supportPlanId": "5001r00001z7Vd8AAE",
          "supportPlanNumber": "00001003",
          "contactId": "0031r000026lihTAAQ",
          "contactName": "Shawna Green",
          "description": "Treatment for Shawna Green",
          "isCareTeam": false,
          "jobAllocationCount": 2,
          "jobAttendeeCount": 0,
          "jobStatus": "Pending Dispatch",
          "patientId": "0011r00001owpx8AAA",
          "patientName": "Shawna Green",
          "quantity": 2,
          "regionId": "a1Q1r00000n8JixEAE",
          "address": {
            "fullAddress": "Dolores Heights, San Francisco, CA 94114, USA",
            "geometry": {
              "lat": 37.7573107,
              "lng": -122.4331655
            },
            "postalCode": "94114"
          },
          "duration": 90,
          "endDate": "2019-10-07",
          "endTime": 1800,
          "eventType": "Treatment",
          "finish": 1533661200000,
          "objectType": "job",
          "start": 1533655800000,
          "startDate": "2019-10-07",
          "startTime": 1630,
          "id": "a1K1r0000053v4rEAA",
          "name": "JOB-1590"
        },
        {
          "accountId": "0011r00001owpx8AAA",
          "allocations": [
            {
              "resource": {
                "address": {
                  "fullAddress": "325 Pacific Ave, San Francisco, CA 94111, USA",
                  "geometry": {
                    "lat": 37.797413,
                    "lng": -122.401375
                  }
                },
                "category": "Therapist",
                "photoUrl": "/patients/profilephoto/7291r000000BH79/T",
                "regionId": "a1Q1r00000n8JixEAE",
                "regionName": "San Francisco",
                "userId": "0051r000008SRQ3AAO",
                "id": "a1V1r00000HcVlIEAV",
                "name": "David Morrison"
              },
              "objectType": "jobAllocation",
              "id": "a1E1r00000X7P1OEAV",
              "name": "JA-1398"
            }
          ],
          "supportPlanId": "5001r000020w7zHAAQ",
          "supportPlanNumber": "00001096",
          "contactId": "0031r000026lihTAAQ",
          "contactName": "Shawna Green",
          "description": "Treatment for Shawna Green",
          "isCareTeam": false,
          "jobAllocationCount": 1,
          "jobAttendeeCount": 0,
          "jobStatus": "Pending Dispatch",
          "patientId": "0011r00001owpx8AAA",
          "patientName": "Shawna Green",
          "regionId": "a1Q1r00000n8JixEAE",
          "scheduleId": "a1O1r00000Cdc8uEAB",
          "serviceLocationId": "a1M1r000005oWDAEA2",
          "address": {
            "fullAddress": "855 Folsom St, San Francisco, CA 94107",
            "geometry": {
              "lat": 37.78031,
              "lng": -122.402792
            }
          },
          "duration": 90,
          "endDate": "2019-10-07",
          "endTime": 1930,
          "eventType": "Treatment",
          "finish": 1533666600000,
          "objectType": "job",
          "start": 1533661200000,
          "startDate": "2019-10-07",
          "startTime": 1800,
          "id": "a1K1r0000053v4eEAA",
          "name": "JOB-1581"
        },
        {
          "accountId": "0011r00001owpx8AAA",
          "allocations": [
            {
              "resource": {
                "address": {
                  "fullAddress": "325 Pacific Ave, San Francisco, CA 94111, USA",
                  "geometry": {
                    "lat": 37.797413,
                    "lng": -122.401375
                  }
                },
                "category": "Therapist",
                "photoUrl": "/patients/profilephoto/7291r000000BH79/T",
                "regionId": "a1Q1r00000n8JixEAE",
                "regionName": "San Francisco",
                "userId": "0051r000008SRQ3AAO",
                "id": "a1V1r00000HcVlIEAV",
                "name": "David Morrison"
              },
              "objectType": "jobAllocation",
              "id": "a1E1r00000X7P1PEAV",
              "name": "JA-1399"
            }
          ],
          "contactId": "0031r000026lihTAAQ",
          "contactName": "Shawna Green",
          "description": "Initial Evaluation for Shawna Green",
          "isCareTeam": false,
          "jobAllocationCount": 1,
          "jobAttendeeCount": 0,
          "jobStatus": "Pending Dispatch",
          "patientId": "0011r00001owpx8AAA",
          "patientName": "Shawna Green",
          "quantity": 2,
          "regionId": "a1Q1r00000n8JixEAE",
          "address": {
            "fullAddress": "Dolores Heights, San Francisco, CA 94114, USA",
            "geometry": {
              "lat": 37.7573107,
              "lng": -122.4331655
            },
            "postalCode": "94114"
          },
          "duration": 60,
          "endDate": "2019-10-08",
          "endTime": 1630,
          "eventType": "Initial Evaluation",
          "finish": 1533742200000,
          "objectType": "job",
          "start": 1533738600000,
          "startDate": "2019-10-08",
          "startTime": 1530,
          "id": "a1K1r0000053v4wEAA",
          "name": "JOB-1591"
        },
        {
          "accountId": "0011r00001owpx8AAA",
          "allocations": [
            {
              "resource": {
                "address": {
                  "fullAddress": "325 Pacific Ave, San Francisco, CA 94111, USA",
                  "geometry": {
                    "lat": 37.797413,
                    "lng": -122.401375
                  }
                },
                "category": "Therapist",
                "photoUrl": "/patients/profilephoto/7291r000000BH79/T",
                "regionId": "a1Q1r00000n8JixEAE",
                "regionName": "San Francisco",
                "userId": "0051r000008SRQ3AAO",
                "id": "a1V1r00000HcVlIEAV",
                "name": "David Morrison"
              },
              "objectType": "jobAllocation",
              "id": "a1E1r00000X7P1QEAV",
              "name": "JA-1400"
            }
          ],
          "supportPlanId": "5001r000020w7zHAAQ",
          "supportPlanNumber": "00001096",
          "contactId": "0031r000026lihTAAQ",
          "contactName": "Shawna Green",
          "description": "Treatment for Shawna Green",
          "isCareTeam": false,
          "jobAllocationCount": 1,
          "jobAttendeeCount": 0,
          "jobStatus": "Pending Dispatch",
          "patientId": "0011r00001owpx8AAA",
          "patientName": "Shawna Green",
          "regionId": "a1Q1r00000n8JixEAE",
          "scheduleId": "a1O1r00000Cdc8uEAB",
          "serviceLocationId": "a1M1r000005oWDAEA2",
          "address": {
            "fullAddress": "855 Folsom St, San Francisco, CA 94107",
            "geometry": {
              "lat": 37.78031,
              "lng": -122.402792
            }
          },
          "duration": 90,
          "endDate": "2019-10-08",
          "endTime": 1930,
          "eventType": "Treatment",
          "finish": 1533753000000,
          "objectType": "job",
          "start": 1533747600000,
          "startDate": "2019-10-08",
          "startTime": 1800,
          "id": "a1K1r0000053v4gEAA",
          "name": "JOB-1583"
        },
        {
          "accountId": "0011r00001owpx8AAA",
          "allocations": [
            {
              "resource": {
                "address": {
                  "fullAddress": "325 Pacific Ave, San Francisco, CA 94111, USA",
                  "geometry": {
                    "lat": 37.797413,
                    "lng": -122.401375
                  }
                },
                "category": "Therapist",
                "photoUrl": "/patients/profilephoto/7291r000000BH79/T",
                "regionId": "a1Q1r00000n8JixEAE",
                "regionName": "San Francisco",
                "userId": "0051r000008SRQ3AAO",
                "id": "a1V1r00000HcVlIEAV",
                "name": "David Morrison"
              },
              "objectType": "jobAllocation",
              "id": "a1E1r00000X7P1REAV",
              "name": "JA-1401"
            }
          ],
          "supportPlanId": "5001r00001z7Vd8AAE",
          "supportPlanNumber": "00001003",
          "contactId": "0031r000026lihTAAQ",
          "contactName": "Shawna Green",
          "description": "Assessment for Shawna Green",
          "isCareTeam": false,
          "jobAllocationCount": 1,
          "jobAttendeeCount": 0,
          "jobStatus": "Pending Dispatch",
          "patientId": "0011r00001owpx8AAA",
          "patientName": "Shawna Green",
          "quantity": 1,
          "regionId": "a1Q1r00000n8JixEAE",
          "address": {
            "fullAddress": "Dolores Heights, San Francisco, CA 94114, USA",
            "geometry": {
              "lat": 37.7573107,
              "lng": -122.4331655
            },
            "postalCode": "94114"
          },
          "duration": 90,
          "endDate": "2019-10-09",
          "endTime": 1730,
          "eventType": "Assessment",
          "finish": 1533832200000,
          "objectType": "job",
          "start": 1533826800000,
          "startDate": "2019-10-09",
          "startTime": 1600,
          "id": "a1K1r0000053v51EAA",
          "name": "JOB-1592"
        },
        {
          "accountId": "0011r00001owpx8AAA",
          "allocations": [
            {
              "resource": {
                "address": {
                  "fullAddress": "325 Pacific Ave, San Francisco, CA 94111, USA",
                  "geometry": {
                    "lat": 37.797413,
                    "lng": -122.401375
                  }
                },
                "category": "Therapist",
                "photoUrl": "/patients/profilephoto/7291r000000BH79/T",
                "regionId": "a1Q1r00000n8JixEAE",
                "regionName": "San Francisco",
                "userId": "0051r000008SRQ3AAO",
                "id": "a1V1r00000HcVlIEAV",
                "name": "David Morrison"
              },
              "objectType": "jobAllocation",
              "id": "a1E1r00000X7P1SEAV",
              "name": "JA-1402"
            }
          ],
          "supportPlanId": "5001r000020w7zHAAQ",
          "supportPlanNumber": "00001096",
          "contactId": "0031r000026lihTAAQ",
          "contactName": "Shawna Green",
          "description": "Treatment for Shawna Green",
          "isCareTeam": false,
          "jobAllocationCount": 1,
          "jobAttendeeCount": 0,
          "jobStatus": "Pending Dispatch",
          "patientId": "0011r00001owpx8AAA",
          "patientName": "Shawna Green",
          "regionId": "a1Q1r00000n8JixEAE",
          "scheduleId": "a1O1r00000Cdc8uEAB",
          "serviceLocationId": "a1M1r000005oWDAEA2",
          "address": {
            "fullAddress": "855 Folsom St, San Francisco, CA 94107",
            "geometry": {
              "lat": 37.78031,
              "lng": -122.402792
            }
          },
          "duration": 90,
          "endDate": "2019-10-09",
          "endTime": 1930,
          "eventType": "Treatment",
          "finish": 1533839400000,
          "objectType": "job",
          "start": 1533834000000,
          "startDate": "2019-10-09",
          "startTime": 1800,
          "id": "a1K1r0000053v4iEAA",
          "name": "JOB-1585"
        },
        {
          "accountId": "0011r00001owpx8AAA",
          "allocations": [
            {
              "resource": {
                "address": {
                  "fullAddress": "325 Pacific Ave, San Francisco, CA 94111, USA",
                  "geometry": {
                    "lat": 37.797413,
                    "lng": -122.401375
                  }
                },
                "category": "Therapist",
                "photoUrl": "/patients/profilephoto/7291r000000BH79/T",
                "regionId": "a1Q1r00000n8JixEAE",
                "regionName": "San Francisco",
                "userId": "0051r000008SRQ3AAO",
                "id": "a1V1r00000HcVlIEAV",
                "name": "David Morrison"
              },
              "objectType": "jobAllocation",
              "id": "a1E1r00000X7P1TEAV",
              "name": "JA-1403"
            }
          ],
          "supportPlanId": "5001r000020w7zHAAQ",
          "supportPlanNumber": "00001096",
          "contactId": "0031r000026lihTAAQ",
          "contactName": "Shawna Green",
          "description": "Treatment for Shawna Green",
          "isCareTeam": false,
          "jobAllocationCount": 1,
          "jobAttendeeCount": 0,
          "jobStatus": "Pending Dispatch",
          "patientId": "0011r00001owpx8AAA",
          "patientName": "Shawna Green",
          "regionId": "a1Q1r00000n8JixEAE",
          "scheduleId": "a1O1r00000Cdc8uEAB",
          "serviceLocationId": "a1M1r000005oWDAEA2",
          "address": {
            "fullAddress": "855 Folsom St, San Francisco, CA 94107",
            "geometry": {
              "lat": 37.78031,
              "lng": -122.402792
            }
          },
          "duration": 90,
          "endDate": "2019-10-10",
          "endTime": 1930,
          "eventType": "Treatment",
          "finish": 1533925800000,
          "objectType": "job",
          "start": 1533920400000,
          "startDate": "2019-10-10",
          "startTime": 1800,
          "id": "a1K1r0000053v4kEAA",
          "name": "JOB-1587"
        },
        {
          "accountId": "0011r00001owpx8AAA",
          "allocations": [
            {
              "resource": {
                "address": {
                  "fullAddress": "325 Pacific Ave, San Francisco, CA 94111, USA",
                  "geometry": {
                    "lat": 37.797413,
                    "lng": -122.401375
                  }
                },
                "category": "Therapist",
                "photoUrl": "/patients/profilephoto/7291r000000BH79/T",
                "regionId": "a1Q1r00000n8JixEAE",
                "regionName": "San Francisco",
                "userId": "0051r000008SRQ3AAO",
                "id": "a1V1r00000HcVlIEAV",
                "name": "David Morrison"
              },
              "objectType": "jobAllocation",
              "id": "a1E1r00000X7P1UEAV",
              "name": "JA-1404"
            }
          ],
          "supportPlanId": "5001r000020w7zHAAQ",
          "supportPlanNumber": "00001096",
          "contactId": "0031r000026lihTAAQ",
          "contactName": "Shawna Green",
          "description": "Treatment for Shawna Green",
          "isCareTeam": false,
          "jobAllocationCount": 1,
          "jobAttendeeCount": 0,
          "jobStatus": "Pending Dispatch",
          "patientId": "0011r00001owpx8AAA",
          "patientName": "Shawna Green",
          "regionId": "a1Q1r00000n8JixEAE",
          "scheduleId": "a1O1r00000Cdc8uEAB",
          "serviceLocationId": "a1M1r000005oWDAEA2",
          "address": {
            "fullAddress": "855 Folsom St, San Francisco, CA 94107",
            "geometry": {
              "lat": 37.78031,
              "lng": -122.402792
            }
          },
          "duration": 90,
          "endDate": "2019-10-13",
          "endTime": 1930,
          "eventType": "Treatment",
          "finish": 1534185000000,
          "objectType": "job",
          "start": 1534179600000,
          "startDate": "2019-10-13",
          "startTime": 1800,
          "id": "a1K1r0000053v4dEAA",
          "name": "JOB-1580"
        },
        {
          "accountId": "0011r00001owpx8AAA",
          "allocations": [
            {
              "resource": {
                "address": {
                  "fullAddress": "325 Pacific Ave, San Francisco, CA 94111, USA",
                  "geometry": {
                    "lat": 37.797413,
                    "lng": -122.401375
                  }
                },
                "category": "Therapist",
                "photoUrl": "/patients/profilephoto/7291r000000BH79/T",
                "regionId": "a1Q1r00000n8JixEAE",
                "regionName": "San Francisco",
                "userId": "0051r000008SRQ3AAO",
                "id": "a1V1r00000HcVlIEAV",
                "name": "David Morrison"
              },
              "objectType": "jobAllocation",
              "id": "a1E1r00000X7P1VEAV",
              "name": "JA-1405"
            }
          ],
          "supportPlanId": "5001r000020w7zHAAQ",
          "supportPlanNumber": "00001096",
          "contactId": "0031r000026lihTAAQ",
          "contactName": "Shawna Green",
          "description": "Treatment for Shawna Green",
          "isCareTeam": false,
          "jobAllocationCount": 1,
          "jobAttendeeCount": 0,
          "jobStatus": "Pending Dispatch",
          "patientId": "0011r00001owpx8AAA",
          "patientName": "Shawna Green",
          "regionId": "a1Q1r00000n8JixEAE",
          "scheduleId": "a1O1r00000Cdc8uEAB",
          "serviceLocationId": "a1M1r000005oWDAEA2",
          "address": {
            "fullAddress": "855 Folsom St, San Francisco, CA 94107",
            "geometry": {
              "lat": 37.78031,
              "lng": -122.402792
            }
          },
          "duration": 90,
          "endDate": "2019-10-14",
          "endTime": 1930,
          "eventType": "Treatment",
          "finish": 1534271400000,
          "objectType": "job",
          "start": 1534266000000,
          "startDate": "2019-10-14",
          "startTime": 1800,
          "id": "a1K1r0000053v4fEAA",
          "name": "JOB-1582"
        },
        {
          "accountId": "0011r00001owpx8AAA",
          "allocations": [
            {
              "resource": {
                "address": {
                  "fullAddress": "325 Pacific Ave, San Francisco, CA 94111, USA",
                  "geometry": {
                    "lat": 37.797413,
                    "lng": -122.401375
                  }
                },
                "category": "Therapist",
                "photoUrl": "/patients/profilephoto/7291r000000BH79/T",
                "regionId": "a1Q1r00000n8JixEAE",
                "regionName": "San Francisco",
                "userId": "0051r000008SRQ3AAO",
                "id": "a1V1r00000HcVlIEAV",
                "name": "David Morrison"
              },
              "objectType": "jobAllocation",
              "id": "a1E1r00000X7P1WEAV",
              "name": "JA-1406"
            }
          ],
          "supportPlanId": "5001r000020w7zHAAQ",
          "supportPlanNumber": "00001096",
          "contactId": "0031r000026lihTAAQ",
          "contactName": "Shawna Green",
          "description": "Treatment for Shawna Green",
          "isCareTeam": false,
          "jobAllocationCount": 1,
          "jobAttendeeCount": 0,
          "jobStatus": "Pending Dispatch",
          "patientId": "0011r00001owpx8AAA",
          "patientName": "Shawna Green",
          "regionId": "a1Q1r00000n8JixEAE",
          "scheduleId": "a1O1r00000Cdc8uEAB",
          "serviceLocationId": "a1M1r000005oWDAEA2",
          "address": {
            "fullAddress": "855 Folsom St, San Francisco, CA 94107",
            "geometry": {
              "lat": 37.78031,
              "lng": -122.402792
            }
          },
          "duration": 90,
          "endDate": "2019-10-15",
          "endTime": 1930,
          "eventType": "Treatment",
          "finish": 1534357800000,
          "objectType": "job",
          "start": 1534352400000,
          "startDate": "2019-10-15",
          "startTime": 1800,
          "id": "a1K1r0000053v4hEAA",
          "name": "JOB-1584"
        },
        {
          "accountId": "0011r00001owpx8AAA",
          "allocations": [
            {
              "resource": {
                "address": {
                  "fullAddress": "325 Pacific Ave, San Francisco, CA 94111, USA",
                  "geometry": {
                    "lat": 37.797413,
                    "lng": -122.401375
                  }
                },
                "category": "Therapist",
                "photoUrl": "/patients/profilephoto/7291r000000BH79/T",
                "regionId": "a1Q1r00000n8JixEAE",
                "regionName": "San Francisco",
                "userId": "0051r000008SRQ3AAO",
                "id": "a1V1r00000HcVlIEAV",
                "name": "David Morrison"
              },
              "objectType": "jobAllocation",
              "id": "a1E1r00000X7P1XEAV",
              "name": "JA-1407"
            }
          ],
          "supportPlanId": "5001r000020w7zHAAQ",
          "supportPlanNumber": "00001096",
          "contactId": "0031r000026lihTAAQ",
          "contactName": "Shawna Green",
          "description": "Treatment for Shawna Green",
          "isCareTeam": false,
          "jobAllocationCount": 1,
          "jobAttendeeCount": 0,
          "jobStatus": "Pending Dispatch",
          "patientId": "0011r00001owpx8AAA",
          "patientName": "Shawna Green",
          "regionId": "a1Q1r00000n8JixEAE",
          "scheduleId": "a1O1r00000Cdc8uEAB",
          "serviceLocationId": "a1M1r000005oWDAEA2",
          "address": {
            "fullAddress": "855 Folsom St, San Francisco, CA 94107",
            "geometry": {
              "lat": 37.78031,
              "lng": -122.402792
            }
          },
          "duration": 90,
          "endDate": "2019-10-16",
          "endTime": 1930,
          "eventType": "Treatment",
          "finish": 1534444200000,
          "objectType": "job",
          "start": 1534438800000,
          "startDate": "2019-10-16",
          "startTime": 1800,
          "id": "a1K1r0000053v4jEAA",
          "name": "JOB-1586"
        },
        {
          "accountId": "0011r00001owpx8AAA",
          "allocations": [
            {
              "resource": {
                "address": {
                  "fullAddress": "325 Pacific Ave, San Francisco, CA 94111, USA",
                  "geometry": {
                    "lat": 37.797413,
                    "lng": -122.401375
                  }
                },
                "category": "Therapist",
                "photoUrl": "/patients/profilephoto/7291r000000BH79/T",
                "regionId": "a1Q1r00000n8JixEAE",
                "regionName": "San Francisco",
                "userId": "0051r000008SRQ3AAO",
                "id": "a1V1r00000HcVlIEAV",
                "name": "David Morrison"
              },
              "objectType": "jobAllocation",
              "id": "a1E1r00000X7P1YEAV",
              "name": "JA-1408"
            }
          ],
          "supportPlanId": "5001r000020w7zHAAQ",
          "supportPlanNumber": "00001096",
          "contactId": "0031r000026lihTAAQ",
          "contactName": "Shawna Green",
          "description": "Treatment for Shawna Green",
          "isCareTeam": false,
          "jobAllocationCount": 1,
          "jobAttendeeCount": 0,
          "jobStatus": "Pending Dispatch",
          "patientId": "0011r00001owpx8AAA",
          "patientName": "Shawna Green",
          "regionId": "a1Q1r00000n8JixEAE",
          "scheduleId": "a1O1r00000Cdc8uEAB",
          "serviceLocationId": "a1M1r000005oWDAEA2",
          "address": {
            "fullAddress": "855 Folsom St, San Francisco, CA 94107",
            "geometry": {
              "lat": 37.78031,
              "lng": -122.402792
            }
          },
          "duration": 90,
          "endDate": "2019-10-17",
          "endTime": 1930,
          "eventType": "Treatment",
          "finish": 1534530600000,
          "objectType": "job",
          "start": 1534525200000,
          "startDate": "2019-10-17",
          "startTime": 1800,
          "id": "a1K1r0000053v4lEAA",
          "name": "JOB-1588"
        },
        {
          "accountId": "0011r00001owpx8AAA",
          "allocations": [
            {
              "resource": {
                "address": {
                  "fullAddress": "325 Pacific Ave, San Francisco, CA 94111, USA",
                  "geometry": {
                    "lat": 37.797413,
                    "lng": -122.401375
                  }
                },
                "category": "Therapist",
                "photoUrl": "/patients/profilephoto/7291r000000BH79/T",
                "regionId": "a1Q1r00000n8JixEAE",
                "regionName": "San Francisco",
                "userId": "0051r000008SRQ3AAO",
                "id": "a1V1r00000HcVlIEAV",
                "name": "David Morrison"
              },
              "objectType": "jobAllocation",
              "id": "a1E1r00000X7P1ZEAV",
              "name": "JA-1409"
            }
          ],
          "supportPlanId": "5001r000020w7zHAAQ",
          "supportPlanNumber": "00001096",
          "contactId": "0031r000026lihTAAQ",
          "contactName": "Shawna Green",
          "description": "support 1",
          "isCareTeam": false,
          "jobAllocationCount": 1,
          "jobAttendeeCount": 0,
          "jobStatus": "Pending Dispatch",
          "patientId": "0011r00001owpx8AAA",
          "patientName": "Shawna Green",
          "quantity": 1,
          "regionId": "a1Q1r00000n8JixEAE",
          "address": {
            "fullAddress": "Dolores Heights, San Francisco, CA 94114, USA",
            "geometry": {
              "lat": 37.7573107,
              "lng": -122.4331655
            },
            "postalCode": "94114"
          },
          "duration": 30,
          "endDate": "2019-10-04",
          "endTime": 2200,
          "eventType": "Treatment",
          "finish": 1536094800000,
          "objectType": "job",
          "start": 1536093000000,
          "startDate": "2019-10-04",
          "startTime": 2130,
          "id": "a1K1r0000053uIeEAI",
          "name": "JOB-1522"
        },
        {
          "accountId": "0011r00001owpx8AAA",
          "allocations": [
            {
              "resource": {
                "address": {
                  "fullAddress": "325 Pacific Ave, San Francisco, CA 94111, USA",
                  "geometry": {
                    "lat": 37.797413,
                    "lng": -122.401375
                  }
                },
                "category": "Therapist",
                "photoUrl": "/patients/profilephoto/7291r000000BH79/T",
                "regionId": "a1Q1r00000n8JixEAE",
                "regionName": "San Francisco",
                "userId": "0051r000008SRQ3AAO",
                "id": "a1V1r00000HcVlIEAV",
                "name": "David Morrison"
              },
              "objectType": "jobAllocation",
              "id": "a1E1r00000X7P1aEAF",
              "name": "JA-1410"
            }
          ],
          "supportPlanId": "5001r000020eUndAAE",
          "supportPlanNumber": "00001095",
          "contactId": "0031r000026lihTAAQ",
          "contactName": "Shawna Green",
          "isCareTeam": false,
          "jobAllocationCount": 1,
          "jobAttendeeCount": 0,
          "jobStatus": "Pending Dispatch",
          "patientId": "0011r00001owpx8AAA",
          "patientName": "Shawna Green",
          "quantity": 1,
          "regionId": "a1Q1r00000n8JixEAE",
          "address": {
            "fullAddress": "Dolores Heights, San Francisco, CA 94114, USA",
            "geometry": {
              "lat": 37.7573107,
              "lng": -122.4331655
            },
            "postalCode": "94114"
          },
          "duration": 90,
          "endDate": "2019-10-13",
          "endTime": 1900,
          "eventType": "Support",
          "finish": 1536861600000,
          "objectType": "job",
          "start": 1536856200000,
          "startDate": "2019-10-13",
          "startTime": 1730,
          "id": "a1K1r0000053uIjEAI",
          "name": "JOB-1523"
        },
        {
          "accountId": "0011r00001owpx8AAA",
          "allocations": [
            {
              "resource": {
                "address": {
                  "fullAddress": "325 Pacific Ave, San Francisco, CA 94111, USA",
                  "geometry": {
                    "lat": 37.797413,
                    "lng": -122.401375
                  }
                },
                "category": "Therapist",
                "photoUrl": "/patients/profilephoto/7291r000000BH79/T",
                "regionId": "a1Q1r00000n8JixEAE",
                "regionName": "San Francisco",
                "userId": "0051r000008SRQ3AAO",
                "id": "a1V1r00000HcVlIEAV",
                "name": "David Morrison"
              },
              "objectType": "jobAllocation",
              "id": "a1E1r00000X7P1bEAF",
              "name": "JA-1411"
            }
          ],
          "supportPlanId": "5001r000020w7zHAAQ",
          "supportPlanNumber": "00001096",
          "contactId": "0031r000026lihTAAQ",
          "contactName": "Shawna Green",
          "description": "Treatment for Shawna Green",
          "isCareTeam": false,
          "jobAllocationCount": 1,
          "jobAttendeeCount": 0,
          "jobStatus": "Pending Dispatch",
          "patientId": "0011r00001owpx8AAA",
          "patientName": "Shawna Green",
          "regionId": "a1Q1r00000n8JixEAE",
          "duration": 180,
          "endDate": "2019-10-11",
          "endTime": 1900,
          "eventType": "Treatment",
          "finish": 1539280800000,
          "objectType": "job",
          "start": 1539270000000,
          "startDate": "2019-10-11",
          "startTime": 1600,
          "id": "a1K1r0000053ul9EAA",
          "name": "JOB-1563"
        },
        {
          "accountId": "0011r00001owpx8AAA",
          "allocations": [
            {
              "resource": {
                "address": {
                  "fullAddress": "325 Pacific Ave, San Francisco, CA 94111, USA",
                  "geometry": {
                    "lat": 37.797413,
                    "lng": -122.401375
                  }
                },
                "category": "Therapist",
                "photoUrl": "/patients/profilephoto/7291r000000BH79/T",
                "regionId": "a1Q1r00000n8JixEAE",
                "regionName": "San Francisco",
                "userId": "0051r000008SRQ3AAO",
                "id": "a1V1r00000HcVlIEAV",
                "name": "David Morrison"
              },
              "objectType": "jobAllocation",
              "id": "a1E1r00000X7P1cEAF",
              "name": "JA-1412"
            }
          ],
          "supportPlanId": "5001r000020eUndAAE",
          "supportPlanNumber": "00001095",
          "contactId": "0031r000026lihTAAQ",
          "contactName": "Shawna Green",
          "description": "Treatment",
          "isCareTeam": false,
          "jobAllocationCount": 1,
          "jobAttendeeCount": 0,
          "jobStatus": "Pending Dispatch",
          "patientId": "0011r00001owpx8AAA",
          "patientName": "Shawna Green",
          "quantity": 0,
          "regionId": "a1Q1r00000n8JixEAE",
          "serviceLocationId": "a1M1r000005oWDAEA2",
          "address": {
            "fullAddress": "855 Folsom St, San Francisco, CA 94107",
            "geometry": {
              "lat": 37.78031,
              "lng": -122.402792
            }
          },
          "duration": 240,
          "endDate": "2019-10-12",
          "endTime": 2100,
          "eventType": "Treatment",
          "finish": 1539374400000,
          "objectType": "job",
          "start": 1539360000000,
          "startDate": "2019-10-12",
          "startTime": 1700,
          "id": "a1K1r0000053xBtEAI",
          "name": "JOB-1665"
        },
        {
          "accountId": "0011r00001owpx8AAA",
          "allocations": [
            {
              "resource": {
                "address": {
                  "fullAddress": "325 Pacific Ave, San Francisco, CA 94111, USA",
                  "geometry": {
                    "lat": 37.797413,
                    "lng": -122.401375
                  }
                },
                "category": "Therapist",
                "photoUrl": "/patients/profilephoto/7291r000000BH79/T",
                "regionId": "a1Q1r00000n8JixEAE",
                "regionName": "San Francisco",
                "userId": "0051r000008SRQ3AAO",
                "id": "a1V1r00000HcVlIEAV",
                "name": "David Morrison"
              },
              "objectType": "jobAllocation",
              "id": "a1E1r00000X7P1dEAF",
              "name": "JA-1413"
            }
          ],
          "supportPlanId": "5001r000020w7zHAAQ",
          "supportPlanNumber": "00001096",
          "contactId": "0031r000026lihTAAQ",
          "contactName": "Shawna Green",
          "description": "Treatment for Shawna Green",
          "isCareTeam": false,
          "jobAllocationCount": 1,
          "jobAttendeeCount": 0,
          "jobStatus": "Pending Dispatch",
          "patientId": "0011r00001owpx8AAA",
          "patientName": "Shawna Green",
          "regionId": "a1Q1r00000n8JixEAE",
          "duration": 120,
          "endDate": "2019-10-13",
          "endTime": 1900,
          "eventType": "Treatment",
          "finish": 1539453600000,
          "objectType": "job",
          "start": 1539446400000,
          "startDate": "2019-10-13",
          "startTime": 1700,
          "id": "a1K1r0000053ul4EAA",
          "name": "JOB-1562"
        },
        {
          "accountId": "0011r00001owpx8AAA",
          "allocations": [
            {
              "resource": {
                "address": {
                  "fullAddress": "325 Pacific Ave, San Francisco, CA 94111, USA",
                  "geometry": {
                    "lat": 37.797413,
                    "lng": -122.401375
                  }
                },
                "category": "Therapist",
                "photoUrl": "/patients/profilephoto/7291r000000BH79/T",
                "regionId": "a1Q1r00000n8JixEAE",
                "regionName": "San Francisco",
                "userId": "0051r000008SRQ3AAO",
                "id": "a1V1r00000HcVlIEAV",
                "name": "David Morrison"
              },
              "objectType": "jobAllocation",
              "id": "a1E1r00000X7P1eEAF",
              "name": "JA-1414"
            }
          ],
          "supportPlanId": "5001r000020w7zHAAQ",
          "supportPlanNumber": "00001096",
          "contactId": "0031r000026lihTAAQ",
          "contactName": "Shawna Green",
          "description": "May '19 treatment",
          "isCareTeam": false,
          "jobAllocationCount": 1,
          "jobAttendeeCount": 0,
          "jobOffers": [
            {
              "jobId": "a1K1r0000053uIoEAI",
              "resourceId": "a1V1r00000Hcx0hEAB",
              "id": "a231r000009Q5j3AAC",
              "name": "JO-000211"
            }
          ],
          "jobStatus": "Pending Dispatch",
          "patientId": "0011r00001owpx8AAA",
          "patientName": "Shawna Green",
          "regionId": "a1Q1r00000n8JixEAE",
          "serviceLocationId": "a1M1r000005oWDAEA2",
          "address": {
            "fullAddress": "855 Folsom St, San Francisco, CA 94107",
            "geometry": {
              "lat": 37.78031,
              "lng": -122.402792
            }
          },
          "duration": 90,
          "endDate": "2019-05-06",
          "endTime": 1900,
          "eventType": "Treatment",
          "finish": 1557165600000,
          "objectType": "job",
          "start": 1557160200000,
          "startDate": "2019-05-06",
          "startTime": 1730,
          "id": "a1K1r0000053uIoEAI",
          "name": "JOB-1524"
        },
        {
          "accountId": "0011r00001owpx8AAA",
          "allocations": [
            {
              "resource": {
                "address": {
                  "fullAddress": "325 Pacific Ave, San Francisco, CA 94111, USA",
                  "geometry": {
                    "lat": 37.797413,
                    "lng": -122.401375
                  }
                },
                "category": "Therapist",
                "photoUrl": "/patients/profilephoto/7291r000000BH79/T",
                "regionId": "a1Q1r00000n8JixEAE",
                "regionName": "San Francisco",
                "userId": "0051r000008SRQ3AAO",
                "id": "a1V1r00000HcVlIEAV",
                "name": "David Morrison"
              },
              "objectType": "jobAllocation",
              "id": "a1E1r00000X7P1fEAF",
              "name": "JA-1415"
            }
          ],
          "supportPlanId": "5001r000020w7zHAAQ",
          "supportPlanNumber": "00001096",
          "contactId": "0031r000026lihTAAQ",
          "contactName": "Shawna Green",
          "description": "Treatment",
          "isCareTeam": false,
          "jobAllocationCount": 1,
          "jobAttendeeCount": 0,
          "jobStatus": "Pending Dispatch",
          "patientId": "0011r00001owpx8AAA",
          "patientName": "Shawna Green",
          "quantity": 0,
          "regionId": "a1Q1r00000n8JixEAE",
          "serviceLocationId": "a1M1r000005oWDAEA2",
          "address": {
            "fullAddress": "855 Folsom St, San Francisco, CA 94107",
            "geometry": {
              "lat": 37.78031,
              "lng": -122.402792
            }
          },
          "duration": 60,
          "endDate": "2019-07-08",
          "endTime": 1800,
          "eventType": "Treatment",
          "finish": 1562605200000,
          "objectType": "job",
          "start": 1562601600000,
          "startDate": "2019-07-08",
          "startTime": 1700,
          "id": "a1K1r0000053wVjEAI",
          "name": "JOB-1616"
        },
        {
          "accountId": "0011r00001owpx8AAA",
          "allocations": [
            {
              "resource": {
                "address": {
                  "fullAddress": "325 Pacific Ave, San Francisco, CA 94111, USA",
                  "geometry": {
                    "lat": 37.797413,
                    "lng": -122.401375
                  }
                },
                "category": "Therapist",
                "photoUrl": "/patients/profilephoto/7291r000000BH79/T",
                "regionId": "a1Q1r00000n8JixEAE",
                "regionName": "San Francisco",
                "userId": "0051r000008SRQ3AAO",
                "id": "a1V1r00000HcVlIEAV",
                "name": "David Morrison"
              },
              "objectType": "jobAllocation",
              "id": "a1E1r00000X7P1gEAF",
              "name": "JA-1416"
            }
          ],
          "supportPlanId": "5001r000020eUndAAE",
          "supportPlanNumber": "00001095",
          "contactId": "0031r000026lihTAAQ",
          "contactName": "Shawna Green",
          "description": "Treatment",
          "isCareTeam": false,
          "jobAllocationCount": 1,
          "jobAttendeeCount": 0,
          "jobStatus": "Pending Dispatch",
          "patientId": "0011r00001owpx8AAA",
          "patientName": "Shawna Green",
          "quantity": 0,
          "regionId": "a1Q1r00000n8JixEAE",
          "serviceLocationId": "a1M1r000005oWDAEA2",
          "address": {
            "fullAddress": "855 Folsom St, San Francisco, CA 94107",
            "geometry": {
              "lat": 37.78031,
              "lng": -122.402792
            }
          },
          "duration": 60,
          "endDate": "2020-03-09",
          "endTime": 1800,
          "eventType": "Treatment",
          "finish": 1583776800000,
          "objectType": "job",
          "start": 1583773200000,
          "startDate": "2020-03-09",
          "startTime": 1700,
          "id": "a1K1r0000053wVtEAI",
          "name": "JOB-1618"
        },
        {
          "accountId": "0011r00001owpx8AAA",
          "allocations": [
            {
              "resource": {
                "address": {
                  "fullAddress": "325 Pacific Ave, San Francisco, CA 94111, USA",
                  "geometry": {
                    "lat": 37.797413,
                    "lng": -122.401375
                  }
                },
                "category": "Therapist",
                "photoUrl": "/patients/profilephoto/7291r000000BH79/T",
                "regionId": "a1Q1r00000n8JixEAE",
                "regionName": "San Francisco",
                "userId": "0051r000008SRQ3AAO",
                "id": "a1V1r00000HcVlIEAV",
                "name": "David Morrison"
              },
              "objectType": "jobAllocation",
              "id": "a1E1r00000X7P1hEAF",
              "name": "JA-1417"
            }
          ],
          "supportPlanId": "5001r00001zwuErAAI",
          "supportPlanNumber": "00001070",
          "contactId": "0031r000026lihTAAQ",
          "contactName": "Shawna Green",
          "description": "Treatment",
          "isCareTeam": false,
          "jobAllocationCount": 1,
          "jobAttendeeCount": 0,
          "jobStatus": "Pending Dispatch",
          "patientId": "0011r00001owpx8AAA",
          "patientName": "Shawna Green",
          "quantity": 0,
          "regionId": "a1Q1r00000n8JixEAE",
          "serviceLocationId": "a1M1r000005oWDAEA2",
          "address": {
            "fullAddress": "855 Folsom St, San Francisco, CA 94107",
            "geometry": {
              "lat": 37.78031,
              "lng": -122.402792
            }
          },
          "duration": 60,
          "endDate": "2020-06-22",
          "endTime": 1800,
          "eventType": "Treatment",
          "finish": 1592845200000,
          "objectType": "job",
          "start": 1592841600000,
          "startDate": "2020-06-22",
          "startTime": 1700,
          "id": "a1K1r0000053wW3EAI",
          "name": "JOB-1619"
        }
      ],
      "errorMessage": "",
      "message": "",
      "success": true
    }