{
  "data": {
    "permissionSetting": {
      "autoApplySkeduloLicense": true,
      "permissionSetAssignmentRules": [
        {
          "id": "a0x25000001dLOMAA2",
          "name": "Administrator Permission Set",
          "permissionSetIds": [
            "0PS4J000000EyVdWAK",
            "0PS25000000ExctGAC",
            "0PS25000000EreCGAS",
            "0PS4J000000EyVYWA0",
            "0PS4J000000EyVcWAK",
            "0PS4J000000EyVeWAK"
          ],
          "profileId": "00e4J0000018msFQAQ",
          "skeduloUserType": "Administrator"
        },
        {
          "id": "a0x25000001dLOCAA2",
          "name": "Test3",
          "permissionSetIds": [
            "0PS25000000EreCGAS",
            "0PS4J000000EyVcWAK"
          ],
          "skeduloUserType": "Administrator"
        },
        {
          "id": "a0x25000001dLO7AAM",
          "name": "Resource Permission Set",
          "permissionSetIds": [
            "0PS25000000EvY5GAK",
            "0PS4J000000EyVaWAK"
          ],
          "skeduloUserType": "Resource"
        },
        {
          "id": "a0x25000001dKkbAAE",
          "name": "Scheduler Permission Set",
          "permissionSetIds": [
            "0PS25000000EreCGAS",
            "0PS4J000000EyVcWAK"
          ],
          "skeduloUserType": "Scheduler"
        }
      ]
    }
  },
  "errorMessage": "",
  "success": true
}