{
  "data": {
  	"racSetting": {
      "autoApproveAvailability": true,
      "calendarEnd": 1900,
      "calendarStart": 700,
      "calendarStep": 30,
      "timePickerStep": 15,
      "dateFormat": "MM/dd/yyyy",
      "datePickerFormat": "D, mm/dd/yy",
      "enableActivity": true,
      "enableAvailabilityTemplate": true,
      "enableShift": false,
      "firstDay": 0,
      "monthPickerFormat": "MMM, yyyy",
      "noOfRecurWeeks": 52,
      "respectResourceTimezone": false,
      "showLegend": true,
      "viewPeriod": 2,
      "weekPickerFormat": "s[M d] - e[M d, yy]"
    }
  },
  "errorMessage": "",
  "success": true
}