{
  "data": {
  	"eventTypeSettings": [
          {
            "availableEnd": 1900,
            "availableStart": 800,
            "backgroundColor": "#a55eea",
            "canBePreDated": false,
            "color": "#fff",
            "eventType": "Miscellaneous",
            "id": "m0OV00000004CT4MAM",
            "isAvailable": false,
            "objectType": "activity",
            "shortName": "MIS",
            "showLegend": true,
            "step": 30
          },
          {
            "availableEnd": 1900,
            "availableStart": 800,
            "backgroundColor": "#32CD32",
            "canBePreDated": false,
            "color": "#fff",
            "eventType": "Available",
            "id": "m0OV00000004CSvMAM",
            "isAvailable": true,
            "objectType": "availability",
            "shortName": "A",
            "showLegend": true,
            "step": 30
          },
          {
            "availableEnd": 1900,
            "availableStart": 800,
            "backgroundColor": "#0ea7cc",
            "canBePreDated": false,
            "color": "#fff",
            "eventType": "Treatment",
            "id": "m0OV00000004CTFMA2",
            "isAvailable": false,
            "objectType": "job",
            "shortName": "Adm",
            "showLegend": true,
            "step": 30
          },
          {
            "availableEnd": 2400,
            "availableStart": 0,
            "backgroundColor": "#d8dde6",
            "canBePreDated": false,
            "color": "#fff",
            "eventType": "non-working",
            "id": "m0OV00000004CTHMA2",
            "isAvailable": false,
            "objectType": "availability",
            "showLegend": false,
            "step": 30
          },
          {
            "availableEnd": 1900,
            "availableStart": 800,
            "backgroundColor": "#9e4831",
            "canBePreDated": false,
            "color": "#fff",
            "eventType": "Group Event",
            "id": "m0OV00000004CT0MAM",
            "isAvailable": false,
            "objectType": "job",
            "shortName": "Adm",
            "showLegend": true,
            "step": 30
          },
          {
            "availableEnd": 1900,
            "availableStart": 800,
            "backgroundColor": "#f4ec04",
            "canBePreDated": false,
            "color": "#fff",
            "eventStatus": "Pending",
            "eventType": "Contractor - Time Off",
            "id": "m0OV00000004CTrMAM",
            "isAvailable": false,
            "objectType": "availability",
            "shortName": "CC",
            "showLegend": true,
            "step": 30
          },
          {
            "availableEnd": 1900,
            "availableStart": 800,
            "backgroundColor": "#7986cb",
            "canBePreDated": false,
            "color": "#fff",
            "eventType": "Assessment",
            "id": "m0OV00000004CSuMAM",
            "isAvailable": false,
            "objectType": "job",
            "shortName": "Adm",
            "showLegend": true,
            "step": 30
          },
          {
            "availableEnd": 1900,
            "availableStart": 800,
            "backgroundColor": "#FFA07A",
            "canBePreDated": false,
            "color": "#fff",
            "eventType": "Support",
            "id": "m0OV00000004CTDMA2",
            "isAvailable": false,
            "objectType": "job",
            "shortName": "Adm",
            "showLegend": true,
            "step": 30
          },
          {
            "availableEnd": 1900,
            "availableStart": 800,
            "backgroundColor": "#f4ec04",
            "canBePreDated": false,
            "color": "#fff",
            "eventStatus": "Pending",
            "eventType": "Other",
            "id": "m0OV00000004CUBMA2",
            "isAvailable": false,
            "objectType": "availability",
            "shortName": "Oft",
            "showLegend": true,
            "step": 30
          },
          {
            "availableEnd": 1900,
            "availableStart": 800,
            "backgroundColor": "#f4ec04",
            "canBePreDated": false,
            "color": "#fff",
            "eventStatus": "Pending",
            "eventType": "Training / Education",
            "id": "m0OV00000004CUzMAM",
            "isAvailable": false,
            "objectType": "availability",
            "shortName": "Oft",
            "showLegend": true,
            "step": 30
          },
          {
            "availableEnd": 1900,
            "availableStart": 800,
            "backgroundColor": "#f4ec04",
            "canBePreDated": false,
            "color": "#fff",
            "eventStatus": "Pending",
            "eventType": "Office Time",
            "id": "m0OV00000004CU2MAM",
            "isAvailable": false,
            "objectType": "availability",
            "shortName": "Oft",
            "showLegend": true,
            "step": 30
          },
          {
            "availableEnd": 1900,
            "availableStart": 800,
            "backgroundColor": "#a55eea",
            "canBePreDated": false,
            "color": "#fff",
            "eventType": "Meal Break",
            "id": "m0OV00000004CT3MAM",
            "isAvailable": false,
            "objectType": "activity",
            "shortName": "MB",
            "showLegend": true,
            "step": 30
          },
          {
            "availableEnd": 1900,
            "availableStart": 800,
            "backgroundColor": "#f4ec04",
            "canBePreDated": false,
            "color": "#fff",
            "eventStatus": "Pending",
            "eventType": "Preceptor",
            "id": "m0OV00000004CUVMA2",
            "isAvailable": false,
            "objectType": "availability",
            "shortName": "Oft",
            "showLegend": true,
            "step": 30
          },
          {
            "availableEnd": 1900,
            "availableStart": 800,
            "backgroundColor": "#a55eea",
            "canBePreDated": false,
            "color": "#fff",
            "eventType": "Administration",
            "id": "m0OV00000004CStMAM",
            "isAvailable": false,
            "objectType": "activity",
            "shortName": "Adm",
            "showLegend": true,
            "step": 30
          },
          {
            "availableEnd": 1900,
            "availableStart": 800,
            "backgroundColor": "#fa8231",
            "canBePreDated": false,
            "color": "#fff",
            "eventStatus": "Approved",
            "eventType": "Other",
            "id": "m0OV00000004CUGMA2",
            "isAvailable": false,
            "objectType": "availability",
            "shortName": "U",
            "showLegend": true,
            "step": 30
          },
          {
            "availableEnd": 1900,
            "availableStart": 800,
            "backgroundColor": "#0000ff",
            "canBePreDated": false,
            "color": "#fff",
            "eventType": "addOn3",
            "id": "m0OV00000004CTGMA2",
            "isAvailable": false,
            "objectType": "job",
            "shortName": "ad3",
            "showLegend": true,
            "step": 30
          },
          {
            "availableEnd": 1900,
            "availableStart": 800,
            "backgroundColor": "#fa8231",
            "canBePreDated": false,
            "color": "#fff",
            "eventStatus": "Approved",
            "eventType": "Visit Assist",
            "id": "m0OV00000004CV4MAM",
            "isAvailable": false,
            "objectType": "availability",
            "shortName": "U",
            "showLegend": true,
            "step": 30
          },
          {
            "availableEnd": 1900,
            "availableStart": 800,
            "backgroundColor": "#fa8231",
            "canBePreDated": false,
            "color": "#fff",
            "eventStatus": "Approved",
            "eventType": "Personal Time",
            "id": "m0OV00000004CULMA2",
            "isAvailable": false,
            "objectType": "availability",
            "shortName": "U",
            "showLegend": true,
            "step": 30
          },
          {
            "availableEnd": 1900,
            "availableStart": 800,
            "backgroundColor": "#fa8231",
            "canBePreDated": false,
            "color": "#fff",
            "eventStatus": "Approved",
            "eventType": "Training / Education",
            "id": "m0OV00000004CUuMAM",
            "isAvailable": false,
            "objectType": "availability",
            "shortName": "U",
            "showLegend": true,
            "step": 30
          },
          {
            "availableEnd": 1900,
            "availableStart": 800,
            "backgroundColor": "#f4ec04",
            "canBePreDated": false,
            "color": "#fff",
            "eventStatus": "Pending",
            "eventType": "Personal Time",
            "id": "m0OV00000004CUQMA2",
            "isAvailable": false,
            "objectType": "availability",
            "shortName": "Oft",
            "showLegend": true,
            "step": 30
          },
          {
            "availableEnd": 1900,
            "availableStart": 800,
            "backgroundColor": "#006400",
            "canBePreDated": false,
            "color": "#fff",
            "eventType": "On-call",
            "id": "m0OV00000004CThMAM",
            "isAvailable": true,
            "objectType": "availability",
            "shortName": "O",
            "showLegend": true,
            "step": 30
          },
          {
            "availableEnd": 1900,
            "availableStart": 800,
            "backgroundColor": "#DB7093",
            "canBePreDated": false,
            "color": "#fff",
            "eventType": "SOC_general",
            "id": "m0OV00000004CT2MAM",
            "isAvailable": false,
            "objectType": "job",
            "shortName": "Adm",
            "showLegend": true,
            "step": 30
          },
          {
            "availableEnd": 1900,
            "availableStart": 800,
            "backgroundColor": "#fa8231",
            "canBePreDated": false,
            "color": "#fff",
            "eventStatus": "Approved",
            "eventType": "Required Meeting",
            "id": "m0OV00000004CUpMAM",
            "isAvailable": false,
            "objectType": "availability",
            "shortName": "U",
            "showLegend": true,
            "step": 30
          },
          {
            "availableEnd": 1900,
            "availableStart": 800,
            "backgroundColor": "#fa8231",
            "canBePreDated": false,
            "color": "#fff",
            "eventStatus": "Approved",
            "eventType": "Preceptor",
            "id": "m0OV00000004CUCMA2",
            "isAvailable": false,
            "objectType": "availability",
            "shortName": "U",
            "showLegend": true,
            "step": 30
          },
          {
            "availableEnd": 1900,
            "availableStart": 800,
            "backgroundColor": "#0ea7cc",
            "canBePreDated": false,
            "color": "#fff",
            "eventType": "Start of Care",
            "id": "m0OV00000004CTmMAM",
            "isAvailable": false,
            "objectType": "job",
            "shortName": "Adm",
            "showLegend": true,
            "step": 30
          },
          {
            "availableEnd": 1900,
            "availableStart": 800,
            "backgroundColor": "#228B22",
            "canBePreDated": false,
            "color": "#fff",
            "eventType": "Weekend Shift",
            "id": "m0OV00000004CTcMAM",
            "isAvailable": true,
            "objectType": "availability",
            "shortName": "WS",
            "showLegend": true,
            "step": 30
          },
          {
            "availableEnd": 1900,
            "availableStart": 800,
            "backgroundColor": "#f4ec04",
            "canBePreDated": false,
            "color": "#fff",
            "eventStatus": "Pending",
            "eventType": "Visit Assist",
            "id": "m0OV00000004CUqMAM",
            "isAvailable": false,
            "objectType": "availability",
            "shortName": "Oft",
            "showLegend": true,
            "step": 30
          },
          {
            "availableEnd": 1900,
            "availableStart": 800,
            "backgroundColor": "#f4ec04",
            "canBePreDated": false,
            "color": "#fff",
            "eventStatus": "Pending",
            "eventType": "Required Meeting",
            "id": "m0OV00000004CUkMAM",
            "isAvailable": false,
            "objectType": "availability",
            "shortName": "Oft",
            "showLegend": true,
            "step": 30
          },
          {
            "availableEnd": 1900,
            "availableStart": 800,
            "backgroundColor": "#fa8231",
            "canBePreDated": false,
            "color": "#fff",
            "eventStatus": "Approved",
            "eventType": "Office Time",
            "id": "m0OV00000004CU6MAM",
            "isAvailable": false,
            "objectType": "availability",
            "shortName": "U",
            "showLegend": true,
            "step": 30
          },
          {
            "availableEnd": 1900,
            "availableStart": 800,
            "backgroundColor": "#fa8231",
            "canBePreDated": false,
            "color": "#fff",
            "eventStatus": "Approved",
            "eventType": "PTO",
            "id": "m0OV00000004CUaMAM",
            "isAvailable": false,
            "objectType": "availability",
            "shortName": "U",
            "showLegend": true,
            "step": 30
          },
          {
            "availableEnd": 1900,
            "availableStart": 800,
            "backgroundColor": "#f4ec04",
            "canBePreDated": false,
            "color": "#fff",
            "eventStatus": "Pending",
            "eventType": "PTO",
            "id": "m0OV00000004CUfMAM",
            "isAvailable": false,
            "objectType": "availability",
            "shortName": "Oft",
            "showLegend": true,
            "step": 30
          },
          {
            "availableEnd": 1900,
            "availableStart": 800,
            "backgroundColor": "#f4ec04",
            "canBePreDated": false,
            "color": "#fff",
            "eventStatus": "Pending",
            "eventType": "Case Conference",
            "id": "m0OV00000004CTXMA2",
            "isAvailable": false,
            "objectType": "availability",
            "shortName": "CC",
            "showLegend": true,
            "step": 30
          },
          {
            "availableEnd": 1900,
            "availableStart": 800,
            "backgroundColor": "#a55eea",
            "canBePreDated": false,
            "color": "#fff",
            "eventType": "Travel",
            "id": "m0OV00000004CTEMA2",
            "isAvailable": false,
            "objectType": "activity",
            "shortName": "Travel",
            "showLegend": true,
            "step": 30
          },
          {
            "availableEnd": 1900,
            "availableStart": 800,
            "backgroundColor": "#fa8231",
            "canBePreDated": false,
            "color": "#fff",
            "eventStatus": "Approved",
            "eventType": "Contractor - Time Off",
            "id": "m0OV00000004CU1MAM",
            "isAvailable": false,
            "objectType": "availability",
            "shortName": "CC",
            "showLegend": true,
            "step": 30
          },
          {
            "availableEnd": 1900,
            "availableStart": 800,
            "backgroundColor": "#fa8231",
            "canBePreDated": false,
            "color": "#fff",
            "eventStatus": "Approved",
            "eventType": "Case Conference",
            "id": "m0OV00000004CTSMA2",
            "isAvailable": false,
            "objectType": "availability",
            "shortName": "U",
            "showLegend": true,
            "step": 30
          }
        ]
  },
  "errorMessage": "",
  "success": true
}