{
    "data": {
      "profiles": [
        {
          "id": "00e4J0000018msKQAQ",
          "name": "Chatter External User",
          "selected": false
        },
        {
          "id": "00e4J0000018msIQAQ",
          "name": "Chatter Free User",
          "selected": false
        },
        {
          "id": "00e4J0000018msLQAQ",
          "name": "Chatter Moderator User",
          "selected": false
        },
        {
          "id": "00e4J0000018msSQAQ",
          "name": "Contract Manager",
          "selected": false
        },
        {
          "id": "00e4J0000018msMQAQ",
          "name": "Guest License User",
          "selected": false
        },
        {
          "id": "00e4J0000018msRQAQ",
          "name": "Marketing User",
          "selected": false
        },
        {
          "id": "00e4J0000018msPQAQ",
          "name": "Read Only",
          "selected": false
        },
        {
          "id": "00e4J0000018msQQAQ",
          "name": "Solution Manager",
          "selected": false
        },
        {
          "id": "00e4J000000chRdQAI",
          "name": "Standard Guest",
          "selected": false
        },
        {
          "id": "00e4J0000018msNQAQ",
          "name": "Standard Platform User",
          "selected": false
        },
        {
          "id": "00e4J0000018msOQAQ",
          "name": "Standard User",
          "selected": false
        },
        {
          "id": "00e4J0000018msFQAQ",
          "name": "System Administrator",
          "selected": false
        }
      ],
      "skeduloPermissionSets": [
        {
          "id": "0PS4J000000EyVdWAK",
          "name": "Skedulo API User",
          "selected": false
        },
        {
          "id": "0PS25000000ExctGAC",
          "name": "Skedulo BAC Expense Manager",
          "selected": false
        },
        {
          "id": "0PS25000000EvY5GAK",
          "name": "Skedulo BAC Resource",
          "selected": false
        },
        {
          "id": "0PS25000000EreCGAS",
          "name": "Skedulo BAC Scheduler",
          "selected": false
        },
        {
          "id": "0PS4J000000EyVYWA0",
          "name": "Skedulo Base",
          "selected": false
        },
        {
          "id": "0PS4J000000EyVZWA0",
          "name": "Skedulo Community Resource",
          "selected": false
        },
        {
          "id": "0PS4J000000EyVaWAK",
          "name": "Skedulo Resource",
          "selected": false
        },
        {
          "id": "0PS4J000000EyVbWAK",
          "name": "Skedulo Resource Without Assigned Apps",
          "selected": false
        },
        {
          "id": "0PS4J000000EyVcWAK",
          "name": "Skedulo Scheduler",
          "selected": false
        },
        {
          "id": "0PS4J000000EyVeWAK",
          "name": "Skedulo View All",
          "selected": false
        }
      ],
      "skeduloUserTypes": [
        "Scheduler",
        "Resource",
        "Administrator"
      ],
      "locationTypes": [
        "Home",
        "Work"
      ]
    },
    "errorMessage": "",
    "message": "",
    "success": true,
    "viewData": {}
  }