{
  "data": {
    "resources": [
      {
        "allowAssetAllocations": false,
        "allowAssignmentTo": "Service Users",
        "allowConcurrentAssignment": false,
        "category": "Assistant CHH Coordinator",
        "employmentType": "Full-time",
        "photoUrl": "https://bonaccordcare--c.documentforce.com/profilephoto/005/T",
        "regionId": "a0M4J000002BlH5UAK",
        "userId": "0054J000004x5h0QAA",
        "address": {
          "fullAddress": "1st Floor Inspire Building Beach Boulevard, Aberdeen, AB24 5HP",
          "geometry": {
            "lat": 57.1499819,
            "lng": -2.087681
          }
        },
        "id": "a0X4J000003WWSPUA4",
        "name": "Aaron Mcneil"
      },
      {
        "allowAssetAllocations": false,
        "allowAssignmentTo": "Service Users",
        "allowConcurrentAssignment": false,
        "category": "Support Pool Co-Ordinator",
        "employmentType": "Full-time",
        "regionId": "a0M4J000004OoMAUA0",
        "address": {
          "fullAddress": "1st Floor Inspire Building Beach Boulevard, Aberdeen, AB24 5HP"
        },
        "id": "a0X4J000003YVL9UAO",
        "name": "Abbie McKenzie"
      },
      {
        "allowAssetAllocations": false,
        "allowAssignmentTo": "Service Users",
        "allowConcurrentAssignment": false,
        "category": "Support Worker",
        "employmentType": "Support Pool",
        "photoUrl": "https://bonaccordcare--c.documentforce.com/profilephoto/005/T",
        "regionId": "a0M4J000004OoMBUA0",
        "userId": "0054J000005TosGQAS",
        "address": {
          "fullAddress": "1st Floor Inspire Building Beach Boulevard, Aberdeen, AB24 5HP"
        },
        "id": "a0X4J000000OEnjUAG",
        "name": "Abimbola Ayo-Odewale"
      },
      {
        "allowAssetAllocations": false,
        "allowAssignmentTo": "Service Users",
        "allowConcurrentAssignment": false,
        "category": "Support Worker",
        "employmentType": "Support Pool",
        "photoUrl": "https://bonaccordcare--c.documentforce.com/profilephoto/005/T",
        "regionId": "a0M4J000004OoMBUA0",
        "userId": "0054J000005SIwAQAW",
        "address": {
          "fullAddress": "1st Floor Inspire Building Beach Boulevard, Aberdeen, AB24 5HP"
        },
        "id": "a0X4J000000O39NUAS",
        "name": "Adadotone Adesegha"
      },
      {
        "allowAssetAllocations": false,
        "allowAssignmentTo": "Service Users",
        "allowConcurrentAssignment": false,
        "category": "Support Worker",
        "employmentType": "Support Pool",
        "photoUrl": "https://bonaccordcare--c.documentforce.com/profilephoto/005/T",
        "regionId": "a0M4J000004OoMBUA0",
        "userId": "0054J000004xRgYQAU",
        "address": {
          "fullAddress": "1st Floor Inspire Building Beach Boulevard, Aberdeen, AB24 5HP"
        },
        "id": "a0X4J000003XQXUUA4",
        "name": "Adam Murray"
      },
      {
        "allowAssetAllocations": false,
        "allowAssignmentTo": "Service Users",
        "allowConcurrentAssignment": false,
        "category": "Support Worker",
        "employmentType": "Support Pool",
        "photoUrl": "https://bonaccordcare--c.documentforce.com/profilephoto/005/T",
        "regionId": "a0M4J000004OoMBUA0",
        "userId": "0054J000005TdJoQAK",
        "address": {},
        "id": "a0X4J000000OGJDUA4",
        "name": "Ademuyiwa Lawanson"
      },
      {
        "allowAssetAllocations": false,
        "allowAssignmentTo": "Service Users",
        "allowConcurrentAssignment": false,
        "category": "Support Worker",
        "employmentType": "Part-time",
        "photoUrl": "https://bonaccordcare--c.documentforce.com/profilephoto/005/T",
        "regionId": "a0M4J000004QwryUAC",
        "userId": "0054J000004x7bnQAA",
        "address": {
          "fullAddress": "1st Floor Inspire Building Beach Boulevard, Aberdeen, AB24 5HP"
        },
        "id": "a0X4J000003WWIuUAO",
        "name": "Adrian Trzeniec"
      },
      {
        "allowAssetAllocations": false,
        "allowAssignmentTo": "Service Users",
        "allowConcurrentAssignment": false,
        "category": "Support Worker",
        "employmentType": "Part-time",
        "photoUrl": "https://bonaccordcare--c.documentforce.com/profilephoto/005/T",
        "regionId": "a0M4J000004QwryUAC",
        "userId": "0054J000004x7bxQAA",
        "address": {
          "fullAddress": "1st Floor Inspire Building Beach Boulevard, Aberdeen, AB24 5HP"
        },
        "id": "a0X4J000003WWIvUAO",
        "name": "Agnes Kalocsai"
      },
      {
        "allowAssetAllocations": false,
        "allowAssignmentTo": "Service Users",
        "allowConcurrentAssignment": false,
        "category": "General Assistant",
        "employmentType": "Part-time",
        "regionId": "a0M4J000004PLg2UAG",
        "address": {
          "fullAddress": "Kingswood Drive Kingswells, Aberdeen, AB15 8TB"
        },
        "id": "a0X4J000003a43jUAA",
        "name": "Agnieszka Chuchla"
      },
      {
        "allowAssetAllocations": false,
        "allowAssignmentTo": "Service Users",
        "allowConcurrentAssignment": false,
        "category": "Support Worker",
        "employmentType": "Part-time",
        "photoUrl": "https://bonaccordcare--c.documentforce.com/profilephoto/005/T",
        "regionId": "a0M4J000004QwnIUAS",
        "userId": "0054J000004x7bsQAA",
        "address": {
          "fullAddress": "1st Floor Inspire Building Beach Boulevard, Aberdeen, AB24 5HP"
        },
        "id": "a0X4J000003WWdyUAG",
        "name": "Agnieszka Czortek"
      },
      {
        "allowAssetAllocations": false,
        "allowAssignmentTo": "Service Users",
        "allowConcurrentAssignment": false,
        "category": "Support Worker",
        "employmentType": "Part-time",
        "photoUrl": "https://bonaccordcare--c.documentforce.com/profilephoto/005/T",
        "regionId": "a0M4J000004QwnSUAS",
        "userId": "0054J000004xEFtQAM",
        "address": {
          "fullAddress": "Kingswood Court Invercauld Rd, Aberdeen, AB16 5RX"
        },
        "id": "a0X4J000003WstJUAS",
        "name": "Agnieszka Uangbaoje"
      },
      {
        "allowAssetAllocations": false,
        "allowAssignmentTo": "Service Users",
        "allowConcurrentAssignment": false,
        "category": "Support Worker",
        "employmentType": "Part-time",
        "photoUrl": "https://bonaccordcare--c.documentforce.com/profilephoto/005/T",
        "regionId": "a0M4J000004QwncUAC",
        "userId": "0054J000004x7KSQAY",
        "address": {
          "fullAddress": "1st Floor Inspire Building Beach Boulevard, Aberdeen, AB24 5HP"
        },
        "id": "a0X4J000003WWNqUAO",
        "name": "Aileen Meldrum"
      },
      {
        "allowAssetAllocations": false,
        "allowAssignmentTo": "Service Users",
        "allowConcurrentAssignment": false,
        "category": "Support Worker",
        "employmentType": "Part-time",
        "photoUrl": "https://bonaccordcare--c.documentforce.com/profilephoto/005/T",
        "regionId": "a0M4J000004QwnIUAS",
        "userId": "0054J000004xlfmQAA",
        "address": {
          "fullAddress": "1st Floor Inspire Building Beach Boulevard, Aberdeen, AB24 5HP",
          "geometry": {
            "lat": 57.1499819,
            "lng": -2.087681
          }
        },
        "id": "a0X4J000003XHLrUAO",
        "name": "Aimiee Pirie"
      },
      {
        "allowAssetAllocations": false,
        "allowAssignmentTo": "Service Users",
        "allowConcurrentAssignment": false,
        "category": "Support Worker",
        "employmentType": "Support Pool",
        "photoUrl": "https://bonaccordcare--c.documentforce.com/profilephoto/005/T",
        "regionId": "a0M4J000004OoMBUA0",
        "userId": "0054J000004xRh3QAE",
        "address": {
          "fullAddress": "1st Floor Inspire Building Beach Boulevard, Aberdeen, AB24 5HP"
        },
        "id": "a0X4J000003XQXWUA4",
        "name": "Ainagul Higginson"
      },
      {
        "allowAssetAllocations": false,
        "allowAssignmentTo": "Service Users",
        "allowConcurrentAssignment": false,
        "category": "Support Worker",
        "employmentType": "Part-time",
        "photoUrl": "https://bonaccordcare--c.documentforce.com/profilephoto/005/T",
        "regionId": "a0M4J000004QwryUAC",
        "userId": "0054J000004x7byQAA",
        "address": {
          "fullAddress": "1st Floor Inspire Building Beach Boulevard, Aberdeen, AB24 5HP"
        },
        "id": "a0X4J000003WWIwUAO",
        "name": "Ajanigo Omale"
      },
      {
        "allowAssetAllocations": false,
        "allowAssignmentTo": "Service Users",
        "allowConcurrentAssignment": false,
        "category": "Support Worker",
        "employmentType": "Support Pool",
        "regionId": "a0M4J000004OoMBUA0",
        "address": {
          "fullAddress": "1st Floor Inspire Building Beach Boulevard, Aberdeen, AB24 5HP"
        },
        "id": "a0X4J000003XQbUUAW",
        "name": "Akunna Ajoku"
      },
      {
        "allowAssetAllocations": false,
        "allowAssignmentTo": "Service Users",
        "allowConcurrentAssignment": false,
        "category": "Support Worker",
        "employmentType": "Part-time",
        "photoUrl": "https://bonaccordcare--c.documentforce.com/profilephoto/005/T",
        "regionId": "a0M4J000004PLg2UAG",
        "userId": "0054J000004z4VKQAY",
        "address": {
          "fullAddress": "Kingswood Drive Kingswells, Aberdeen, AB15 8TB"
        },
        "id": "a0X4J000003Xe4yUAC",
        "name": "Alan Coull"
      },
      {
        "allowAssetAllocations": false,
        "allowAssignmentTo": "Service Users",
        "allowConcurrentAssignment": false,
        "category": "Support Worker",
        "employmentType": "Part-time",
        "photoUrl": "https://bonaccordcare--c.documentforce.com/profilephoto/005/T",
        "regionId": "a0M4J000004PLg2UAG",
        "userId": "0054J000004z4VLQAY",
        "address": {
          "fullAddress": "Kingswood Drive Kingswells, Aberdeen, AB15 8TB"
        },
        "id": "a0X4J000003Xe4zUAC",
        "name": "Alana Gordon"
      },
      {
        "allowAssetAllocations": false,
        "allowAssignmentTo": "Service Users",
        "allowConcurrentAssignment": false,
        "category": "Support Worker",
        "employmentType": "Full-time",
        "photoUrl": "https://bonaccordcare--c.documentforce.com/profilephoto/005/T",
        "regionId": "a0M4J000004PLg2UAG",
        "userId": "0054J000004z4VMQAY",
        "address": {
          "fullAddress": "Kingswood Drive Kingswells, Aberdeen, AB15 8TB"
        },
        "id": "a0X4J000003Xe50UAC",
        "name": "Albert Armah"
      },
      {
        "allowAssetAllocations": false,
        "allowAssignmentTo": "Service Users",
        "allowConcurrentAssignment": false,
        "category": "Home Help",
        "employmentType": "Support Pool",
        "photoUrl": "https://bonaccordcare--c.documentforce.com/profilephoto/005/T",
        "regionId": "a0M4J000002BlH5UAK",
        "userId": "0054J000004x7X7QAI",
        "address": {
          "fullAddress": "1st Floor Inspire Building Beach Boulevard, Aberdeen, AB24 5HP",
          "geometry": {
            "lat": 57.1499819,
            "lng": -2.087681
          }
        },
        "id": "a0X4J000002geu7UAA",
        "name": "Aleisha Mitchell"
      },
      {
        "allowAssetAllocations": false,
        "allowAssignmentTo": "Service Users",
        "allowConcurrentAssignment": false,
        "category": "Support Worker",
        "employmentType": "Support Pool",
        "photoUrl": "https://bonaccordcare--c.documentforce.com/profilephoto/005/T",
        "regionId": "a0M4J000004OoMBUA0",
        "userId": "0054J000005S7W0QAK",
        "address": {
          "fullAddress": "1st Floor Inspire Building Beach Boulevard, Aberdeen, AB24 5HP"
        },
        "id": "a0X4J000000O39DUAS",
        "name": "Aleksandra Skowranska"
      },
      {
        "allowAssetAllocations": false,
        "allowAssignmentTo": "Service Users",
        "allowConcurrentAssignment": false,
        "category": "Support Worker",
        "employmentType": "Support Pool",
        "photoUrl": "https://bonaccordcare--c.documentforce.com/profilephoto/005/T",
        "regionId": "a0M4J000004OoMBUA0",
        "userId": "0054J000004xRh6QAE",
        "address": {
          "fullAddress": "1st Floor Inspire Building Beach Boulevard, Aberdeen, AB24 5HP"
        },
        "id": "a0X4J000003XQXYUA4",
        "name": "Alero Eyetsemitan"
      },
      {
        "allowAssetAllocations": false,
        "allowAssignmentTo": "Service Users",
        "allowConcurrentAssignment": false,
        "category": "General Assistant",
        "employmentType": "Support Pool",
        "photoUrl": "https://bonaccordcare--c.documentforce.com/profilephoto/005/T",
        "regionId": "a0M4J000004OoMBUA0",
        "userId": "0054J000005SIwJQAW",
        "address": {
          "fullAddress": "1st Floor Inspire Building Beach Boulevard, Aberdeen, AB24 5HP",
          "geometry": {
            "lat": 57.1499086,
            "lng": -2.0889755
          }
        },
        "id": "a0X4J000000O3AHUA0",
        "name": "Alex Duncan"
      },
      {
        "allowAssetAllocations": false,
        "allowAssignmentTo": "Service Users",
        "allowConcurrentAssignment": false,
        "category": "OTA",
        "employmentType": "Support Pool",
        "photoUrl": "https://bonaccordcare--c.documentforce.com/profilephoto/005/T",
        "regionId": "a0M4J000004OoMBUA0",
        "userId": "0054J000005T8dnQAC",
        "address": {},
        "id": "a0X4J000000OEoFUAW",
        "name": "Alison Elrick"
      },
      {
        "allowAssetAllocations": false,
        "allowAssignmentTo": "Service Users",
        "allowConcurrentAssignment": false,
        "category": "Admin Team Leader",
        "employmentType": "Part-time",
        "photoUrl": "https://bonaccordcare--c.documentforce.com/profilephoto/005/T",
        "regionId": "a0M4J000002BlGlUAK",
        "userId": "0054J000004x5RbQAI",
        "address": {
          "fullAddress": "1st Floor Inspire Building Beach Boulevard, Aberdeen, AB24 5HP"
        },
        "id": "a0X4J000003YVLtUAO",
        "name": "Alison Forsyth"
      }
    ],
    "totalPages": 52,
    "totalRecords": 1299
  },
  "errorMessage": "",
  "message": "",
  "success": true,
  "viewData": {
    "timezoneSidId": "Europe/London"
  }
}