{
      "data": {
        "availabilityTemplate": {

          "availabilityTemplateEntries": [

            {
              "endTime": 700,
              "startTime": 500,
              "weekday": "MON",
              "weekNo": 1,
              "id": "a181r000006TaQOAA0"
            },
            {
              "endTime": 700,
              "startTime": 500,
              "weekday": "WED",
              "weekNo": 1,
              "id": "a181r000006TaQPAA0"
            },
            {
              "endTime": 700,
              "startTime": 500,
              "weekday": "FRI",
              "weekNo": 1,
              "id": "a181r000006TaQQAA0"
            }
          ],
          "timezoneSidId": "Test timezone",
          "endDate": "2019-10-31",
          "startDate": "2019-10-16",
          "id": "a1A1r00000Yltq6EAB"
        },
        "availabilityTemplateId": "a1A1r00000Yltq6EAB",
        "description": "sasss",
        "id": "a1O1r00000Cvf0AEAR"
      },
      "errorMessage": "",
      "message": "",
      "success": true,
      "viewData": {}
    }