{
  "data": {
    "availabilityPatternResources": [
      {
        "availabilityPatternId": "a0k4J000002NeOaQAK",
        "resource": {
          "allowAssetAllocations": false,
          "allowAssignmentTo": "Service Users",
          "allowConcurrentAssignment": false,
          "category": "Support Worker",
          "employmentType": "Part-time",
          "photoUrl": "https://bonaccordcare--c.documentforce.com/profilephoto/005/T",
          "regionId": "a0M4J000004QwnSUAS",
          "userId": "0054J000005QV5KQAW",
          "address": {
            "fullAddress": "1st Floor Inspire Building Beach Boulevard, Aberdeen, AB24 5HP",
            "geometry": {
              "lat": 57.1499819,
              "lng": -2.087681
            }
          },
          "id": "a0X4J000000NkzDUAS",
          "name": "Coral Abel"
        },
        "resourceId": "a0X4J000000NkzDUAS",
        "startDate": "2021-03-08",
        "startTime": 0,
        "id": "a0j4J000001OgYcQAK",
        "name": "APR-1182"
      }
    ],
    "hash": "814563c4ea30a8d193d2236e3197d37e",
    "pattern": "{\"type\":\"custom\",\"days\":[{\"day\":3,\"intervals\":[{\"startTime\":\"08:00\",\"endTime\":\"18:00\"}]},{\"day\":4,\"intervals\":[{\"startTime\":\"08:00\",\"endTime\":\"18:00\"}]},{\"day\":5,\"intervals\":[{\"startTime\":\"08:00\",\"endTime\":\"18:00\"}]},{\"day\":8,\"intervals\":[{\"startTime\":\"08:00\",\"endTime\":\"18:00\"}]},{\"day\":9,\"intervals\":[{\"startTime\":\"08:00\",\"endTime\":\"18:00\"}]},{\"day\":10,\"intervals\":[{\"startTime\":\"08:00\",\"endTime\":\"18:00\"}]},{\"day\":13,\"intervals\":[{\"startTime\":\"08:00\",\"endTime\":\"18:00\"}]},{\"day\":14,\"intervals\":[{\"startTime\":\"08:00\",\"endTime\":\"18:00\"}]}],\"lengthDays\":14}",
    "patternData": {
      "days": [
        {
          "day": 3,
          "intervals": [
            {
              "endTime": "18:00",
              "startTime": "08:00"
            }
          ]
        },
        {
          "day": 4,
          "intervals": [
            {
              "endTime": "18:00",
              "startTime": "08:00"
            }
          ]
        },
        {
          "day": 5,
          "intervals": [
            {
              "endTime": "18:00",
              "startTime": "08:00"
            }
          ]
        },
        {
          "day": 8,
          "intervals": [
            {
              "endTime": "18:00",
              "startTime": "08:00"
            }
          ]
        },
        {
          "day": 9,
          "intervals": [
            {
              "endTime": "18:00",
              "startTime": "08:00"
            }
          ]
        },
        {
          "day": 10,
          "intervals": [
            {
              "endTime": "18:00",
              "startTime": "08:00"
            }
          ]
        },
        {
          "day": 13,
          "intervals": [
            {
              "endTime": "18:00",
              "startTime": "08:00"
            }
          ]
        },
        {
          "day": 14,
          "intervals": [
            {
              "endTime": "18:00",
              "startTime": "08:00"
            }
          ]
        }
      ],
      "lengthDays": 14,
      "type": "custom"
    },
    "createdBy": {
      "photoUrl": "https://bonaccordcare--c.documentforce.com/profilephoto/005/T",
      "id": "0054J000000gDyJQAU",
      "name": "Skedulo Team"
    },
    "createdOnDate": "2021-03-05",
    "createdOnTime": 1005,
    "id": "a0k4J000002NeOaQAK",
    "lastModifiedBy": {
      "photoUrl": "https://bonaccordcare--c.documentforce.com/profilephoto/005/T",
      "id": "0054J000000gDyJQAU",
      "name": "Skedulo Team"
    },
    "lastModifiedDate": "2021-03-16",
    "lastModifiedTime": 1011,
    "name": "CA- March 21"
  },
  "errorMessage": "",
  "message": "",
  "success": true,
  "viewData": {
    "timezoneSidId": "Europe/London"
  }
}