{
      "data": {
        "resources": [
          {
            "address": {
              "fullAddress": "17855 dallas pkwy",
              "geometry": {
                "lat": 32.9755,
                "lng": -96.82400000000001
              }
            },
            "availability": [
              {
                "endDate": "2019-06-10",
                "endTime": 1900,
                "eventType": "Case Conference",
                "id": "a1EV0000001U2AoMAK",
                "isAvailable": false,
                "name": "AVAIL-3795",
                "objectType": "availability",
                "resourceId": "a1eV0000000lj4hIAA",
                "startDate": "2019-06-10",
                "startTime": 700,
                "status": "Approved"
              },
              {
                "endDate": "2019-06-13",
                "endTime": 1900,
                "eventType": "On-call",
                "id": "a1EV0000001U1ryMAC",
                "isAvailable": true,
                "name": "AVAIL-2651",
                "notes": "No recurring",
                "objectType": "availability",
                "resourceId": "a1eV0000000lj4hIAA",
                "startDate": "2019-06-12",
                "startTime": 700,
                "status": "Approved"
              },
              {
                "endDate": "2019-06-16",
                "endTime": 1900,
                "eventType": "Weekend Shift",
                "id": "a1EV0000001U2KwMAK",
                "isAvailable": true,
                "name": "AVAIL-3905",
                "objectType": "availability",
                "resourceId": "a1eV0000000lj4hIAA",
                "startDate": "2019-06-15",
                "startTime": 700,
                "status": "Approved"
              },
              {
                "endDate": "2019-06-03",
                "endTime": 0,
                "eventType": "non-working",
                "objectType": "availability",
                "startDate": "2019-06-02",
                "startTime": 0
              },
              {
                "endDate": "2019-06-04",
                "endTime": 0,
                "eventType": "non-working",
                "objectType": "availability",
                "startDate": "2019-06-03",
                "startTime": 0
              },
              {
                "endDate": "2019-06-05",
                "endTime": 0,
                "eventType": "non-working",
                "objectType": "availability",
                "startDate": "2019-06-04",
                "startTime": 0
              },
              {
                "endDate": "2019-06-06",
                "endTime": 0,
                "eventType": "non-working",
                "objectType": "availability",
                "startDate": "2019-06-05",
                "startTime": 0
              },
              {
                "endDate": "2019-06-07",
                "endTime": 0,
                "eventType": "non-working",
                "objectType": "availability",
                "startDate": "2019-06-06",
                "startTime": 0
              },
              {
                "endDate": "2019-06-08",
                "endTime": 0,
                "eventType": "non-working",
                "objectType": "availability",
                "startDate": "2019-06-07",
                "startTime": 0
              },
              {
                "endDate": "2019-06-09",
                "endTime": 0,
                "eventType": "non-working",
                "objectType": "availability",
                "startDate": "2019-06-08",
                "startTime": 0
              },
              {
                "endDate": "2019-06-10",
                "endTime": 0,
                "eventType": "non-working",
                "objectType": "availability",
                "startDate": "2019-06-09",
                "startTime": 0
              },
              {
                "endDate": "2019-06-10",
                "endTime": 700,
                "eventType": "non-working",
                "objectType": "availability",
                "startDate": "2019-06-10",
                "startTime": 0
              },
              {
                "endDate": "2019-06-11",
                "endTime": 0,
                "eventType": "non-working",
                "objectType": "availability",
                "startDate": "2019-06-10",
                "startTime": 1900
              },
              {
                "endDate": "2019-06-12",
                "endTime": 0,
                "eventType": "non-working",
                "objectType": "availability",
                "startDate": "2019-06-11",
                "startTime": 0
              },
              {
                "endDate": "2019-06-12",
                "endTime": 700,
                "eventType": "non-working",
                "objectType": "availability",
                "startDate": "2019-06-12",
                "startTime": 0
              },
              {
                "endDate": "2019-06-14",
                "endTime": 0,
                "eventType": "non-working",
                "objectType": "availability",
                "startDate": "2019-06-13",
                "startTime": 1900
              },
              {
                "endDate": "2019-06-15",
                "endTime": 0,
                "eventType": "non-working",
                "objectType": "availability",
                "startDate": "2019-06-14",
                "startTime": 0
              },
              {
                "endDate": "2019-06-15",
                "endTime": 700,
                "eventType": "non-working",
                "objectType": "availability",
                "startDate": "2019-06-15",
                "startTime": 0
              }
            ],
            "category": "Customer Service",
            "employmentType": "Full-time",
            "events": [],
            "id": "a1eV0000000lj4hIAA",
            "name": "Adam Smith",
            "regionId": "a1UV0000000pEgcMAE"
          }
        ],
        "today": "2019-06-16"
      },
      "errorMessage": "",
      "message": "",
      "success": true,
      "viewData": {
        "timezoneSidId": "America/Chicago"
      }
    }