{
  "data": {
    "availabilityData": [
      {
        "bypassAutoApprovalProcess": true,
        "isAvailable": false,
        "resource": {
          "arcRegionName": "DC MD DE",
          "pcmRegionName": "L053 Baltimore Mobiles",
          "category": "Customer Service",
          "districtName": "Baltimore",
          "email": "expertservices@skedulo.com",
          "employmentType": "Volunteer",
          "mobilePhone": "111111111",
          "photoUrl": "https://skedulo--DEV--c.cs92.content.force.com/profilephoto/005/T",
          "regionId": "a173F000000x053QAA",
          "resourceType": "Person",
          "roles": "VP;Trainee",
          "seniorityDate": "2019-12-24",
          "userId": "0053F000004ovMrQAI",
          "address": {
            "fullAddress": "2201 Louis Mills Blvd, Savannah, GA 31405",
            "geometry": {
              "lat": 32.0337938,
              "lng": -81.1517617
            }
          },
          "id": "a1I3F000001DzRgUAK",
          "name": "Resource Hieu New"
        },
        "resourceId": "a1I3F000001DzRgUAK",
        "staffingBudgetAvailabilities": [
          {
            "availabilityId": "a0p3F000002Aee2QAC",
            "staffingBudget": {
              "approvedSlots": 1.0,
              "availableSlots": -1.0,
              "regionId": "a173F000000x053QAA",
              "requestType": "Standard",
              "roles": "VP",
              "staffingBudgetDate": "2020-01-08",
              "totalSlots": 0.0,
              "id": "a1k3F000000msOwQAI",
              "name": "SB-072860"
            },
            "staffingBudgetId": "a1k3F000000msOwQAI",
            "id": "a1x3F000000gUEWQA2",
            "name": "SBA-000378"
          }
        ],
        "endDate": "2020-01-08",
        "endTime": 2000,
        "eventType": "PTO",
        "isAllDay": true,
        "scheduleId": "a153F000001E8LEQA0",
        "startDate": "2020-01-08",
        "startTime": 1200,
        "status": "Approved",
        
        "createdBy": {
          "photoUrl": "https://skedulo--DEV--c.cs92.content.force.com/profilephoto/7293F000000rJy7/T",
          "id": "0053F000003lc8AQAQ",
          "name": "Hieu Le"
        },
        "createdOnDate": "2020-01-07",
        "createdOnTime": 2001,

        "id": "a0p3F000002Aee2QAC",
        "lastModifiedBy": {
          "photoUrl": "https://skedulo--DEV--c.cs92.content.force.com/profilephoto/7293F000000rJy7/T",
          "id": "0053F000003lc8AQAQ",
          "name": "Hieu Le"
        },
        "lastModifiedDate": "2020-01-07",
        "lastModifiedTime": 2001,
        
        "name": "AVAIL-0622",
        "objectType": "availability"
      },
      {
        "bypassAutoApprovalProcess": true,
        "isAvailable": false,
        "notes": "Test",
        "resource": {
          "arcRegionName": "Kentucky",
          "pcmRegionName": "L003 Western Kentucky Mobiles",
          "category": "Customer Service",
          "districtName": "Western Kentucky",
          "email": "qvuong@skedulo.com",
          "employmentType": "Full-time",
          "mobilePhone": "(098) 765-4321",
          "photoUrl": "https://skedulo--DEV--c.cs92.content.force.com/profilephoto/005/T",
          "regionId": "a173F000000xjHCQAY",
          "resourceType": "Person",
          "roles": "2RBC;FS Apheresis Charge",
          "seniorityDate": "2015-10-26",
          "userId": "0053F000003lc8UQAQ",
          "address": {
            "fullAddress": "1490 Mason St, San Francisco, CA 94133, USA",
            "geometry": {
              "lat": 37.797187,
              "lng": -122.413741
            }
          },
          "id": "a1I3F000001De4DUAS",
          "name": "Quan Vuong"
        },
        "resourceId": "a1I3F000001De4DUAS",
        "staffingBudgetAvailabilities": [
          {
            "availabilityId": "a0p3F000002AkkSQAS",
            "staffingBudget": {
              "approvedSlots": 0.0,
              "availableSlots": 0.0,
              "regionId": "a173F000000xjHCQAY",
              "requestType": "Standard",
              "roles": "FS Apheresis Charge",
              "staffingBudgetDate": "2020-01-10",
              "totalSlots": 0.0,
              "id": "a1k3F000000mtbzQAA",
              "name": "SB-072915"
            },
            "staffingBudgetId": "a1k3F000000mtbzQAA",
            "id": "a1x3F000000gUPmQAM",
            "name": "SBA-000380"
          }
        ],
        "endDate": "2020-01-10",
        "endTime": 1700,
        "eventType": "Sick",
        "isAllDay": true,
        "scheduleId": "a153F000001E8NyQAK",
        "startDate": "2020-01-10",
        "startTime": 900,
        "status": "Waitlist",
        "createdBy": {
          "photoUrl": "https://skedulo--DEV--c.cs92.content.force.com/profilephoto/005/T",
          "id": "0053F000003lc8FQAQ",
          "name": "Ton Nguyen"
        },
        "createdOnDate": "2020-01-08",
        "createdOnTime": 310,
        "id": "a0p3F000002AkkSQAS",
        "lastModifiedBy": {
          "photoUrl": "https://skedulo--DEV--c.cs92.content.force.com/profilephoto/005/T",
          "id": "0053F000003lc8FQAQ",
          "name": "Ton Nguyen"
        },
        "lastModifiedDate": "2020-01-08",
        "lastModifiedTime": 310,
        "name": "AVAIL-0625",
        "objectType": "availability"
      },
      {
        "bypassAutoApprovalProcess": true,
        "isAvailable": false,
        "notes": "Test 2",
        "resource": {
          "arcRegionName": "Kentucky",
          "pcmRegionName": "L003 Western Kentucky Mobiles",
          "category": "Customer Service",
          "districtName": "Western Kentucky",
          "email": "qvuong@skedulo.com",
          "employmentType": "Full-time",
          "mobilePhone": "(098) 765-4321",
          "photoUrl": "https://skedulo--DEV--c.cs92.content.force.com/profilephoto/005/T",
          "regionId": "a173F000000xjHCQAY",
          "resourceType": "Person",
          "roles": "2RBC;FS Apheresis Charge",
          "seniorityDate": "2015-10-26",
          "userId": "0053F000003lc8UQAQ",
          "address": {
            "fullAddress": "1490 Mason St, San Francisco, CA 94133, USA",
            "geometry": {
              "lat": 37.797187,
              "lng": -122.413741
            }
          },
          "id": "a1I3F000001De4DUAS",
          "name": "Quan Vuong"
        },
        "resourceId": "a1I3F000001De4DUAS",
        "staffingBudgetAvailabilities": [
          {
            "availabilityId": "a0p3F000002AkkXQAS",
            "staffingBudget": {
              "approvedSlots": 0.0,
              "availableSlots": 0.0,
              "regionId": "a173F000000xjHCQAY",
              "requestType": "Standard",
              "roles": "FS Apheresis Charge",
              "staffingBudgetDate": "2020-01-11",
              "totalSlots": 0.0,
              "id": "a1k3F000000mtc4QAA",
              "name": "SB-072916"
            },
            "staffingBudgetId": "a1k3F000000mtc4QAA",
            "id": "a1x3F000000gUPrQAM",
            "name": "SBA-000381"
          }
        ],
        "endDate": "2020-01-11",
        "endTime": 1700,
        "eventType": "Occupied",
        "isAllDay": true,
        "scheduleId": "a153F000001E8O3QAK",
        "startDate": "2020-01-11",
        "startTime": 900,
        "status": "Declined",
        "declineReason": "Other",
        "otherDeclineReason": "Other",
        "createdBy": {
          "photoUrl": "https://skedulo--DEV--c.cs92.content.force.com/profilephoto/005/T",
          "id": "0053F000003lc8FQAQ",
          "name": "Ton Nguyen"
        },
        "createdOnDate": "2020-01-08",
        "createdOnTime": 310,
        "id": "a0p3F000002AkkXQAS",
        "lastModifiedBy": {
          "photoUrl": "https://skedulo--DEV--c.cs92.content.force.com/profilephoto/005/T",
          "id": "0053F000003lc8FQAQ",
          "name": "Ton Nguyen"
        },
        "lastModifiedDate": "2020-01-08",
        "lastModifiedTime": 310,
        "name": "AVAIL-0626",
        "objectType": "availability"
      },
      {
        "bypassAutoApprovalProcess": true,
        "isAvailable": false,
        "resource": {
          "arcRegionName": "Kentucky",
          "pcmRegionName": "L003 Western Kentucky Mobiles",
          "category": "Customer Service",
          "districtName": "Western Kentucky",
          "email": "qvuong@skedulo.com",
          "employmentType": "Full-time",
          "mobilePhone": "(098) 765-4321",
          "photoUrl": "https://skedulo--DEV--c.cs92.content.force.com/profilephoto/005/T",
          "regionId": "a173F000000xjHCQAY",
          "resourceType": "Person",
          "roles": "2RBC;FS Apheresis Charge",
          "seniorityDate": "2015-10-26",
          "userId": "0053F000003lc8UQAQ",
          "address": {
            "fullAddress": "1490 Mason St, San Francisco, CA 94133, USA",
            "geometry": {
              "lat": 37.797187,
              "lng": -122.413741
            }
          },
          "id": "a1I3F000001De4DUAS",
          "name": "Quan Vuong"
        },
        "resourceId": "a1I3F000001De4DUAS",
        "staffingBudgetAvailabilities": [
          {
            "availabilityId": "a0p3F000002AkkcQAC",
            "staffingBudget": {
              "approvedSlots": 0.0,
              "availableSlots": 0.0,
              "regionId": "a173F000000xjHCQAY",
              "requestType": "Standard",
              "roles": "FS Apheresis Charge",
              "staffingBudgetDate": "2020-01-11",
              "totalSlots": 0.0,
              "id": "a1k3F000000mtc4QAA",
              "name": "SB-072916"
            },
            "staffingBudgetId": "a1k3F000000mtc4QAA",
            "id": "a1x3F000000gUPwQAM",
            "name": "SBA-000382"
          }
        ],
        "endDate": "2020-01-11",
        "endTime": 1700,
        "eventType": "Sick",
        "isAllDay": true,
        "scheduleId": "a153F000001E8O8QAK",
        "startDate": "2020-01-11",
        "startTime": 900,
        "status": "Pending",
        "createdBy": {
          "photoUrl": "https://skedulo--DEV--c.cs92.content.force.com/profilephoto/005/T",
          "id": "0053F000003lc8FQAQ",
          "name": "Ton Nguyen"
        },
        "createdOnDate": "2020-01-08",
        "createdOnTime": 310,
        "id": "a0p3F000002AkkcQAC",
        "lastModifiedBy": {
          "photoUrl": "https://skedulo--DEV--c.cs92.content.force.com/profilephoto/005/T",
          "id": "0053F000003lc8FQAQ",
          "name": "Ton Nguyen"
        },
        "lastModifiedDate": "2020-01-08",
        "lastModifiedTime": 310,
        "name": "AVAIL-0627",
        "objectType": "availability"
      },
      {
        "bypassAutoApprovalProcess": true,
        "isAvailable": false,
        "resource": {
          "arcRegionName": "DC MD DE",
          "pcmRegionName": "L053 Baltimore Mobiles",
          "category": "Customer Service",
          "districtName": "Baltimore",
          "email": "expertservices@skedulo.com",
          "employmentType": "Volunteer",
          "mobilePhone": "111111111",
          "photoUrl": "https://skedulo--DEV--c.cs92.content.force.com/profilephoto/005/T",
          "regionId": "a173F000000x053QAA",
          "resourceType": "Person",
          "roles": "VP;Trainee",
          "seniorityDate": "2019-12-24",
          "userId": "0053F000004ovMrQAI",
          "address": {
            "fullAddress": "2201 Louis Mills Blvd, Savannah, GA 31405",
            "geometry": {
              "lat": 32.0337938,
              "lng": -81.1517617
            }
          },
          "id": "a1I3F000001DzRgUAK",
          "name": "Resource Hieu New"
        },
        "resourceId": "a1I3F000001DzRgUAK",
        "staffingBudgetAvailabilities": [
          {
            "availabilityId": "a0p3F0000029z96QAA",
            "staffingBudget": {
              "approvedSlots": 1.0,
              "availableSlots": 4.0,
              "regionId": "a173F000000x053QAA",
              "requestType": "Standard",
              "roles": "2RBC",
              "staffingBudgetDate": "2020-01-13",
              "totalSlots": 5.0,
              "id": "a1k3F000000mrc2QAA",
              "name": "SB-072725"
            },
            "staffingBudgetId": "a1k3F000000mrc2QAA",
            "id": "a1x3F000000gU11QAE",
            "name": "SBA-000372"
          }
        ],
        "endDate": "2020-01-13",
        "endTime": 1700,
        "eventType": "PTO",
        "isAllDay": true,
        "scheduleId": "a153F000001E6sJQAS",
        "startDate": "2020-01-13",
        "startTime": 900,
        "status": "Approved",
        "createdBy": {
          "photoUrl": "https://skedulo--DEV--c.cs92.content.force.com/profilephoto/005/T",
          "id": "0053F000004ovMrQAI",
          "name": "Resource Skedulo"
        },
        "createdOnDate": "2020-01-07",
        "createdOnTime": 517,
        "id": "a0p3F0000029z96QAA",
        "lastModifiedBy": {
          "photoUrl": "https://skedulo--DEV--c.cs92.content.force.com/profilephoto/005/T",
          "id": "0053F000004ovMrQAI",
          "name": "Resource Skedulo"
        },
        "lastModifiedDate": "2020-01-07",
        "lastModifiedTime": 517,
        "name": "AVAIL-0616",
        "objectType": "availability"
      },
      {
        "bypassAutoApprovalProcess": true,
        "isAvailable": false,
        "resource": {
          "arcRegionName": "DC MD DE",
          "pcmRegionName": "L053 Baltimore Mobiles",
          "category": "Customer Service",
          "districtName": "Baltimore",
          "email": "expertservices@skedulo.com",
          "employmentType": "Volunteer",
          "mobilePhone": "111111111",
          "photoUrl": "https://skedulo--DEV--c.cs92.content.force.com/profilephoto/005/T",
          "regionId": "a173F000000x053QAA",
          "resourceType": "Person",
          "roles": "VP;Trainee",
          "seniorityDate": "2019-12-24",
          "userId": "0053F000004ovMrQAI",
          "address": {
            "fullAddress": "2201 Louis Mills Blvd, Savannah, GA 31405",
            "geometry": {
              "lat": 32.0337938,
              "lng": -81.1517617
            }
          },
          "id": "a1I3F000001DzRgUAK",
          "name": "Resource Hieu New"
        },
        "resourceId": "a1I3F000001DzRgUAK",
        "staffingBudgetAvailabilities": [
          {
            "availabilityId": "a0p3F0000029z97QAA",
            "staffingBudget": {
              "approvedSlots": 1.0,
              "availableSlots": 4.0,
              "regionId": "a173F000000x053QAA",
              "requestType": "Standard",
              "roles": "2RBC",
              "staffingBudgetDate": "2020-01-14",
              "totalSlots": 5.0,
              "id": "a1k3F000000mrc3QAA",
              "name": "SB-072726"
            },
            "staffingBudgetId": "a1k3F000000mrc3QAA",
            "id": "a1x3F000000gU12QAE",
            "name": "SBA-000373"
          }
        ],
        "endDate": "2020-01-14",
        "endTime": 1700,
        "eventType": "PTO",
        "isAllDay": true,
        "scheduleId": "a153F000001E6sJQAS",
        "startDate": "2020-01-14",
        "startTime": 900,
        "status": "Approved",
        "createdBy": {
          "photoUrl": "https://skedulo--DEV--c.cs92.content.force.com/profilephoto/005/T",
          "id": "0053F000004ovMrQAI",
          "name": "Resource Skedulo"
        },
        "createdOnDate": "2020-01-07",
        "createdOnTime": 517,
        "id": "a0p3F0000029z97QAA",
        "lastModifiedBy": {
          "photoUrl": "https://skedulo--DEV--c.cs92.content.force.com/profilephoto/005/T",
          "id": "0053F000004ovMrQAI",
          "name": "Resource Skedulo"
        },
        "lastModifiedDate": "2020-01-07",
        "lastModifiedTime": 517,
        "name": "AVAIL-0617",
        "objectType": "availability"
      },
      {
        "bypassAutoApprovalProcess": true,
        "isAvailable": false,
        "resource": {
          "arcRegionName": "DC MD DE",
          "pcmRegionName": "L053 Baltimore Mobiles",
          "category": "Customer Service",
          "districtName": "Baltimore",
          "email": "expertservices@skedulo.com",
          "employmentType": "Volunteer",
          "mobilePhone": "111111111",
          "photoUrl": "https://skedulo--DEV--c.cs92.content.force.com/profilephoto/005/T",
          "regionId": "a173F000000x053QAA",
          "resourceType": "Person",
          "roles": "VP;Trainee",
          "seniorityDate": "2019-12-24",
          "userId": "0053F000004ovMrQAI",
          "address": {
            "fullAddress": "2201 Louis Mills Blvd, Savannah, GA 31405",
            "geometry": {
              "lat": 32.0337938,
              "lng": -81.1517617
            }
          },
          "id": "a1I3F000001DzRgUAK",
          "name": "Resource Hieu New"
        },
        "resourceId": "a1I3F000001DzRgUAK",
        "staffingBudgetAvailabilities": [
          {
            "availabilityId": "a0p3F0000029z98QAA",
            "staffingBudget": {
              "approvedSlots": 1.0,
              "availableSlots": 4.0,
              "regionId": "a173F000000x053QAA",
              "requestType": "Standard",
              "roles": "2RBC",
              "staffingBudgetDate": "2020-01-15",
              "totalSlots": 5.0,
              "id": "a1k3F000000mrc4QAA",
              "name": "SB-072727"
            },
            "staffingBudgetId": "a1k3F000000mrc4QAA",
            "id": "a1x3F000000gU13QAE",
            "name": "SBA-000374"
          }
        ],
        "endDate": "2020-01-15",
        "endTime": 1700,
        "eventType": "PTO",
        "isAllDay": true,
        "scheduleId": "a153F000001E6sJQAS",
        "startDate": "2020-01-15",
        "startTime": 900,
        "status": "Approved",
        "createdBy": {
          "photoUrl": "https://skedulo--DEV--c.cs92.content.force.com/profilephoto/005/T",
          "id": "0053F000004ovMrQAI",
          "name": "Resource Skedulo"
        },
        "createdOnDate": "2020-01-07",
        "createdOnTime": 517,
        "id": "a0p3F0000029z98QAA",
        "lastModifiedBy": {
          "photoUrl": "https://skedulo--DEV--c.cs92.content.force.com/profilephoto/005/T",
          "id": "0053F000004ovMrQAI",
          "name": "Resource Skedulo"
        },
        "lastModifiedDate": "2020-01-07",
        "lastModifiedTime": 517,
        "name": "AVAIL-0618",
        "objectType": "availability"
      },
      {
        "bypassAutoApprovalProcess": true,
        "isAvailable": false,
        "resource": {
          "arcRegionName": "DC MD DE",
          "pcmRegionName": "L053 Baltimore Mobiles",
          "category": "Customer Service",
          "districtName": "Baltimore",
          "email": "expertservices@skedulo.com",
          "employmentType": "Volunteer",
          "mobilePhone": "111111111",
          "photoUrl": "https://skedulo--DEV--c.cs92.content.force.com/profilephoto/005/T",
          "regionId": "a173F000000x053QAA",
          "resourceType": "Person",
          "roles": "VP;Trainee",
          "seniorityDate": "2019-12-24",
          "userId": "0053F000004ovMrQAI",
          "address": {
            "fullAddress": "2201 Louis Mills Blvd, Savannah, GA 31405",
            "geometry": {
              "lat": 32.0337938,
              "lng": -81.1517617
            }
          },
          "id": "a1I3F000001DzRgUAK",
          "name": "Resource Hieu New"
        },
        "resourceId": "a1I3F000001DzRgUAK",
        "staffingBudgetAvailabilities": [
          {
            "availabilityId": "a0p3F0000029z99QAA",
            "staffingBudget": {
              "approvedSlots": 1.0,
              "availableSlots": 4.0,
              "regionId": "a173F000000x053QAA",
              "requestType": "Standard",
              "roles": "2RBC",
              "staffingBudgetDate": "2020-01-16",
              "totalSlots": 5.0,
              "id": "a1k3F000000mrc5QAA",
              "name": "SB-072728"
            },
            "staffingBudgetId": "a1k3F000000mrc5QAA",
            "id": "a1x3F000000gU14QAE",
            "name": "SBA-000375"
          }
        ],
        "endDate": "2020-01-16",
        "endTime": 1700,
        "eventType": "PTO",
        "isAllDay": true,
        "scheduleId": "a153F000001E6sJQAS",
        "startDate": "2020-01-16",
        "startTime": 900,
        "status": "Approved",
        "createdBy": {
          "photoUrl": "https://skedulo--DEV--c.cs92.content.force.com/profilephoto/005/T",
          "id": "0053F000004ovMrQAI",
          "name": "Resource Skedulo"
        },
        "createdOnDate": "2020-01-07",
        "createdOnTime": 517,
        "id": "a0p3F0000029z99QAA",
        "lastModifiedBy": {
          "photoUrl": "https://skedulo--DEV--c.cs92.content.force.com/profilephoto/005/T",
          "id": "0053F000004ovMrQAI",
          "name": "Resource Skedulo"
        },
        "lastModifiedDate": "2020-01-07",
        "lastModifiedTime": 517,
        "name": "AVAIL-0619",
        "objectType": "availability"
      },
      {
        "bypassAutoApprovalProcess": true,
        "isAvailable": false,
        "resource": {
          "arcRegionName": "DC MD DE",
          "pcmRegionName": "L053 Baltimore Mobiles",
          "category": "Customer Service",
          "districtName": "Baltimore",
          "email": "expertservices@skedulo.com",
          "employmentType": "Volunteer",
          "mobilePhone": "111111111",
          "photoUrl": "https://skedulo--DEV--c.cs92.content.force.com/profilephoto/005/T",
          "regionId": "a173F000000x053QAA",
          "resourceType": "Person",
          "roles": "VP;Trainee",
          "seniorityDate": "2019-12-24",
          "userId": "0053F000004ovMrQAI",
          "address": {
            "fullAddress": "2201 Louis Mills Blvd, Savannah, GA 31405",
            "geometry": {
              "lat": 32.0337938,
              "lng": -81.1517617
            }
          },
          "id": "a1I3F000001DzRgUAK",
          "name": "Resource Hieu New"
        },
        "resourceId": "a1I3F000001DzRgUAK",
        "staffingBudgetAvailabilities": [
          {
            "availabilityId": "a0p3F0000029z9AQAQ",
            "staffingBudget": {
              "approvedSlots": 1.0,
              "availableSlots": 4.0,
              "regionId": "a173F000000x053QAA",
              "requestType": "Standard",
              "roles": "2RBC",
              "staffingBudgetDate": "2020-01-17",
              "totalSlots": 5.0,
              "id": "a1k3F000000mrc6QAA",
              "name": "SB-072729"
            },
            "staffingBudgetId": "a1k3F000000mrc6QAA",
            "id": "a1x3F000000gU15QAE",
            "name": "SBA-000376"
          }
        ],
        "endDate": "2020-01-17",
        "endTime": 1700,
        "eventType": "PTO",
        "isAllDay": true,
        "scheduleId": "a153F000001E6sJQAS",
        "startDate": "2020-01-17",
        "startTime": 900,
        "status": "Approved",
        "createdBy": {
          "photoUrl": "https://skedulo--DEV--c.cs92.content.force.com/profilephoto/005/T",
          "id": "0053F000004ovMrQAI",
          "name": "Resource Skedulo"
        },
        "createdOnDate": "2020-01-07",
        "createdOnTime": 517,
        "id": "a0p3F0000029z9AQAQ",
        "lastModifiedBy": {
          "photoUrl": "https://skedulo--DEV--c.cs92.content.force.com/profilephoto/005/T",
          "id": "0053F000004ovMrQAI",
          "name": "Resource Skedulo"
        },
        "lastModifiedDate": "2020-01-07",
        "lastModifiedTime": 517,
        "name": "AVAIL-0620",
        "objectType": "availability"
      },
      {
        "bypassAutoApprovalProcess": true,
        "isAvailable": false,
        "resource": {
          "arcRegionName": "DC MD DE",
          "pcmRegionName": "L053 Baltimore Mobiles",
          "category": "Customer Service",
          "districtName": "Baltimore",
          "email": "expertservices@skedulo.com",
          "employmentType": "Volunteer",
          "mobilePhone": "111111111",
          "photoUrl": "https://skedulo--DEV--c.cs92.content.force.com/profilephoto/005/T",
          "regionId": "a173F000000x053QAA",
          "resourceType": "Person",
          "roles": "VP;Trainee",
          "seniorityDate": "2019-12-24",
          "userId": "0053F000004ovMrQAI",
          "address": {
            "fullAddress": "2201 Louis Mills Blvd, Savannah, GA 31405",
            "geometry": {
              "lat": 32.0337938,
              "lng": -81.1517617
            }
          },
          "id": "a1I3F000001DzRgUAK",
          "name": "Resource Hieu New"
        },
        "resourceId": "a1I3F000001DzRgUAK",
        "staffingBudgetAvailabilities": [
          {
            "availabilityId": "a0p3F0000029z9BQAQ",
            "staffingBudget": {
              "approvedSlots": 1.0,
              "availableSlots": 4.0,
              "regionId": "a173F000000x053QAA",
              "requestType": "Standard",
              "roles": "2RBC",
              "staffingBudgetDate": "2020-01-18",
              "totalSlots": 5.0,
              "id": "a1k3F000000mrc7QAA",
              "name": "SB-072730"
            },
            "staffingBudgetId": "a1k3F000000mrc7QAA",
            "id": "a1x3F000000gU16QAE",
            "name": "SBA-000377"
          }
        ],
        "endDate": "2020-01-18",
        "endTime": 1700,
        "eventType": "PTO",
        "isAllDay": true,
        "scheduleId": "a153F000001E6sJQAS",
        "startDate": "2020-01-18",
        "startTime": 900,
        "status": "Approved",
        "createdBy": {
          "photoUrl": "https://skedulo--DEV--c.cs92.content.force.com/profilephoto/005/T",
          "id": "0053F000004ovMrQAI",
          "name": "Resource Skedulo"
        },
        "createdOnDate": "2020-01-07",
        "createdOnTime": 517,
        "id": "a0p3F0000029z9BQAQ",
        "lastModifiedBy": {
          "photoUrl": "https://skedulo--DEV--c.cs92.content.force.com/profilephoto/005/T",
          "id": "0053F000004ovMrQAI",
          "name": "Resource Skedulo"
        },
        "lastModifiedDate": "2020-01-07",
        "lastModifiedTime": 517,
        "name": "AVAIL-0621",
        "objectType": "availability"
      },
      {
        "bypassAutoApprovalProcess": true,
        "isAvailable": false,
        "resource": {
          "arcRegionName": "DC MD DE",
          "pcmRegionName": "L053 Baltimore Mobiles",
          "category": "Customer Service",
          "districtName": "Baltimore",
          "email": "expertservices@skedulo.com",
          "employmentType": "Volunteer",
          "mobilePhone": "111111111",
          "photoUrl": "https://skedulo--DEV--c.cs92.content.force.com/profilephoto/005/T",
          "regionId": "a173F000000x053QAA",
          "resourceType": "Person",
          "roles": "VP;Trainee",
          "seniorityDate": "2019-12-24",
          "userId": "0053F000004ovMrQAI",
          "address": {
            "fullAddress": "2201 Louis Mills Blvd, Savannah, GA 31405",
            "geometry": {
              "lat": 32.0337938,
              "lng": -81.1517617
            }
          },
          "id": "a1I3F000001DzRgUAK",
          "name": "Resource Hieu New"
        },
        "resourceId": "a1I3F000001DzRgUAK",
        "staffingBudgetAvailabilities": [
          {
            "availabilityId": "a0p3F000002Aee7QAC",
            "staffingBudget": {
              "approvedSlots": 1.0,
              "availableSlots": -1.0,
              "regionId": "a173F000000x053QAA",
              "requestType": "Standard",
              "roles": "VP",
              "staffingBudgetDate": "2020-01-19",
              "totalSlots": 0.0,
              "id": "a1k3F000000msP1QAI",
              "name": "SB-072861"
            },
            "staffingBudgetId": "a1k3F000000msP1QAI",
            "id": "a1x3F000000gUEbQAM",
            "name": "SBA-000379"
          }
        ],
        "endDate": "2020-01-19",
        "endTime": 1700,
        "eventType": "PTO",
        "isAllDay": true,
        "scheduleId": "a153F000001E8LJQA0",
        "startDate": "2020-01-19",
        "startTime": 900,
        "status": "Approved",
        "createdBy": {
          "photoUrl": "https://skedulo--DEV--c.cs92.content.force.com/profilephoto/005/T",
          "id": "0053F000004ovMrQAI",
          "name": "Resource Skedulo"
        },
        "createdOnDate": "2020-01-07",
        "createdOnTime": 2009,
        "id": "a0p3F000002Aee7QAC",
        "lastModifiedBy": {
          "photoUrl": "https://skedulo--DEV--c.cs92.content.force.com/profilephoto/005/T",
          "id": "0053F000004ovMrQAI",
          "name": "Resource Skedulo"
        },
        "lastModifiedDate": "2020-01-07",
        "lastModifiedTime": 2009,
        "name": "AVAIL-0623",
        "objectType": "availability"
      }
    ],
    "totalPages": 1,
    "totalRecords": 11
  },
  "errorMessage": "",
  "message": "",
  "success": true,
  "viewData": {
    "timezoneSidId": "America/New_York"
  }
}