{
  "data": {
    "activityTypes": [
      "Break",
      "Meeting",
      "Enablement Training",
      "Training Course",
      "Training (QMS, eLearning)",
      "Other Duties",
      "Administration",
      "Travel"
    ],
    "availabilityTypes": [
      "Support Pool Hours",
      "Agency Hours",
      "Additional Hours / Overtime",
      "Workaround (On Hours)",
      "Winter Project Hours",
      "Winter Project Hours - Agency",
      "Annual Leave",
      "Sick Leave",
      "Maternity Leave",
      "Special Leave",
      "Time Off in Lieu",
      "Workaround (Off Hours)"
    ],
    "availabilityDeclineReasons": [
      "Decline Reason 1",
      "Decline Reason 2",
      "Other"
    ],
    "availabilityStatuses": [
      "Pending",
      "Approved",
      "Declined"
    ],
    "jobTypes": [
      "Personal Support",
      "Housing Support",
      "Assessment",
      "Review",
      "Outcome Review",
      "Responder Visit",
      "Service Related",
      "Home Help",
      "H&S - Accident & Incident",
      "H&S - Fire Test",
      "H&S - Fire Drill",
      "JES - Equipment Delivery",
      "CAT - Installation",
      "CAT - Additional Install",
      "CAT - Private Purchase Installation",
      "CAT - Uplift",
      "CAT - Key Safe",
      "CAT - Assess",
      "CAT - Review",
      "CAT - Battery/Maintenance",
      "CAT - Dispersed Fault",
      "CAT - Private Purchase Fault",
      "CAT - MIscellaneous",
      "Systems Support",
      "Residential Unit Shift"
    ],
    "holidays": [
      {
        "endDate": "2020-06-19",
        "isGlobal": false,
        "startDate": "2020-06-17",
        "id": "a084J000003QXu9QAG",
        "name": "Angela Fraser"
      }
    ],
    "regions": [
      {
        "timezoneSidId": "Europe/London",
        "id": "a0M4J000003HV7mUAG",
        "name": "Night Settling Rounds"
      },
      {
        "timezoneSidId": "Europe/London",
        "id": "a0M4J000000UFWPUA4",
        "name": "Systems Support"
      },
      {
        "timezoneSidId": "Europe/London",
        "id": "a0M4J000004QwnSUAS",
        "name": "N - M & S (Staff)"
      },
      {
        "timezoneSidId": "Europe/London",
        "id": "a0M4J000004QwnIUAS",
        "name": "S - H & W (Staff)"
      },
      {
        "timezoneSidId": "Europe/London",
        "id": "a0M4J000004Q9JjUAK",
        "name": "Responder Team"
      },
      {
        "timezoneSidId": "Europe/London",
        "id": "a0M4J000004PX2FUAW",
        "name": "Facilities Team"
      },
      {
        "timezoneSidId": "Europe/London",
        "id": "a0M4J000002BlH5UAK",
        "name": "City Home Helpers"
      },
      {
        "timezoneSidId": "UK/London",
        "id": "a0M4J000004QItDUAW",
        "name": "Learning & Development"
      },
      {
        "timezoneSidId": "Europe/London",
        "id": "a0M4J000004OoMAUA0",
        "name": "Support Pool - Leadership team"
      },
      {
        "timezoneSidId": "Europe/London",
        "id": "a0M4J000004OoMBUA0",
        "name": "Support Pool - Relief staff"
      },
      {
        "timezoneSidId": "Europe/London",
        "id": "a0M4J000003HUymUAG",
        "name": "N - BoD - Charlie Devine Court (Jobs)"
      },
      {
        "timezoneSidId": "Europe/London",
        "id": "a0M4J000003HUyrUAG",
        "name": "N - BoD - Hamewith (Jobs)"
      },
      {
        "timezoneSidId": "Europe/London",
        "id": "a0M4J000004QNNYUA4",
        "name": "Community Alarm Telecare"
      },
      {
        "timezoneSidId": "Europe/London",
        "id": "a0M4J000009obwAUAQ",
        "name": "Winter Project North (Jobs)"
      },
      {
        "timezoneSidId": "Europe/London",
        "id": "a0M4J000009obw5UAA",
        "name": "Winter Project Central (Jobs)"
      },
      {
        "timezoneSidId": "Europe/London",
        "id": "a0M4J000003HV0iUAG",
        "name": "C - 1 - Castleton Court (Jobs)"
      },
      {
        "timezoneSidId": "Europe/London",
        "id": "a0M4J000003HV0jUAG",
        "name": "C - 1 - Clifton Court (Jobs)"
      },
      {
        "timezoneSidId": "Europe/London",
        "id": "a0M4J000003HV0kUAG",
        "name": "C - 1 - Dominies Court (Jobs)"
      },
      {
        "timezoneSidId": "Europe/London",
        "id": "a0M4J000003HV0lUAG",
        "name": "C - 1 - Fullerton Court (Jobs)"
      },
      {
        "timezoneSidId": "Europe/London",
        "id": "a0M4J000003HV0mUAG",
        "name": "C - 1 - Hilton Court (Jobs)"
      },
      {
        "timezoneSidId": "Europe/London",
        "id": "a0M4J000003HV0nUAG",
        "name": "C - 1 - Meadow Court (Jobs)"
      },
      {
        "timezoneSidId": "Europe/London",
        "id": "a0M4J000003HV0oUAG",
        "name": "C - 1 - Murray Court (Jobs)"
      },
      {
        "timezoneSidId": "Europe/London",
        "id": "a0M4J000003HV0pUAG",
        "name": "C - 1 - Stewart Park Court (Jobs)"
      },
      {
        "timezoneSidId": "Europe/London",
        "id": "a0M4J000003HV0qUAG",
        "name": "C - 1 - Stocket Grange (Jobs)"
      },
      {
        "timezoneSidId": "Europe/London",
        "id": "a0M4J000003HV0rUAG",
        "name": "C - 1 - Woodhill Court (Jobs)"
      },
      {
        "timezoneSidId": "Europe/London",
        "id": "a0M4J000003HV0sUAG",
        "name": "C - 2 - Ashgrove Court (Jobs)"
      },
      {
        "timezoneSidId": "Europe/London",
        "id": "a0M4J000003HV0tUAG",
        "name": "C - 2 - Bede House Court (Jobs)"
      },
      {
        "timezoneSidId": "Europe/London",
        "id": "a0M4J000003HV0uUAG",
        "name": "C - 2 - Constitution Court (Jobs)"
      },
      {
        "timezoneSidId": "Europe/London",
        "id": "a0M4J000003HV0vUAG",
        "name": "C - 2 - Donview House (Jobs)"
      },
      {
        "timezoneSidId": "Europe/London",
        "id": "a0M4J000003HV0wUAG",
        "name": "C - 2 - Loch Court (Jobs)"
      },
      {
        "timezoneSidId": "Europe/London",
        "id": "a0M4J000003HV0xUAG",
        "name": "C - 2 - Lord Hays Court (Jobs)"
      },
      {
        "timezoneSidId": "Europe/London",
        "id": "a0M4J000003HV0zUAG",
        "name": "C - 2 - Seaview House (Jobs)"
      },
      {
        "timezoneSidId": "Europe/London",
        "id": "a0M4J000003HV10UAG",
        "name": "C - 2 - Short Loanings (Jobs)"
      },
      {
        "timezoneSidId": "Europe/London",
        "id": "a0M4J000003HV11UAG",
        "name": "C - 2 - St Clements Court (Jobs)"
      },
      {
        "timezoneSidId": "Europe/London",
        "id": "a0M4J000003HV12UAG",
        "name": "N - BoD - Clashieknowe (Jobs)"
      },
      {
        "timezoneSidId": "Europe/London",
        "id": "a0M4J000003HV13UAG",
        "name": "N - BoD - Denmore Court (Jobs)"
      },
      {
        "timezoneSidId": "Europe/London",
        "id": "a0M4J000003HV14UAG",
        "name": "N - D & B - Berrymoss Court (Jobs)"
      },
      {
        "timezoneSidId": "Europe/London",
        "id": "a0M4J000003HV15UAG",
        "name": "N - D & B - Fairley Den (Jobs)"
      },
      {
        "timezoneSidId": "Europe/London",
        "id": "a0M4J000003HV16UAG",
        "name": "N - D & B - Fergus House (Jobs)"
      },
      {
        "timezoneSidId": "Europe/London",
        "id": "a0M4J000003HV0yUAG",
        "name": "C - 2 - Seaton House (Jobs)"
      },
      {
        "timezoneSidId": "Europe/London",
        "id": "a0M4J000003HV17UAG",
        "name": "N - D & B - Parkhill Court (Jobs)"
      },
      {
        "timezoneSidId": "Europe/London",
        "id": "a0M4J000003HV18UAG",
        "name": "N - M & S - Granitehill House (Jobs)"
      },
      {
        "timezoneSidId": "Europe/London",
        "id": "a0M4J000003HV19UAG",
        "name": "N - M & S - Gray Court (Jobs)"
      },
      {
        "timezoneSidId": "Europe/London",
        "id": "a0M4J000003HV1AUAW",
        "name": "N - M & S - Kingswood Court (Jobs)"
      },
      {
        "timezoneSidId": "Europe/London",
        "id": "a0M4J000003HV1BUAW",
        "name": "N - M & S - Kingswood Day Centre (Jobs)"
      },
      {
        "timezoneSidId": "Europe/London",
        "id": "a0M4J000003HV1CUAW",
        "name": "N - M & S - Lewis Court (Jobs)"
      },
      {
        "timezoneSidId": "Europe/London",
        "id": "a0M4J000003HV1DUAW",
        "name": "N - M & S - Quarryhill Court (Jobs)"
      },
      {
        "timezoneSidId": "Europe/London",
        "id": "a0M4J000003HV1EUAW",
        "name": "N - M & S - Regensburg Court (Jobs)"
      },
      {
        "timezoneSidId": "Europe/London",
        "id": "a0M4J000003HV1FUAW",
        "name": "N - M & S - Taransay Court (Jobs)"
      },
      {
        "timezoneSidId": "Europe/London",
        "id": "a0M4J000003HV1GUAW",
        "name": "S - H & W - Balmoral Court (Jobs)"
      },
      {
        "timezoneSidId": "Europe/London",
        "id": "a0M4J000003HV1HUAW",
        "name": "S - H & W - Coronation Court (Jobs)"
      },
      {
        "timezoneSidId": "Europe/London",
        "id": "a0M4J000003HV1IUAW",
        "name": "S - H & W - Craigielea Gardens (Jobs)"
      },
      {
        "timezoneSidId": "Europe/London",
        "id": "a0M4J000003HV1KUAW",
        "name": "S - H & W - Craigton Park (Jobs)"
      },
      {
        "timezoneSidId": "Europe/London",
        "id": "a0M4J000003HV1LUAW",
        "name": "S - H & W - Denseat Court (Jobs)"
      },
      {
        "timezoneSidId": "Europe/London",
        "id": "a0M4J000003HV1MUAW",
        "name": "S - H & W - Gairn Court (Jobs)"
      },
      {
        "timezoneSidId": "Europe/London",
        "id": "a0M4J000003HV1NUAW",
        "name": "S - H & W - Janesfield Manor (Jobs)"
      },
      {
        "timezoneSidId": "Europe/London",
        "id": "a0M4J000003HV1OUAW",
        "name": "S - T & K - Balnagask House (Jobs)"
      },
      {
        "timezoneSidId": "Europe/London",
        "id": "a0M4J000003HV1PUAW",
        "name": "S - T & K - Brimmond Court (Jobs)"
      },
      {
        "timezoneSidId": "Europe/London",
        "id": "a0M4J000003HV1QUAW",
        "name": "S - T & K - Margaret Clyne Court (Jobs)"
      },
      {
        "timezoneSidId": "Europe/London",
        "id": "a0M4J000003HV1RUAW",
        "name": "S - T & K - Mark Bush Court (Jobs)"
      },
      {
        "timezoneSidId": "Europe/London",
        "id": "a0M4J000003HV1SUAW",
        "name": "S - T & K - Provost Hogg Court (Jobs)"
      },
      {
        "timezoneSidId": "Europe/Lisbon",
        "id": "a0M4J000003HUzaUAG",
        "name": "{{Jobs Prior Hubs}}"
      },
      {
        "timezoneSidId": "Europe/London",
        "id": "a0M4J000004PHFqUAO",
        "name": "Joint Equipment Store"
      },
      {
        "timezoneSidId": "Europe/London",
        "id": "a0M4J000004PLh5UAG",
        "name": "Rosewell House"
      },
      {
        "timezoneSidId": "Europe/London",
        "id": "a0M4J000004Qws3UAC",
        "name": "C - 2 (Staff)"
      },
      {
        "timezoneSidId": "Europe/London",
        "id": "a0M4J000004QwnDUAS",
        "name": "S - T & K (Staff)"
      },
      {
        "timezoneSidId": "Europe/London",
        "id": "a0M4J000003HV8fUAG",
        "name": "Winter Project South (Jobs)"
      },
      {
        "timezoneSidId": "Europe/London",
        "id": "a0M4J000002BlGlUAK",
        "name": "Admin"
      },
      {
        "timezoneSidId": "Europe/London",
        "id": "a0M4J000004PLg2UAG",
        "name": "Kingswells Care Home"
      },
      {
        "timezoneSidId": "Europe/London",
        "id": "a0M4J000004POnxUAG",
        "name": "Wellbeing Team"
      },
      {
        "timezoneSidId": "Europe/London",
        "id": "a0M4J000004QwnXUAS",
        "name": "N - BoD (Staff)"
      },
      {
        "timezoneSidId": "Europe/London",
        "id": "a0M4J000004QwncUAC",
        "name": "N - D & B (Staff)"
      },
      {
        "timezoneSidId": "Europe/London",
        "id": "a0M4J000004QwryUAC",
        "name": "C - 1 (Staff)"
      }
    ],
    "resourceCategories": [
      "Administrator",
      "Admin Manager",
      "Admin Team Leader",
      "Assistant CHH Coordinator",
      "Assistant Manager",
      "Assistant Store Manager",
      "Catering Supervisor",
      "CHH Coordinator",
      "Cook",
      "Customer Relationship Lead",
      "Discharge and Admissions Coordinator",
      "Driver Handy Person",
      "Eating Well Advisor",
      "Equipment Store Assistant",
      "Facilities Assistant",
      "Facilities Manager",
      "Finance Director",
      "Finance Manager",
      "Finance Officer",
      "General Assistant",
      "Home Help",
      "Housekeeper",
      "L&D Facilitator",
      "Logistics Planner",
      "Manager",
      "Managing Director",
      "Maximising Attendance Lead",
      "Nurse",
      "Operations Director",
      "OT",
      "OTA",
      "Procurement Assistant",
      "Quality & Compliance Officer",
      "Reablement Facilitator",
      "Senior OT",
      "Senior Telecare Technician",
      "Service Supervisor",
      "Stores Person",
      "Supply Team Leader",
      "Support Pool Coordinator",
      "Support Pool Customer Lead",
      "Support Worker",
      "Telecare Engineer",
      "Telecare Technician",
      "Smartphone",
      "iPad",
      "Laptop",
      "Relief Home Help"
    ],
    "resourceEmploymentTypes": [
      "Full-time",
      "Part-time",
      "Support Pool",
      "Agency"
    ],
    "timezones": [
      {
        "id": "Europe/London",
        "name": "Europe/London",
        "selected": true
      },
      {
        "id": "UK/London",
        "name": "UK/London",
        "selected": false
      },
      {
        "id": "Europe/Lisbon",
        "name": "Europe/Lisbon",
        "selected": false
      }
    ],
    "consoleSettings": {
      "autoApproveAvailability": true,
      "enableActivity": true,
      "enableAvailabilityTemplate": true,
      "enableShift": false,
      "respectResourceTimezone": false,
      "calendarEnd": 2359,
      "calendarStart": 0,
      "calendarStep": 30,
      "dateFormat": "dd/MM/yyyy",
      "datePickerFormat": "D, dd/mm/yy",
      "firstDay": 1,
      "monthPickerFormat": "MMM, yyyy",
      "noOfRecurWeeks": 52,
      "showLegend": true,
      "timePickerStep": 15,
      "viewPeriod": 3,
      "weekPickerFormat": "s[d M] - e[d M, yy]"
    },
    "eventTypeSettings": [
      {
        "canBePreDated": true,
        "isAvailable": false,
        "objectType": "availability",
        "shortName": "TOIL",
        "step": 30,
        "availableEnd": 2400,
        "availableStart": 0,
        "backgroundColor": "#cc420e",
        "color": "#fff",
        "eventType": "Time Off in Lieu",
        "showLegend": true,
        "id": "a1g4J000000NkFsQAK"
      },
      {
        "canBePreDated": false,
        "isAvailable": false,
        "objectType": "job",
        "step": 30,
        "availableEnd": 2400,
        "availableStart": 0,
        "backgroundColor": "#cc0e63",
        "color": "#fff",
        "eventType": "CAT - Installation",
        "showLegend": true,
        "id": "a1g4J000000NqO2QAK"
      },
      {
        "canBePreDated": false,
        "isAvailable": false,
        "objectType": "job",
        "step": 30,
        "availableEnd": 2400,
        "availableStart": 0,
        "backgroundColor": "#cc0e63",
        "color": "#fff",
        "eventType": "CAT - Additional Install",
        "showLegend": true,
        "id": "a1g4J000000NqO3QAK"
      },
      {
        "canBePreDated": false,
        "isAvailable": false,
        "objectType": "job",
        "step": 30,
        "availableEnd": 2400,
        "availableStart": 0,
        "backgroundColor": "#cc0e63",
        "color": "#fff",
        "eventType": "CAT - Private Purchase Installation",
        "showLegend": true,
        "id": "a1g4J000000NqO4QAK"
      },
      {
        "canBePreDated": false,
        "isAvailable": false,
        "objectType": "job",
        "step": 30,
        "availableEnd": 2400,
        "availableStart": 0,
        "backgroundColor": "#cc0e63",
        "color": "#fff",
        "eventType": "CAT - Uplift",
        "showLegend": true,
        "id": "a1g4J000000NqO5QAK"
      },
      {
        "canBePreDated": false,
        "isAvailable": false,
        "objectType": "job",
        "step": 30,
        "availableEnd": 2400,
        "availableStart": 0,
        "backgroundColor": "#cc0e63",
        "color": "#fff",
        "eventType": "CAT - Key Safe",
        "showLegend": true,
        "id": "a1g4J000000NqO6QAK"
      },
      {
        "canBePreDated": false,
        "isAvailable": false,
        "objectType": "job",
        "step": 30,
        "availableEnd": 2400,
        "availableStart": 0,
        "backgroundColor": "#cc0e63",
        "color": "#fff",
        "eventType": "CAT - Assess",
        "showLegend": true,
        "id": "a1g4J000000NqO7QAK"
      },
      {
        "canBePreDated": false,
        "isAvailable": false,
        "objectType": "job",
        "step": 30,
        "availableEnd": 2400,
        "availableStart": 0,
        "backgroundColor": "#cc0e63",
        "color": "#fff",
        "eventType": "CAT - Review",
        "showLegend": true,
        "id": "a1g4J000000NqO8QAK"
      },
      {
        "canBePreDated": false,
        "isAvailable": false,
        "objectType": "job",
        "step": 30,
        "availableEnd": 2400,
        "availableStart": 0,
        "backgroundColor": "#cc0e63",
        "color": "#fff",
        "eventType": "CAT - Battery/Maintenance",
        "showLegend": true,
        "id": "a1g4J000000NqO9QAK"
      },
      {
        "canBePreDated": false,
        "isAvailable": false,
        "objectType": "job",
        "step": 30,
        "availableEnd": 2400,
        "availableStart": 0,
        "backgroundColor": "#cc0e63",
        "color": "#fff",
        "eventType": "CAT - Dispersed Fault",
        "showLegend": true,
        "id": "a1g4J000000NqOAQA0"
      },
      {
        "canBePreDated": false,
        "isAvailable": false,
        "objectType": "job",
        "step": 30,
        "availableEnd": 2400,
        "availableStart": 0,
        "backgroundColor": "#cc0e63",
        "color": "#fff",
        "eventType": "CAT - Private Purchase Fault",
        "showLegend": true,
        "id": "a1g4J000000NqOBQA0"
      },
      {
        "canBePreDated": false,
        "isAvailable": false,
        "objectType": "job",
        "step": 30,
        "availableEnd": 2400,
        "availableStart": 0,
        "backgroundColor": "#cc0e63",
        "color": "#fff",
        "eventType": "CAT - MIscellaneous",
        "showLegend": true,
        "id": "a1g4J000000NqOCQA0"
      },
      {
        "canBePreDated": true,
        "isAvailable": false,
        "objectType": "activity",
        "shortName": "Admin",
        "step": 30,
        "availableEnd": 2400,
        "availableStart": 0,
        "backgroundColor": "#2c2a29",
        "color": "#fff",
        "eventType": "Administration",
        "showLegend": true,
        "id": "a1g4J000000AbF5QAK"
      },
      {
        "canBePreDated": true,
        "isAvailable": false,
        "objectType": "activity",
        "shortName": "Trav",
        "step": 30,
        "availableEnd": 2400,
        "availableStart": 0,
        "backgroundColor": "#2c2a29",
        "color": "#fff",
        "eventType": "Travel",
        "showLegend": true,
        "id": "a1g4J000000AbF6QAK"
      },
      {
        "canBePreDated": false,
        "isAvailable": false,
        "objectType": "availability",
        "step": 30,
        "availableEnd": 2400,
        "availableStart": 0,
        "backgroundColor": "#bababa",
        "color": "#fff",
        "eventType": "non-working",
        "showLegend": true,
        "id": "a1g4J000000AbFDQA0"
      },
      {
        "canBePreDated": false,
        "isAvailable": false,
        "objectType": "job",
        "step": 30,
        "availableEnd": 2400,
        "availableStart": 0,
        "backgroundColor": "#950ecc",
        "color": "#fff",
        "eventType": "Personal Support",
        "showLegend": true,
        "id": "a1g4J000000AbFLQA0"
      },
      {
        "canBePreDated": false,
        "isAvailable": false,
        "objectType": "job",
        "step": 30,
        "availableEnd": 2400,
        "availableStart": 0,
        "backgroundColor": "#0ea7cc",
        "color": "#fff",
        "eventType": "Housing Support",
        "showLegend": true,
        "id": "a1g4J000000AbFMQA0"
      },
      {
        "canBePreDated": false,
        "isAvailable": false,
        "objectType": "job",
        "step": 30,
        "availableEnd": 2400,
        "availableStart": 0,
        "backgroundColor": "#63cc0e",
        "color": "#fff",
        "eventType": "Assessment",
        "showLegend": true,
        "id": "a1g4J000000AbFNQA0"
      },
      {
        "canBePreDated": false,
        "isAvailable": false,
        "objectType": "job",
        "step": 30,
        "availableEnd": 2400,
        "availableStart": 0,
        "backgroundColor": "#cc8e0e",
        "color": "#fff",
        "eventType": "Review",
        "showLegend": true,
        "id": "a1g4J000000AbFOQA0"
      },
      {
        "canBePreDated": false,
        "isAvailable": false,
        "objectType": "job",
        "step": 30,
        "availableEnd": 2400,
        "availableStart": 0,
        "backgroundColor": "#b40ecc",
        "color": "#fff",
        "eventType": "Outcome Review",
        "showLegend": true,
        "id": "a1g4J000000AbFQQA0"
      },
      {
        "canBePreDated": false,
        "isAvailable": false,
        "objectType": "job",
        "step": 30,
        "availableEnd": 2400,
        "availableStart": 0,
        "backgroundColor": "#cc0e3d",
        "color": "#fff",
        "eventType": "Responder Visit",
        "showLegend": true,
        "id": "a1g4J000000AbFRQA0"
      },
      {
        "canBePreDated": false,
        "isAvailable": false,
        "objectType": "job",
        "step": 30,
        "availableEnd": 2400,
        "availableStart": 0,
        "backgroundColor": "#8a1538",
        "color": "#fff",
        "eventType": "Service Related",
        "showLegend": true,
        "id": "a1g4J000000AbFSQA0"
      },
      {
        "canBePreDated": false,
        "isAvailable": false,
        "objectType": "job",
        "step": 30,
        "availableEnd": 2400,
        "availableStart": 0,
        "backgroundColor": "#cc0ea0",
        "color": "#fff",
        "eventType": "Home Help",
        "showLegend": true,
        "id": "a1g4J000000AbFTQA0"
      },
      {
        "canBePreDated": true,
        "isAvailable": true,
        "objectType": "availability",
        "shortName": "SP",
        "step": 30,
        "availableEnd": 2400,
        "availableStart": 0,
        "backgroundColor": "#0ecc58",
        "color": "#fff",
        "eventType": "Support Pool Hours",
        "showLegend": true,
        "id": "a1g4J000000AbfuQAC"
      },
      {
        "canBePreDated": true,
        "isAvailable": true,
        "objectType": "availability",
        "shortName": "AG",
        "step": 30,
        "availableEnd": 2400,
        "availableStart": 0,
        "backgroundColor": "#0ecc58",
        "color": "#fff",
        "eventType": "Agency Hours",
        "showLegend": true,
        "id": "a1g4J000000AbfvQAC"
      },
      {
        "canBePreDated": true,
        "isAvailable": true,
        "objectType": "availability",
        "shortName": "OT",
        "step": 30,
        "availableEnd": 2400,
        "availableStart": 0,
        "backgroundColor": "#0ecc58",
        "color": "#fff",
        "eventType": "Additional Hours / Overtime",
        "showLegend": true,
        "id": "a1g4J000000AbfwQAC"
      },
      {
        "canBePreDated": true,
        "isAvailable": false,
        "objectType": "availability",
        "shortName": "AL",
        "step": 30,
        "availableEnd": 2400,
        "availableStart": 0,
        "backgroundColor": "#cc420e",
        "color": "#fff",
        "eventType": "Annual Leave",
        "showLegend": true,
        "id": "a1g4J000000AbfxQAC"
      },
      {
        "canBePreDated": true,
        "isAvailable": false,
        "objectType": "availability",
        "shortName": "SL",
        "step": 30,
        "availableEnd": 2400,
        "availableStart": 0,
        "backgroundColor": "#cc420e",
        "color": "#fff",
        "eventType": "Sick Leave",
        "showLegend": true,
        "id": "a1g4J000000AbfyQAC"
      },
      {
        "canBePreDated": true,
        "isAvailable": false,
        "objectType": "availability",
        "shortName": "SP",
        "step": 30,
        "availableEnd": 2400,
        "availableStart": 0,
        "backgroundColor": "#cc420e",
        "color": "#fff",
        "eventType": "Special Leave",
        "showLegend": true,
        "id": "a1g4J000000AbfzQAC"
      },
      {
        "canBePreDated": true,
        "isAvailable": false,
        "objectType": "activity",
        "shortName": "Tra",
        "step": 30,
        "availableEnd": 2400,
        "availableStart": 0,
        "backgroundColor": "#2c2a29",
        "color": "#fff",
        "eventType": "Training Course",
        "showLegend": true,
        "id": "a1g4J000000NkrWQAS"
      },
      {
        "canBePreDated": true,
        "isAvailable": false,
        "objectType": "activity",
        "shortName": "Meet",
        "step": 30,
        "availableEnd": 2400,
        "availableStart": 0,
        "backgroundColor": "#2c2a29",
        "color": "#fff",
        "eventType": "Meeting",
        "showLegend": true,
        "id": "a1g4J000000Nn5eQAC"
      },
      {
        "canBePreDated": true,
        "isAvailable": false,
        "objectType": "activity",
        "shortName": "Br",
        "step": 30,
        "availableEnd": 2400,
        "availableStart": 0,
        "backgroundColor": "#2c2a29",
        "color": "#fff",
        "eventType": "Break",
        "showLegend": true,
        "id": "a1g4J000000NkrUQAS"
      },
      {
        "canBePreDated": true,
        "isAvailable": false,
        "objectType": "activity",
        "shortName": "Enab",
        "step": 30,
        "availableEnd": 2400,
        "availableStart": 0,
        "backgroundColor": "#2c2a29",
        "color": "#fff",
        "eventType": "Enablement Training",
        "showLegend": true,
        "id": "a1g4J000000NkrVQAS"
      },
      {
        "canBePreDated": true,
        "isAvailable": false,
        "objectType": "activity",
        "shortName": "Tra",
        "step": 30,
        "availableEnd": 2400,
        "availableStart": 0,
        "backgroundColor": "#2c2a29",
        "color": "#fff",
        "eventType": "Training (QMS, eLearning)",
        "showLegend": true,
        "id": "a1g4J000000NkrXQAS"
      },
      {
        "canBePreDated": true,
        "isAvailable": true,
        "objectType": "availability",
        "shortName": "WPA",
        "step": 30,
        "availableEnd": 2400,
        "availableStart": 0,
        "backgroundColor": "#0ea7cc",
        "color": "#fff",
        "eventType": "Winter Project Hours - Agency",
        "showLegend": true,
        "id": "a1g4J000000W4qvQAC"
      },
      {
        "canBePreDated": true,
        "isAvailable": false,
        "objectType": "availability",
        "shortName": "MAT",
        "step": 30,
        "availableEnd": 2400,
        "availableStart": 0,
        "backgroundColor": "#0ea7cc",
        "color": "#fff",
        "eventType": "Maternity Leave",
        "showLegend": true,
        "id": "a1g4J000000Nlg6QAC"
      },
      {
        "canBePreDated": false,
        "isAvailable": false,
        "objectType": "job",
        "step": 30,
        "availableEnd": 2400,
        "availableStart": 0,
        "backgroundColor": "#0ea7cc",
        "color": "#fff",
        "eventType": "H&S - Accident & Incident",
        "showLegend": true,
        "id": "a1g4J000000W4IEQA0"
      },
      {
        "canBePreDated": false,
        "isAvailable": false,
        "objectType": "job",
        "step": 30,
        "availableEnd": 2400,
        "availableStart": 0,
        "backgroundColor": "#0ea7cc",
        "color": "#fff",
        "eventType": "H&S - Fire Test",
        "showLegend": true,
        "id": "a1g4J000000W4IFQA0"
      },
      {
        "canBePreDated": false,
        "isAvailable": false,
        "objectType": "job",
        "step": 30,
        "availableEnd": 2400,
        "availableStart": 0,
        "backgroundColor": "#0ea7cc",
        "color": "#fff",
        "eventType": "H&S - Fire Drill",
        "showLegend": true,
        "id": "a1g4J000000W4IGQA0"
      },
      {
        "canBePreDated": false,
        "isAvailable": false,
        "objectType": "job",
        "step": 30,
        "availableEnd": 2400,
        "availableStart": 0,
        "backgroundColor": "#0ea7cc",
        "color": "#fff",
        "eventType": "Systems Support",
        "showLegend": true,
        "id": "a1g4J000000W4IHQA0"
      },
      {
        "canBePreDated": true,
        "isAvailable": true,
        "objectType": "availability",
        "shortName": "WP",
        "step": 30,
        "availableEnd": 2400,
        "availableStart": 0,
        "backgroundColor": "#00bff1",
        "color": "#fff",
        "eventType": "Winter Project Hours",
        "showLegend": true,
        "id": "a1g4J000000W4IIQA0"
      },
      {
        "canBePreDated": true,
        "isAvailable": true,
        "objectType": "availability",
        "shortName": "WA",
        "step": 30,
        "availableEnd": 2400,
        "availableStart": 0,
        "backgroundColor": "#cc0ec6",
        "color": "#fff",
        "eventType": "Workaround (On Hours)",
        "showLegend": true,
        "id": "a1g4J000000NkGfQAK"
      },
      {
        "canBePreDated": true,
        "isAvailable": false,
        "objectType": "availability",
        "shortName": "WA",
        "step": 30,
        "availableEnd": 2400,
        "availableStart": 0,
        "backgroundColor": "#cc0ec6",
        "color": "#fff",
        "eventType": "Workaround (Off Hours)",
        "showLegend": true,
        "id": "a1g4J000000NkGeQAK"
      },
      {
        "canBePreDated": true,
        "isAvailable": false,
        "objectType": "activity",
        "shortName": "Oth",
        "step": 30,
        "availableEnd": 2400,
        "availableStart": 0,
        "backgroundColor": "#2c2a29",
        "color": "#fff",
        "eventType": "Other Duties",
        "showLegend": true,
        "id": "a1g4J000000NlvhQAC"
      },
      {
        "canBePreDated": false,
        "isAvailable": false,
        "objectType": "job",
        "step": 30,
        "availableEnd": 2400,
        "availableStart": 0,
        "backgroundColor": "#0ea7cc",
        "color": "#fff",
        "eventType": "JES - Equipment Delivery",
        "showLegend": true,
        "id": "a1g4J000000W5f3QAC"
      },
      {
        "canBePreDated": false,
        "isAvailable": false,
        "objectType": "job",
        "step": 30,
        "availableEnd": 2400,
        "availableStart": 0,
        "backgroundColor": "#0ea7cc",
        "color": "#fff",
        "eventType": "Residential Unit Shift",
        "showLegend": true,
        "id": "a1g4J000000W5f4QAC"
      }
    ],
    "jobURL": "https://bonaccordcare.my.skedulo.com/job/{jobId}/details/"
  },
  "errorMessage": "",
  "message": "",
  "success": true,
  "viewData": {
    "timezoneSidId": "Europe/London"
  }
}