{
      "data": {
        "conflicts": [
          {
            "hasConflict": false,
            "items": [],
            "record": {
              "isAvailable": true,
              "notes": "t1",
              "resourceId": "a1V1r00000HcVlKEAV",
              "endDate": "2019-10-03",
              "endTime": 2000,
              "eventType": "On-call",
              "isAllDay": false,
              "scheduleId": "a1O1r00000Cwb3AEAR",
              "startDate": "2019-10-03",
              "startTime": 700,
              "status": "Approved",
              "templateEntryId": "a181r000006Z4YHAA0",
              "id": "a1B1r000009wodGEAQ",
              "name": "AVAIL-5663",
              "objectType": "availability"
            }
          },
          {
            "hasConflict": false,
            "items": [],
            "record": {
              "isAvailable": true,
              "notes": "t1",
              "resourceId": "a1V1r00000HcVlKEAV",
              "endDate": "2019-10-04",
              "endTime": 2000,
              "eventType": "On-call",
              "isAllDay": false,
              "scheduleId": "a1O1r00000Cwb3AEAR",
              "startDate": "2019-10-04",
              "startTime": 700,
              "status": "Approved",
              "templateEntryId": "a181r000006Z4YIAA0",
              "id": "a1B1r000009wodKEAQ",
              "name": "AVAIL-5667",
              "objectType": "availability"
            }
          },
          {
            "hasConflict": false,
            "items": [],
            "record": {
              "isAvailable": true,
              "notes": "t1",
              "resourceId": "a1V1r00000HcVlKEAV",
              "endDate": "2019-10-05",
              "endTime": 2000,
              "eventType": "On-call",
              "isAllDay": false,
              "scheduleId": "a1O1r00000Cwb3AEAR",
              "startDate": "2019-10-05",
              "startTime": 700,
              "status": "Approved",
              "templateEntryId": "a181r000006Z4YJAA0",
              "id": "a1B1r000009wodOEAQ",
              "name": "AVAIL-5671",
              "objectType": "availability"
            }
          },
          {
            "hasConflict": false,
            "items": [],
            "record": {
              "isAvailable": true,
              "notes": "t1",
              "resourceId": "a1V1r00000HcVlKEAV",
              "endDate": "2019-10-09",
              "endTime": 2000,
              "eventType": "On-call",
              "isAllDay": false,
              "scheduleId": "a1O1r00000Cwb3AEAR",
              "startDate": "2019-10-09",
              "startTime": 1030,
              "status": "Approved",
              "templateEntryId": "a181r000006Z4YbAAK",
              "id": "a1B1r000009wodkEAA",
              "name": "AVAIL-5683",
              "objectType": "availability"
            }
          },
          {
            "hasConflict": false,
            "items": [],
            "record": {
              "isAvailable": true,
              "notes": "t1",
              "resourceId": "a1V1r00000HcVlKEAV",
              "endDate": "2019-10-10",
              "endTime": 2000,
              "eventType": "On-call",
              "isAllDay": false,
              "scheduleId": "a1O1r00000Cwb3AEAR",
              "startDate": "2019-10-10",
              "startTime": 730,
              "status": "Approved",
              "templateEntryId": "a181r000006Z4YHAA0",
              "id": "a1B1r000009wodHEAQ",
              "name": "AVAIL-5664",
              "objectType": "availability"
            }
          },
          {
            "hasConflict": false,
            "items": [],
            "record": {
              "isAvailable": true,
              "notes": "t1",
              "resourceId": "a1V1r00000HcVlKEAV",
              "endDate": "2019-10-11",
              "endTime": 2000,
              "eventType": "On-call",
              "isAllDay": false,
              "scheduleId": "a1O1r00000Cwb3AEAR",
              "startDate": "2019-10-11",
              "startTime": 800,
              "status": "Approved",
              "templateEntryId": "a181r000006Z4YIAA0",
              "id": "a1B1r000009wodLEAQ",
              "name": "AVAIL-5668",
              "objectType": "availability"
            }
          },
          {
            "hasConflict": false,
            "items": [],
            "record": {
              "isAvailable": true,
              "notes": "t1",
              "resourceId": "a1V1r00000HcVlKEAV",
              "endDate": "2019-10-12",
              "endTime": 2000,
              "eventType": "On-call",
              "isAllDay": false,
              "scheduleId": "a1O1r00000Cwb3AEAR",
              "startDate": "2019-10-12",
              "startTime": 800,
              "status": "Approved",
              "templateEntryId": "a181r000006Z4YJAA0",
              "id": "a1B1r000009wodPEAQ",
              "name": "AVAIL-5672",
              "objectType": "availability"
            }
          },
          {
            "hasConflict": false,
            "items": [],
            "record": {
              "isAvailable": true,
              "notes": "t1",
              "resourceId": "a1V1r00000HcVlKEAV",
              "endDate": "2019-10-16",
              "endTime": 2000,
              "eventType": "On-call",
              "isAllDay": false,
              "scheduleId": "a1O1r00000Cwb3AEAR",
              "startDate": "2019-10-16",
              "startTime": 1030,
              "status": "Approved",
              "templateEntryId": "a181r000006Z4YbAAK",
              "id": "a1B1r000009wodlEAA",
              "name": "AVAIL-5684",
              "objectType": "availability"
            }
          },
          {
            "hasConflict": false,
            "items": [],
            "record": {
              "isAvailable": true,
              "notes": "t1",
              "resourceId": "a1V1r00000HcVlKEAV",
              "endDate": "2019-10-17",
              "endTime": 2000,
              "eventType": "On-call",
              "isAllDay": false,
              "scheduleId": "a1O1r00000Cwb3AEAR",
              "startDate": "2019-10-17",
              "startTime": 730,
              "status": "Approved",
              "templateEntryId": "a181r000006Z4YHAA0",
              "id": "a1B1r000009wodIEAQ",
              "name": "AVAIL-5665",
              "objectType": "availability"
            }
          },
          {
            "hasConflict": false,
            "items": [],
            "record": {
              "isAvailable": true,
              "notes": "t1",
              "resourceId": "a1V1r00000HcVlKEAV",
              "endDate": "2019-10-18",
              "endTime": 2000,
              "eventType": "On-call",
              "isAllDay": false,
              "scheduleId": "a1O1r00000Cwb3AEAR",
              "startDate": "2019-10-18",
              "startTime": 800,
              "status": "Approved",
              "templateEntryId": "a181r000006Z4YIAA0",
              "id": "a1B1r000009wodMEAQ",
              "name": "AVAIL-5669",
              "objectType": "availability"
            }
          },
          {
            "hasConflict": false,
            "items": [],
            "record": {
              "isAvailable": true,
              "notes": "t1",
              "resourceId": "a1V1r00000HcVlKEAV",
              "endDate": "2019-10-19",
              "endTime": 2000,
              "eventType": "On-call",
              "isAllDay": false,
              "scheduleId": "a1O1r00000Cwb3AEAR",
              "startDate": "2019-10-19",
              "startTime": 800,
              "status": "Approved",
              "templateEntryId": "a181r000006Z4YJAA0",
              "id": "a1B1r000009wodQEAQ",
              "name": "AVAIL-5673",
              "objectType": "availability"
            }
          },
          {
            "hasConflict": false,
            "items": [],
            "record": {
              "isAvailable": true,
              "notes": "t1",
              "resourceId": "a1V1r00000HcVlKEAV",
              "endDate": "2019-10-23",
              "endTime": 2000,
              "eventType": "On-call",
              "isAllDay": false,
              "scheduleId": "a1O1r00000Cwb3AEAR",
              "startDate": "2019-10-23",
              "startTime": 1030,
              "status": "Approved",
              "templateEntryId": "a181r000006Z4YbAAK",
              "id": "a1B1r000009wodmEAA",
              "name": "AVAIL-5685",
              "objectType": "availability"
            }
          },
          {
            "hasConflict": false,
            "items": [],
            "record": {
              "isAvailable": true,
              "notes": "t1",
              "resourceId": "a1V1r00000HcVlKEAV",
              "endDate": "2019-10-24",
              "endTime": 2000,
              "eventType": "On-call",
              "isAllDay": false,
              "scheduleId": "a1O1r00000Cwb3AEAR",
              "startDate": "2019-10-24",
              "startTime": 730,
              "status": "Approved",
              "templateEntryId": "a181r000006Z4YHAA0",
              "id": "a1B1r000009wodJEAQ",
              "name": "AVAIL-5666",
              "objectType": "availability"
            }
          },
          {
            "hasConflict": false,
            "items": [],
            "record": {
              "isAvailable": true,
              "notes": "t1",
              "resourceId": "a1V1r00000HcVlKEAV",
              "endDate": "2019-10-25",
              "endTime": 2000,
              "eventType": "On-call",
              "isAllDay": false,
              "scheduleId": "a1O1r00000Cwb3AEAR",
              "startDate": "2019-10-25",
              "startTime": 800,
              "status": "Approved",
              "templateEntryId": "a181r000006Z4YIAA0",
              "id": "a1B1r000009wodNEAQ",
              "name": "AVAIL-5670",
              "objectType": "availability"
            }
          },
          {
            "hasConflict": false,
            "items": [],
            "record": {
              "isAvailable": true,
              "notes": "t1",
              "resourceId": "a1V1r00000HcVlKEAV",
              "endDate": "2019-10-26",
              "endTime": 2000,
              "eventType": "On-call",
              "isAllDay": false,
              "scheduleId": "a1O1r00000Cwb3AEAR",
              "startDate": "2019-10-26",
              "startTime": 800,
              "status": "Approved",
              "templateEntryId": "a181r000006Z4YJAA0",
              "id": "a1B1r000009wodREAQ",
              "name": "AVAIL-5674",
              "objectType": "availability"
            }
          },
          {
            "hasConflict": false,
            "items": [],
            "record": {
              "isAvailable": true,
              "notes": "t1",
              "resourceId": "a1V1r00000HcVlKEAV",
              "endDate": "2019-10-30",
              "endTime": 2000,
              "eventType": "On-call",
              "isAllDay": false,
              "scheduleId": "a1O1r00000Cwb3AEAR",
              "startDate": "2019-10-30",
              "startTime": 1030,
              "status": "Approved",
              "templateEntryId": "a181r000006Z4YbAAK",
              "id": "a1B1r000009wodnEAA",
              "name": "AVAIL-5686",
              "objectType": "availability"
            }
          },
          {
            "hasConflict": true,
            "items": [
              {
                "canMerge": false,
                "conflictRecord": {
                  "isAvailable": false,
                  "resourceId": "a1V1r00000HcVlKEAV",
                  "endDate": "2019-10-01",
                  "endTime": 2000,
                  "eventType": "Leave",
                  "isAllDay": false,
                  "scheduleId": "a1O1r00000CwaSnEAJ",
                  "startDate": "2019-10-01",
                  "startTime": 700,
                  "status": "Approved",
                  "templateEntryId": "a181r000006Z4QxAAK",
                  "id": "a1B1r000009woaBEAQ",
                  "name": "AVAIL-5625",
                  "objectType": "availability"
                }
              },
              {
                "canMerge": false,
                "conflictRecord": {
                  "isAvailable": false,
                  "resourceId": "a1V1r00000HcVlKEAV",
                  "endDate": "2019-10-03",
                  "endTime": 2000,
                  "eventType": "Leave",
                  "isAllDay": false,
                  "scheduleId": "a1O1r00000CwaSnEAJ",
                  "startDate": "2019-10-03",
                  "startTime": 700,
                  "status": "Approved",
                  "templateEntryId": "a181r000006Z4QyAAK",
                  "id": "a1B1r000009woaGEAQ",
                  "name": "AVAIL-5630",
                  "objectType": "availability"
                }
              },
              {
                "canMerge": false,
                "conflictRecord": {
                  "isAvailable": false,
                  "resourceId": "a1V1r00000HcVlKEAV",
                  "endDate": "2019-10-05",
                  "endTime": 2000,
                  "eventType": "Leave",
                  "isAllDay": false,
                  "scheduleId": "a1O1r00000CwaSnEAJ",
                  "startDate": "2019-10-05",
                  "startTime": 700,
                  "status": "Approved",
                  "templateEntryId": "a181r000006Z4QzAAK",
                  "id": "a1B1r000009woaLEAQ",
                  "name": "AVAIL-5635",
                  "objectType": "availability"
                }
              },
              {
                "canMerge": false,
                "conflictRecord": {
                  "isAvailable": false,
                  "resourceId": "a1V1r00000HcVlKEAV",
                  "endDate": "2019-10-08",
                  "endTime": 1100,
                  "eventType": "Leave",
                  "isAllDay": false,
                  "scheduleId": "a1O1r00000CwaSdEAJ",
                  "startDate": "2019-10-08",
                  "startTime": 730,
                  "status": "Approved",
                  "templateEntryId": "a181r000006Z4QiAAK",
                  "id": "a1B1r000009woaCEAQ",
                  "name": "AVAIL-5626",
                  "objectType": "availability"
                }
              },
              {
                "canMerge": false,
                "conflictRecord": {
                  "isAvailable": false,
                  "resourceId": "a1V1r00000HcVlKEAV",
                  "endDate": "2019-10-10",
                  "endTime": 2000,
                  "eventType": "Leave",
                  "isAllDay": false,
                  "scheduleId": "a1O1r00000CwaSdEAJ",
                  "startDate": "2019-10-10",
                  "startTime": 700,
                  "status": "Approved",
                  "templateEntryId": "a181r000006Z4QjAAK",
                  "id": "a1B1r000009woaHEAQ",
                  "name": "AVAIL-5631",
                  "objectType": "availability"
                }
              },
              {
                "canMerge": false,
                "conflictRecord": {
                  "isAvailable": false,
                  "resourceId": "a1V1r00000HcVlKEAV",
                  "endDate": "2019-10-12",
                  "endTime": 2000,
                  "eventType": "Leave",
                  "isAllDay": false,
                  "scheduleId": "a1O1r00000CwaSdEAJ",
                  "startDate": "2019-10-12",
                  "startTime": 700,
                  "status": "Approved",
                  "templateEntryId": "a181r000006Z4QkAAK",
                  "id": "a1B1r000009woaMEAQ",
                  "name": "AVAIL-5636",
                  "objectType": "availability"
                }
              },
              {
                "canMerge": false,
                "conflictRecord": {
                  "isAvailable": false,
                  "resourceId": "a1V1r00000HcVlKEAV",
                  "endDate": "2019-10-15",
                  "endTime": 1100,
                  "eventType": "Leave",
                  "isAllDay": false,
                  "scheduleId": "a1O1r00000CwaSdEAJ",
                  "startDate": "2019-10-15",
                  "startTime": 730,
                  "status": "Approved",
                  "templateEntryId": "a181r000006Z4QiAAK",
                  "id": "a1B1r000009woaDEAQ",
                  "name": "AVAIL-5627",
                  "objectType": "availability"
                }
              },
              {
                "canMerge": false,
                "conflictRecord": {
                  "isAvailable": false,
                  "resourceId": "a1V1r00000HcVlKEAV",
                  "endDate": "2019-10-17",
                  "endTime": 2000,
                  "eventType": "Leave",
                  "isAllDay": false,
                  "scheduleId": "a1O1r00000CwaSdEAJ",
                  "startDate": "2019-10-17",
                  "startTime": 700,
                  "status": "Approved",
                  "templateEntryId": "a181r000006Z4QjAAK",
                  "id": "a1B1r000009woaIEAQ",
                  "name": "AVAIL-5632",
                  "objectType": "availability"
                }
              },
              {
                "canMerge": false,
                "conflictRecord": {
                  "isAvailable": false,
                  "resourceId": "a1V1r00000HcVlKEAV",
                  "endDate": "2019-10-19",
                  "endTime": 2000,
                  "eventType": "Leave",
                  "isAllDay": false,
                  "scheduleId": "a1O1r00000CwaSdEAJ",
                  "startDate": "2019-10-19",
                  "startTime": 700,
                  "status": "Approved",
                  "templateEntryId": "a181r000006Z4QkAAK",
                  "id": "a1B1r000009woaNEAQ",
                  "name": "AVAIL-5637",
                  "objectType": "availability"
                }
              },
              {
                "canMerge": false,
                "conflictRecord": {
                  "isAvailable": false,
                  "resourceId": "a1V1r00000HcVlKEAV",
                  "endDate": "2019-10-22",
                  "endTime": 2000,
                  "eventType": "Leave",
                  "isAllDay": false,
                  "scheduleId": "a1O1r00000CwaSoEAJ",
                  "startDate": "2019-10-22",
                  "startTime": 700,
                  "status": "Approved",
                  "templateEntryId": "a181r000006Z4R0AAK",
                  "id": "a1B1r000009woaEEAQ",
                  "name": "AVAIL-5628",
                  "objectType": "availability"
                }
              },
              {
                "canMerge": false,
                "conflictRecord": {
                  "isAvailable": false,
                  "resourceId": "a1V1r00000HcVlKEAV",
                  "endDate": "2019-10-24",
                  "endTime": 2000,
                  "eventType": "Leave",
                  "isAllDay": false,
                  "scheduleId": "a1O1r00000CwaSoEAJ",
                  "startDate": "2019-10-24",
                  "startTime": 700,
                  "status": "Approved",
                  "templateEntryId": "a181r000006Z4R1AAK",
                  "id": "a1B1r000009woaJEAQ",
                  "name": "AVAIL-5633",
                  "objectType": "availability"
                }
              },
              {
                "canMerge": false,
                "conflictRecord": {
                  "isAvailable": false,
                  "resourceId": "a1V1r00000HcVlKEAV",
                  "endDate": "2019-10-26",
                  "endTime": 2000,
                  "eventType": "Leave",
                  "isAllDay": false,
                  "scheduleId": "a1O1r00000CwaSoEAJ",
                  "startDate": "2019-10-26",
                  "startTime": 700,
                  "status": "Approved",
                  "templateEntryId": "a181r000006Z4R2AAK",
                  "id": "a1B1r000009woaOEAQ",
                  "name": "AVAIL-5638",
                  "objectType": "availability"
                }
              },
              {
                "canMerge": false,
                "conflictRecord": {
                  "isAvailable": false,
                  "resourceId": "a1V1r00000HcVlKEAV",
                  "endDate": "2019-10-29",
                  "endTime": 2000,
                  "eventType": "Leave",
                  "isAllDay": false,
                  "scheduleId": "a1O1r00000CwaSoEAJ",
                  "startDate": "2019-10-29",
                  "startTime": 700,
                  "status": "Approved",
                  "templateEntryId": "a181r000006Z4R0AAK",
                  "id": "a1B1r000009woaFEAQ",
                  "name": "AVAIL-5629",
                  "objectType": "availability"
                }
              },
              {
                "canMerge": false,
                "conflictRecord": {
                  "isAvailable": false,
                  "resourceId": "a1V1r00000HcVlKEAV",
                  "endDate": "2019-10-31",
                  "endTime": 2000,
                  "eventType": "Leave",
                  "isAllDay": false,
                  "scheduleId": "a1O1r00000CwaSoEAJ",
                  "startDate": "2019-10-31",
                  "startTime": 700,
                  "status": "Approved",
                  "templateEntryId": "a181r000006Z4R1AAK",
                  "id": "a1B1r000009woaKEAQ",
                  "name": "AVAIL-5634",
                  "objectType": "availability"
                }
              }
            ],
            "record": {
              "isAvailable": true,
              "notes": "t1",
              "resourceId": "a1V1r00000HcVlKEAV",
              "endDate": "2019-10-06",
              "endTime": 2000,
              "eventType": "On-call",
              "isAllDay": false,
              "scheduleId": "a1O1r00000Cwb3AEAR",
              "startDate": "2019-10-06",
              "startTime": 700,
              "status": "Approved",
              "id": "a1B1r000009wodSEAQ",
              "name": "AVAIL-5675",
              "objectType": "availability"
            }
          },
          {
            "hasConflict": true,
            "items": [
              {
                "canMerge": false,
                "conflictRecord": {
                  "isAvailable": false,
                  "resourceId": "a1V1r00000HcVlKEAV",
                  "endDate": "2019-10-01",
                  "endTime": 2000,
                  "eventType": "Leave",
                  "isAllDay": false,
                  "scheduleId": "a1O1r00000CwaSnEAJ",
                  "startDate": "2019-10-01",
                  "startTime": 700,
                  "status": "Approved",
                  "templateEntryId": "a181r000006Z4QxAAK",
                  "id": "a1B1r000009woaBEAQ",
                  "name": "AVAIL-5625",
                  "objectType": "availability"
                }
              }
            ],
            "record": {
              "isAvailable": true,
              "notes": "t1",
              "resourceId": "a1V1r00000HcVlKEAV",
              "endDate": "2019-10-01",
              "endTime": 2000,
              "eventType": "On-call",
              "isAllDay": false,
              "scheduleId": "a1O1r00000Cwb3AEAR",
              "startDate": "2019-10-01",
              "startTime": 730,
              "status": "Approved",
              "templateEntryId": "a181r000006Z4YHAA0",
              "uniqueKey": "2019-10-09_1030",
              "objectType": "availability",
              "temporaryId": "temp_15365703751631"
            }
          },
          {
            "hasConflict": false,
            "items": [],
            "record": {
              "isAvailable": true,
              "notes": "t1",
              "resourceId": "a1V1r00000HcVlKEAV",
              "endDate": "2019-10-02",
              "endTime": 2000,
              "eventType": "On-call",
              "isAllDay": false,
              "scheduleId": "a1O1r00000Cwb3AEAR",
              "startDate": "2019-10-02",
              "startTime": 800,
              "status": "Approved",
              "templateEntryId": "a181r000006Z4YIAA0",
              "uniqueKey": "2019-10-09_1030",
              "objectType": "availability",
              "temporaryId": "temp_15365703751666"
            }
          },
          {
            "hasConflict": true,
            "items": [
              {
                "canMerge": false,
                "conflictRecord": {
                  "isAvailable": false,
                  "resourceId": "a1V1r00000HcVlKEAV",
                  "endDate": "2019-10-03",
                  "endTime": 2000,
                  "eventType": "Leave",
                  "isAllDay": false,
                  "scheduleId": "a1O1r00000CwaSnEAJ",
                  "startDate": "2019-10-03",
                  "startTime": 700,
                  "status": "Approved",
                  "templateEntryId": "a181r000006Z4QyAAK",
                  "id": "a1B1r000009woaGEAQ",
                  "name": "AVAIL-5630",
                  "objectType": "availability"
                }
              }
            ],
            "record": {
              "isAvailable": true,
              "notes": "t1",
              "resourceId": "a1V1r00000HcVlKEAV",
              "endDate": "2019-10-03",
              "endTime": 2000,
              "eventType": "On-call",
              "isAllDay": false,
              "scheduleId": "a1O1r00000Cwb3AEAR",
              "startDate": "2019-10-03",
              "startTime": 800,
              "status": "Approved",
              "templateEntryId": "a181r000006Z4YJAA0",
              "uniqueKey": "2019-10-09_1030",
              "objectType": "availability",
              "temporaryId": "temp_153657037516811"
            }
          },
          {
            "hasConflict": false,
            "items": [],
            "record": {
              "isAvailable": true,
              "notes": "t1",
              "resourceId": "a1V1r00000HcVlKEAV",
              "endDate": "2019-10-07",
              "endTime": 2000,
              "eventType": "On-call",
              "isAllDay": false,
              "scheduleId": "a1O1r00000Cwb3AEAR",
              "startDate": "2019-10-07",
              "startTime": 1030,
              "status": "Approved",
              "templateEntryId": "a181r000006Z4YbAAK",
              "uniqueKey": "2019-10-09_1030",
              "objectType": "availability",
              "temporaryId": "temp_153657037517016"
            }
          },
          {
            "hasConflict": true,
            "items": [
              {
                "canMerge": false,
                "conflictRecord": {
                  "isAvailable": false,
                  "resourceId": "a1V1r00000HcVlKEAV",
                  "endDate": "2019-10-08",
                  "endTime": 1100,
                  "eventType": "Leave",
                  "isAllDay": false,
                  "scheduleId": "a1O1r00000CwaSdEAJ",
                  "startDate": "2019-10-08",
                  "startTime": 730,
                  "status": "Approved",
                  "templateEntryId": "a181r000006Z4QiAAK",
                  "id": "a1B1r000009woaCEAQ",
                  "name": "AVAIL-5626",
                  "objectType": "availability"
                }
              }
            ],
            "record": {
              "isAvailable": true,
              "notes": "t1",
              "resourceId": "a1V1r00000HcVlKEAV",
              "endDate": "2019-10-08",
              "endTime": 2000,
              "eventType": "On-call",
              "isAllDay": false,
              "scheduleId": "a1O1r00000Cwb3AEAR",
              "startDate": "2019-10-08",
              "startTime": 730,
              "status": "Approved",
              "templateEntryId": "a181r000006Z4YHAA0",
              "uniqueKey": "2019-10-09_1030",
              "objectType": "availability",
              "temporaryId": "temp_15365703751642"
            }
          },
          {
            "hasConflict": false,
            "items": [],
            "record": {
              "isAvailable": true,
              "notes": "t1",
              "resourceId": "a1V1r00000HcVlKEAV",
              "endDate": "2019-10-09",
              "endTime": 2000,
              "eventType": "On-call",
              "isAllDay": false,
              "scheduleId": "a1O1r00000Cwb3AEAR",
              "startDate": "2019-10-09",
              "startTime": 800,
              "status": "Approved",
              "templateEntryId": "a181r000006Z4YIAA0",
              "uniqueKey": "2019-10-09_1030",
              "objectType": "availability",
              "temporaryId": "temp_15365703751667"
            }
          },
          {
            "hasConflict": true,
            "items": [
              {
                "canMerge": false,
                "conflictRecord": {
                  "isAvailable": false,
                  "resourceId": "a1V1r00000HcVlKEAV",
                  "endDate": "2019-10-10",
                  "endTime": 2000,
                  "eventType": "Leave",
                  "isAllDay": false,
                  "scheduleId": "a1O1r00000CwaSdEAJ",
                  "startDate": "2019-10-10",
                  "startTime": 700,
                  "status": "Approved",
                  "templateEntryId": "a181r000006Z4QjAAK",
                  "id": "a1B1r000009woaHEAQ",
                  "name": "AVAIL-5631",
                  "objectType": "availability"
                }
              }
            ],
            "record": {
              "isAvailable": true,
              "notes": "t1",
              "resourceId": "a1V1r00000HcVlKEAV",
              "endDate": "2019-10-10",
              "endTime": 2000,
              "eventType": "On-call",
              "isAllDay": false,
              "scheduleId": "a1O1r00000Cwb3AEAR",
              "startDate": "2019-10-10",
              "startTime": 800,
              "status": "Approved",
              "templateEntryId": "a181r000006Z4YJAA0",
              "uniqueKey": "2019-10-09_1030",
              "objectType": "availability",
              "temporaryId": "temp_153657037516812"
            }
          },
          {
            "hasConflict": false,
            "items": [],
            "record": {
              "isAvailable": true,
              "notes": "t1",
              "resourceId": "a1V1r00000HcVlKEAV",
              "endDate": "2019-10-14",
              "endTime": 2000,
              "eventType": "On-call",
              "isAllDay": false,
              "scheduleId": "a1O1r00000Cwb3AEAR",
              "startDate": "2019-10-14",
              "startTime": 1030,
              "status": "Approved",
              "templateEntryId": "a181r000006Z4YbAAK",
              "uniqueKey": "2019-10-09_1030",
              "objectType": "availability",
              "temporaryId": "temp_153657037517017"
            }
          },
          {
            "hasConflict": true,
            "items": [
              {
                "canMerge": false,
                "conflictRecord": {
                  "isAvailable": false,
                  "resourceId": "a1V1r00000HcVlKEAV",
                  "endDate": "2019-10-15",
                  "endTime": 1100,
                  "eventType": "Leave",
                  "isAllDay": false,
                  "scheduleId": "a1O1r00000CwaSdEAJ",
                  "startDate": "2019-10-15",
                  "startTime": 730,
                  "status": "Approved",
                  "templateEntryId": "a181r000006Z4QiAAK",
                  "id": "a1B1r000009woaDEAQ",
                  "name": "AVAIL-5627",
                  "objectType": "availability"
                }
              }
            ],
            "record": {
              "isAvailable": true,
              "notes": "t1",
              "resourceId": "a1V1r00000HcVlKEAV",
              "endDate": "2019-10-15",
              "endTime": 2000,
              "eventType": "On-call",
              "isAllDay": false,
              "scheduleId": "a1O1r00000Cwb3AEAR",
              "startDate": "2019-10-15",
              "startTime": 730,
              "status": "Approved",
              "templateEntryId": "a181r000006Z4YHAA0",
              "uniqueKey": "2019-10-09_1030",
              "objectType": "availability",
              "temporaryId": "temp_15365703751653"
            }
          },
          {
            "hasConflict": false,
            "items": [],
            "record": {
              "isAvailable": true,
              "notes": "t1",
              "resourceId": "a1V1r00000HcVlKEAV",
              "endDate": "2019-10-16",
              "endTime": 2000,
              "eventType": "On-call",
              "isAllDay": false,
              "scheduleId": "a1O1r00000Cwb3AEAR",
              "startDate": "2019-10-16",
              "startTime": 800,
              "status": "Approved",
              "templateEntryId": "a181r000006Z4YIAA0",
              "uniqueKey": "2019-10-09_1030",
              "objectType": "availability",
              "temporaryId": "temp_15365703751678"
            }
          },
          {
            "hasConflict": true,
            "items": [
              {
                "canMerge": false,
                "conflictRecord": {
                  "isAvailable": false,
                  "resourceId": "a1V1r00000HcVlKEAV",
                  "endDate": "2019-10-17",
                  "endTime": 2000,
                  "eventType": "Leave",
                  "isAllDay": false,
                  "scheduleId": "a1O1r00000CwaSdEAJ",
                  "startDate": "2019-10-17",
                  "startTime": 700,
                  "status": "Approved",
                  "templateEntryId": "a181r000006Z4QjAAK",
                  "id": "a1B1r000009woaIEAQ",
                  "name": "AVAIL-5632",
                  "objectType": "availability"
                }
              }
            ],
            "record": {
              "isAvailable": true,
              "notes": "t1",
              "resourceId": "a1V1r00000HcVlKEAV",
              "endDate": "2019-10-17",
              "endTime": 2000,
              "eventType": "On-call",
              "isAllDay": false,
              "scheduleId": "a1O1r00000Cwb3AEAR",
              "startDate": "2019-10-17",
              "startTime": 800,
              "status": "Approved",
              "templateEntryId": "a181r000006Z4YJAA0",
              "uniqueKey": "2019-10-09_1030",
              "objectType": "availability",
              "temporaryId": "temp_153657037516913"
            }
          },
          {
            "hasConflict": false,
            "items": [],
            "record": {
              "isAvailable": true,
              "notes": "t1",
              "resourceId": "a1V1r00000HcVlKEAV",
              "endDate": "2019-10-21",
              "endTime": 2000,
              "eventType": "On-call",
              "isAllDay": false,
              "scheduleId": "a1O1r00000Cwb3AEAR",
              "startDate": "2019-10-21",
              "startTime": 1030,
              "status": "Approved",
              "templateEntryId": "a181r000006Z4YbAAK",
              "uniqueKey": "2019-10-09_1030",
              "objectType": "availability",
              "temporaryId": "temp_153657037517118"
            }
          },
          {
            "hasConflict": true,
            "items": [
              {
                "canMerge": false,
                "conflictRecord": {
                  "isAvailable": false,
                  "resourceId": "a1V1r00000HcVlKEAV",
                  "endDate": "2019-10-22",
                  "endTime": 2000,
                  "eventType": "Leave",
                  "isAllDay": false,
                  "scheduleId": "a1O1r00000CwaSoEAJ",
                  "startDate": "2019-10-22",
                  "startTime": 700,
                  "status": "Approved",
                  "templateEntryId": "a181r000006Z4R0AAK",
                  "id": "a1B1r000009woaEEAQ",
                  "name": "AVAIL-5628",
                  "objectType": "availability"
                }
              }
            ],
            "record": {
              "isAvailable": true,
              "notes": "t1",
              "resourceId": "a1V1r00000HcVlKEAV",
              "endDate": "2019-10-22",
              "endTime": 2000,
              "eventType": "On-call",
              "isAllDay": false,
              "scheduleId": "a1O1r00000Cwb3AEAR",
              "startDate": "2019-10-22",
              "startTime": 730,
              "status": "Approved",
              "templateEntryId": "a181r000006Z4YHAA0",
              "uniqueKey": "2019-10-09_1030",
              "objectType": "availability",
              "temporaryId": "temp_15365703751654"
            }
          },
          {
            "hasConflict": false,
            "items": [],
            "record": {
              "isAvailable": true,
              "notes": "t1",
              "resourceId": "a1V1r00000HcVlKEAV",
              "endDate": "2019-10-23",
              "endTime": 2000,
              "eventType": "On-call",
              "isAllDay": false,
              "scheduleId": "a1O1r00000Cwb3AEAR",
              "startDate": "2019-10-23",
              "startTime": 800,
              "status": "Approved",
              "templateEntryId": "a181r000006Z4YIAA0",
              "uniqueKey": "2019-10-09_1030",
              "objectType": "availability",
              "temporaryId": "temp_15365703751679"
            }
          },
          {
            "hasConflict": true,
            "items": [
              {
                "canMerge": false,
                "conflictRecord": {
                  "isAvailable": false,
                  "resourceId": "a1V1r00000HcVlKEAV",
                  "endDate": "2019-10-24",
                  "endTime": 2000,
                  "eventType": "Leave",
                  "isAllDay": false,
                  "scheduleId": "a1O1r00000CwaSoEAJ",
                  "startDate": "2019-10-24",
                  "startTime": 700,
                  "status": "Approved",
                  "templateEntryId": "a181r000006Z4R1AAK",
                  "id": "a1B1r000009woaJEAQ",
                  "name": "AVAIL-5633",
                  "objectType": "availability"
                }
              }
            ],
            "record": {
              "isAvailable": true,
              "notes": "t1",
              "resourceId": "a1V1r00000HcVlKEAV",
              "endDate": "2019-10-24",
              "endTime": 2000,
              "eventType": "On-call",
              "isAllDay": false,
              "scheduleId": "a1O1r00000Cwb3AEAR",
              "startDate": "2019-10-24",
              "startTime": 800,
              "status": "Approved",
              "templateEntryId": "a181r000006Z4YJAA0",
              "uniqueKey": "2019-10-09_1030",
              "objectType": "availability",
              "temporaryId": "temp_153657037516914"
            }
          },
          {
            "hasConflict": false,
            "items": [],
            "record": {
              "isAvailable": true,
              "notes": "t1",
              "resourceId": "a1V1r00000HcVlKEAV",
              "endDate": "2019-10-28",
              "endTime": 2000,
              "eventType": "On-call",
              "isAllDay": false,
              "scheduleId": "a1O1r00000Cwb3AEAR",
              "startDate": "2019-10-28",
              "startTime": 1030,
              "status": "Approved",
              "templateEntryId": "a181r000006Z4YbAAK",
              "uniqueKey": "2019-10-09_1030",
              "objectType": "availability",
              "temporaryId": "temp_153657037517119"
            }
          },
          {
            "hasConflict": true,
            "items": [
              {
                "canMerge": false,
                "conflictRecord": {
                  "isAvailable": false,
                  "resourceId": "a1V1r00000HcVlKEAV",
                  "endDate": "2019-10-29",
                  "endTime": 2000,
                  "eventType": "Leave",
                  "isAllDay": false,
                  "scheduleId": "a1O1r00000CwaSoEAJ",
                  "startDate": "2019-10-29",
                  "startTime": 700,
                  "status": "Approved",
                  "templateEntryId": "a181r000006Z4R0AAK",
                  "id": "a1B1r000009woaFEAQ",
                  "name": "AVAIL-5629",
                  "objectType": "availability"
                }
              }
            ],
            "record": {
              "isAvailable": true,
              "notes": "t1",
              "resourceId": "a1V1r00000HcVlKEAV",
              "endDate": "2019-10-29",
              "endTime": 2000,
              "eventType": "On-call",
              "isAllDay": false,
              "scheduleId": "a1O1r00000Cwb3AEAR",
              "startDate": "2019-10-29",
              "startTime": 730,
              "status": "Approved",
              "templateEntryId": "a181r000006Z4YHAA0",
              "uniqueKey": "2019-10-09_1030",
              "objectType": "availability",
              "temporaryId": "temp_15365703751655"
            }
          },
          {
            "hasConflict": false,
            "items": [],
            "record": {
              "isAvailable": true,
              "notes": "t1",
              "resourceId": "a1V1r00000HcVlKEAV",
              "endDate": "2019-10-30",
              "endTime": 2000,
              "eventType": "On-call",
              "isAllDay": false,
              "scheduleId": "a1O1r00000Cwb3AEAR",
              "startDate": "2019-10-30",
              "startTime": 800,
              "status": "Approved",
              "templateEntryId": "a181r000006Z4YIAA0",
              "uniqueKey": "2019-10-09_1030",
              "objectType": "availability",
              "temporaryId": "temp_153657037516710"
            }
          },
          {
            "hasConflict": true,
            "items": [
              {
                "canMerge": false,
                "conflictRecord": {
                  "isAvailable": false,
                  "resourceId": "a1V1r00000HcVlKEAV",
                  "endDate": "2019-10-31",
                  "endTime": 2000,
                  "eventType": "Leave",
                  "isAllDay": false,
                  "scheduleId": "a1O1r00000CwaSoEAJ",
                  "startDate": "2019-10-31",
                  "startTime": 700,
                  "status": "Approved",
                  "templateEntryId": "a181r000006Z4R1AAK",
                  "id": "a1B1r000009woaKEAQ",
                  "name": "AVAIL-5634",
                  "objectType": "availability"
                }
              }
            ],
            "record": {
              "isAvailable": true,
              "notes": "t1",
              "resourceId": "a1V1r00000HcVlKEAV",
              "endDate": "2019-10-31",
              "endTime": 2000,
              "eventType": "On-call",
              "isAllDay": false,
              "scheduleId": "a1O1r00000Cwb3AEAR",
              "startDate": "2019-10-31",
              "startTime": 800,
              "status": "Approved",
              "templateEntryId": "a181r000006Z4YJAA0",
              "uniqueKey": "2019-10-09_1030",
              "objectType": "availability",
              "temporaryId": "temp_153657037516915"
            }
          }
        ],
        "hasConflict": true,
        "objectType": "availability",
        "recurringSchedule": {
          "availabilities": [
            {
              "isAvailable": true,
              "notes": "t1",
              "resourceId": "a1V1r00000HcVlKEAV",
              "endDate": "2019-10-03",
              "endTime": 2000,
              "eventType": "On-call",
              "isAllDay": false,
              "scheduleId": "a1O1r00000Cwb3AEAR",
              "startDate": "2019-10-03",
              "startTime": 700,
              "status": "Approved",
              "templateEntryId": "a181r000006Z4YHAA0",
              "id": "a1B1r000009wodGEAQ",
              "name": "AVAIL-5663",
              "objectType": "availability"
            },
            {
              "isAvailable": true,
              "notes": "t1",
              "resourceId": "a1V1r00000HcVlKEAV",
              "endDate": "2019-10-04",
              "endTime": 2000,
              "eventType": "On-call",
              "isAllDay": false,
              "scheduleId": "a1O1r00000Cwb3AEAR",
              "startDate": "2019-10-04",
              "startTime": 700,
              "status": "Approved",
              "templateEntryId": "a181r000006Z4YIAA0",
              "id": "a1B1r000009wodKEAQ",
              "name": "AVAIL-5667",
              "objectType": "availability"
            },
            {
              "isAvailable": true,
              "notes": "t1",
              "resourceId": "a1V1r00000HcVlKEAV",
              "endDate": "2019-10-05",
              "endTime": 2000,
              "eventType": "On-call",
              "isAllDay": false,
              "scheduleId": "a1O1r00000Cwb3AEAR",
              "startDate": "2019-10-05",
              "startTime": 700,
              "status": "Approved",
              "templateEntryId": "a181r000006Z4YJAA0",
              "id": "a1B1r000009wodOEAQ",
              "name": "AVAIL-5671",
              "objectType": "availability"
            },
            {
              "isAvailable": true,
              "notes": "t1",
              "resourceId": "a1V1r00000HcVlKEAV",
              "endDate": "2019-10-09",
              "endTime": 2000,
              "eventType": "On-call",
              "isAllDay": false,
              "scheduleId": "a1O1r00000Cwb3AEAR",
              "startDate": "2019-10-09",
              "startTime": 1030,
              "status": "Approved",
              "templateEntryId": "a181r000006Z4YbAAK",
              "id": "a1B1r000009wodkEAA",
              "name": "AVAIL-5683",
              "objectType": "availability"
            },
            {
              "isAvailable": true,
              "notes": "t1",
              "resourceId": "a1V1r00000HcVlKEAV",
              "endDate": "2019-10-10",
              "endTime": 2000,
              "eventType": "On-call",
              "isAllDay": false,
              "scheduleId": "a1O1r00000Cwb3AEAR",
              "startDate": "2019-10-10",
              "startTime": 730,
              "status": "Approved",
              "templateEntryId": "a181r000006Z4YHAA0",
              "id": "a1B1r000009wodHEAQ",
              "name": "AVAIL-5664",
              "objectType": "availability"
            },
            {
              "isAvailable": true,
              "notes": "t1",
              "resourceId": "a1V1r00000HcVlKEAV",
              "endDate": "2019-10-11",
              "endTime": 2000,
              "eventType": "On-call",
              "isAllDay": false,
              "scheduleId": "a1O1r00000Cwb3AEAR",
              "startDate": "2019-10-11",
              "startTime": 800,
              "status": "Approved",
              "templateEntryId": "a181r000006Z4YIAA0",
              "id": "a1B1r000009wodLEAQ",
              "name": "AVAIL-5668",
              "objectType": "availability"
            },
            {
              "isAvailable": true,
              "notes": "t1",
              "resourceId": "a1V1r00000HcVlKEAV",
              "endDate": "2019-10-12",
              "endTime": 2000,
              "eventType": "On-call",
              "isAllDay": false,
              "scheduleId": "a1O1r00000Cwb3AEAR",
              "startDate": "2019-10-12",
              "startTime": 800,
              "status": "Approved",
              "templateEntryId": "a181r000006Z4YJAA0",
              "id": "a1B1r000009wodPEAQ",
              "name": "AVAIL-5672",
              "objectType": "availability"
            },
            {
              "isAvailable": true,
              "notes": "t1",
              "resourceId": "a1V1r00000HcVlKEAV",
              "endDate": "2019-10-16",
              "endTime": 2000,
              "eventType": "On-call",
              "isAllDay": false,
              "scheduleId": "a1O1r00000Cwb3AEAR",
              "startDate": "2019-10-16",
              "startTime": 1030,
              "status": "Approved",
              "templateEntryId": "a181r000006Z4YbAAK",
              "id": "a1B1r000009wodlEAA",
              "name": "AVAIL-5684",
              "objectType": "availability"
            },
            {
              "isAvailable": true,
              "notes": "t1",
              "resourceId": "a1V1r00000HcVlKEAV",
              "endDate": "2019-10-17",
              "endTime": 2000,
              "eventType": "On-call",
              "isAllDay": false,
              "scheduleId": "a1O1r00000Cwb3AEAR",
              "startDate": "2019-10-17",
              "startTime": 730,
              "status": "Approved",
              "templateEntryId": "a181r000006Z4YHAA0",
              "id": "a1B1r000009wodIEAQ",
              "name": "AVAIL-5665",
              "objectType": "availability"
            },
            {
              "isAvailable": true,
              "notes": "t1",
              "resourceId": "a1V1r00000HcVlKEAV",
              "endDate": "2019-10-18",
              "endTime": 2000,
              "eventType": "On-call",
              "isAllDay": false,
              "scheduleId": "a1O1r00000Cwb3AEAR",
              "startDate": "2019-10-18",
              "startTime": 800,
              "status": "Approved",
              "templateEntryId": "a181r000006Z4YIAA0",
              "id": "a1B1r000009wodMEAQ",
              "name": "AVAIL-5669",
              "objectType": "availability"
            },
            {
              "isAvailable": true,
              "notes": "t1",
              "resourceId": "a1V1r00000HcVlKEAV",
              "endDate": "2019-10-19",
              "endTime": 2000,
              "eventType": "On-call",
              "isAllDay": false,
              "scheduleId": "a1O1r00000Cwb3AEAR",
              "startDate": "2019-10-19",
              "startTime": 800,
              "status": "Approved",
              "templateEntryId": "a181r000006Z4YJAA0",
              "id": "a1B1r000009wodQEAQ",
              "name": "AVAIL-5673",
              "objectType": "availability"
            },
            {
              "isAvailable": true,
              "notes": "t1",
              "resourceId": "a1V1r00000HcVlKEAV",
              "endDate": "2019-10-23",
              "endTime": 2000,
              "eventType": "On-call",
              "isAllDay": false,
              "scheduleId": "a1O1r00000Cwb3AEAR",
              "startDate": "2019-10-23",
              "startTime": 1030,
              "status": "Approved",
              "templateEntryId": "a181r000006Z4YbAAK",
              "id": "a1B1r000009wodmEAA",
              "name": "AVAIL-5685",
              "objectType": "availability"
            },
            {
              "isAvailable": true,
              "notes": "t1",
              "resourceId": "a1V1r00000HcVlKEAV",
              "endDate": "2019-10-24",
              "endTime": 2000,
              "eventType": "On-call",
              "isAllDay": false,
              "scheduleId": "a1O1r00000Cwb3AEAR",
              "startDate": "2019-10-24",
              "startTime": 730,
              "status": "Approved",
              "templateEntryId": "a181r000006Z4YHAA0",
              "id": "a1B1r000009wodJEAQ",
              "name": "AVAIL-5666",
              "objectType": "availability"
            },
            {
              "isAvailable": true,
              "notes": "t1",
              "resourceId": "a1V1r00000HcVlKEAV",
              "endDate": "2019-10-25",
              "endTime": 2000,
              "eventType": "On-call",
              "isAllDay": false,
              "scheduleId": "a1O1r00000Cwb3AEAR",
              "startDate": "2019-10-25",
              "startTime": 800,
              "status": "Approved",
              "templateEntryId": "a181r000006Z4YIAA0",
              "id": "a1B1r000009wodNEAQ",
              "name": "AVAIL-5670",
              "objectType": "availability"
            },
            {
              "isAvailable": true,
              "notes": "t1",
              "resourceId": "a1V1r00000HcVlKEAV",
              "endDate": "2019-10-26",
              "endTime": 2000,
              "eventType": "On-call",
              "isAllDay": false,
              "scheduleId": "a1O1r00000Cwb3AEAR",
              "startDate": "2019-10-26",
              "startTime": 800,
              "status": "Approved",
              "templateEntryId": "a181r000006Z4YJAA0",
              "id": "a1B1r000009wodREAQ",
              "name": "AVAIL-5674",
              "objectType": "availability"
            },
            {
              "isAvailable": true,
              "notes": "t1",
              "resourceId": "a1V1r00000HcVlKEAV",
              "endDate": "2019-10-30",
              "endTime": 2000,
              "eventType": "On-call",
              "isAllDay": false,
              "scheduleId": "a1O1r00000Cwb3AEAR",
              "startDate": "2019-10-30",
              "startTime": 1030,
              "status": "Approved",
              "templateEntryId": "a181r000006Z4YbAAK",
              "id": "a1B1r000009wodnEAA",
              "name": "AVAIL-5686",
              "objectType": "availability"
            },
            {
              "isAvailable": true,
              "notes": "t1",
              "resourceId": "a1V1r00000HcVlKEAV",
              "endDate": "2019-10-06",
              "endTime": 2000,
              "eventType": "On-call",
              "isAllDay": false,
              "scheduleId": "a1O1r00000Cwb3AEAR",
              "startDate": "2019-10-06",
              "startTime": 700,
              "status": "Approved",
              "id": "a1B1r000009wodSEAQ",
              "name": "AVAIL-5675",
              "objectType": "availability"
            },
            {
              "isAvailable": true,
              "notes": "t1",
              "resourceId": "a1V1r00000HcVlKEAV",
              "endDate": "2019-10-01",
              "endTime": 2000,
              "eventType": "On-call",
              "isAllDay": false,
              "scheduleId": "a1O1r00000Cwb3AEAR",
              "startDate": "2019-10-01",
              "startTime": 730,
              "status": "Approved",
              "templateEntryId": "a181r000006Z4YHAA0",
              "uniqueKey": "2019-10-09_1030",
              "objectType": "availability",
              "temporaryId": "temp_15365703751631"
            },
            {
              "isAvailable": true,
              "notes": "t1",
              "resourceId": "a1V1r00000HcVlKEAV",
              "endDate": "2019-10-02",
              "endTime": 2000,
              "eventType": "On-call",
              "isAllDay": false,
              "scheduleId": "a1O1r00000Cwb3AEAR",
              "startDate": "2019-10-02",
              "startTime": 800,
              "status": "Approved",
              "templateEntryId": "a181r000006Z4YIAA0",
              "uniqueKey": "2019-10-09_1030",
              "objectType": "availability",
              "temporaryId": "temp_15365703751666"
            },
            {
              "isAvailable": true,
              "notes": "t1",
              "resourceId": "a1V1r00000HcVlKEAV",
              "endDate": "2019-10-03",
              "endTime": 2000,
              "eventType": "On-call",
              "isAllDay": false,
              "scheduleId": "a1O1r00000Cwb3AEAR",
              "startDate": "2019-10-03",
              "startTime": 800,
              "status": "Approved",
              "templateEntryId": "a181r000006Z4YJAA0",
              "uniqueKey": "2019-10-09_1030",
              "objectType": "availability",
              "temporaryId": "temp_153657037516811"
            },
            {
              "isAvailable": true,
              "notes": "t1",
              "resourceId": "a1V1r00000HcVlKEAV",
              "endDate": "2019-10-07",
              "endTime": 2000,
              "eventType": "On-call",
              "isAllDay": false,
              "scheduleId": "a1O1r00000Cwb3AEAR",
              "startDate": "2019-10-07",
              "startTime": 1030,
              "status": "Approved",
              "templateEntryId": "a181r000006Z4YbAAK",
              "uniqueKey": "2019-10-09_1030",
              "objectType": "availability",
              "temporaryId": "temp_153657037517016"
            },
            {
              "isAvailable": true,
              "notes": "t1",
              "resourceId": "a1V1r00000HcVlKEAV",
              "endDate": "2019-10-08",
              "endTime": 2000,
              "eventType": "On-call",
              "isAllDay": false,
              "scheduleId": "a1O1r00000Cwb3AEAR",
              "startDate": "2019-10-08",
              "startTime": 730,
              "status": "Approved",
              "templateEntryId": "a181r000006Z4YHAA0",
              "uniqueKey": "2019-10-09_1030",
              "objectType": "availability",
              "temporaryId": "temp_15365703751642"
            },
            {
              "isAvailable": true,
              "notes": "t1",
              "resourceId": "a1V1r00000HcVlKEAV",
              "endDate": "2019-10-09",
              "endTime": 2000,
              "eventType": "On-call",
              "isAllDay": false,
              "scheduleId": "a1O1r00000Cwb3AEAR",
              "startDate": "2019-10-09",
              "startTime": 800,
              "status": "Approved",
              "templateEntryId": "a181r000006Z4YIAA0",
              "uniqueKey": "2019-10-09_1030",
              "objectType": "availability",
              "temporaryId": "temp_15365703751667"
            },
            {
              "isAvailable": true,
              "notes": "t1",
              "resourceId": "a1V1r00000HcVlKEAV",
              "endDate": "2019-10-10",
              "endTime": 2000,
              "eventType": "On-call",
              "isAllDay": false,
              "scheduleId": "a1O1r00000Cwb3AEAR",
              "startDate": "2019-10-10",
              "startTime": 800,
              "status": "Approved",
              "templateEntryId": "a181r000006Z4YJAA0",
              "uniqueKey": "2019-10-09_1030",
              "objectType": "availability",
              "temporaryId": "temp_153657037516812"
            },
            {
              "isAvailable": true,
              "notes": "t1",
              "resourceId": "a1V1r00000HcVlKEAV",
              "endDate": "2019-10-14",
              "endTime": 2000,
              "eventType": "On-call",
              "isAllDay": false,
              "scheduleId": "a1O1r00000Cwb3AEAR",
              "startDate": "2019-10-14",
              "startTime": 1030,
              "status": "Approved",
              "templateEntryId": "a181r000006Z4YbAAK",
              "uniqueKey": "2019-10-09_1030",
              "objectType": "availability",
              "temporaryId": "temp_153657037517017"
            },
            {
              "isAvailable": true,
              "notes": "t1",
              "resourceId": "a1V1r00000HcVlKEAV",
              "endDate": "2019-10-15",
              "endTime": 2000,
              "eventType": "On-call",
              "isAllDay": false,
              "scheduleId": "a1O1r00000Cwb3AEAR",
              "startDate": "2019-10-15",
              "startTime": 730,
              "status": "Approved",
              "templateEntryId": "a181r000006Z4YHAA0",
              "uniqueKey": "2019-10-09_1030",
              "objectType": "availability",
              "temporaryId": "temp_15365703751653"
            },
            {
              "isAvailable": true,
              "notes": "t1",
              "resourceId": "a1V1r00000HcVlKEAV",
              "endDate": "2019-10-16",
              "endTime": 2000,
              "eventType": "On-call",
              "isAllDay": false,
              "scheduleId": "a1O1r00000Cwb3AEAR",
              "startDate": "2019-10-16",
              "startTime": 800,
              "status": "Approved",
              "templateEntryId": "a181r000006Z4YIAA0",
              "uniqueKey": "2019-10-09_1030",
              "objectType": "availability",
              "temporaryId": "temp_15365703751678"
            },
            {
              "isAvailable": true,
              "notes": "t1",
              "resourceId": "a1V1r00000HcVlKEAV",
              "endDate": "2019-10-17",
              "endTime": 2000,
              "eventType": "On-call",
              "isAllDay": false,
              "scheduleId": "a1O1r00000Cwb3AEAR",
              "startDate": "2019-10-17",
              "startTime": 800,
              "status": "Approved",
              "templateEntryId": "a181r000006Z4YJAA0",
              "uniqueKey": "2019-10-09_1030",
              "objectType": "availability",
              "temporaryId": "temp_153657037516913"
            },
            {
              "isAvailable": true,
              "notes": "t1",
              "resourceId": "a1V1r00000HcVlKEAV",
              "endDate": "2019-10-21",
              "endTime": 2000,
              "eventType": "On-call",
              "isAllDay": false,
              "scheduleId": "a1O1r00000Cwb3AEAR",
              "startDate": "2019-10-21",
              "startTime": 1030,
              "status": "Approved",
              "templateEntryId": "a181r000006Z4YbAAK",
              "uniqueKey": "2019-10-09_1030",
              "objectType": "availability",
              "temporaryId": "temp_153657037517118"
            },
            {
              "isAvailable": true,
              "notes": "t1",
              "resourceId": "a1V1r00000HcVlKEAV",
              "endDate": "2019-10-22",
              "endTime": 2000,
              "eventType": "On-call",
              "isAllDay": false,
              "scheduleId": "a1O1r00000Cwb3AEAR",
              "startDate": "2019-10-22",
              "startTime": 730,
              "status": "Approved",
              "templateEntryId": "a181r000006Z4YHAA0",
              "uniqueKey": "2019-10-09_1030",
              "objectType": "availability",
              "temporaryId": "temp_15365703751654"
            },
            {
              "isAvailable": true,
              "notes": "t1",
              "resourceId": "a1V1r00000HcVlKEAV",
              "endDate": "2019-10-23",
              "endTime": 2000,
              "eventType": "On-call",
              "isAllDay": false,
              "scheduleId": "a1O1r00000Cwb3AEAR",
              "startDate": "2019-10-23",
              "startTime": 800,
              "status": "Approved",
              "templateEntryId": "a181r000006Z4YIAA0",
              "uniqueKey": "2019-10-09_1030",
              "objectType": "availability",
              "temporaryId": "temp_15365703751679"
            },
            {
              "isAvailable": true,
              "notes": "t1",
              "resourceId": "a1V1r00000HcVlKEAV",
              "endDate": "2019-10-24",
              "endTime": 2000,
              "eventType": "On-call",
              "isAllDay": false,
              "scheduleId": "a1O1r00000Cwb3AEAR",
              "startDate": "2019-10-24",
              "startTime": 800,
              "status": "Approved",
              "templateEntryId": "a181r000006Z4YJAA0",
              "uniqueKey": "2019-10-09_1030",
              "objectType": "availability",
              "temporaryId": "temp_153657037516914"
            },
            {
              "isAvailable": true,
              "notes": "t1",
              "resourceId": "a1V1r00000HcVlKEAV",
              "endDate": "2019-10-28",
              "endTime": 2000,
              "eventType": "On-call",
              "isAllDay": false,
              "scheduleId": "a1O1r00000Cwb3AEAR",
              "startDate": "2019-10-28",
              "startTime": 1030,
              "status": "Approved",
              "templateEntryId": "a181r000006Z4YbAAK",
              "uniqueKey": "2019-10-09_1030",
              "objectType": "availability",
              "temporaryId": "temp_153657037517119"
            },
            {
              "isAvailable": true,
              "notes": "t1",
              "resourceId": "a1V1r00000HcVlKEAV",
              "endDate": "2019-10-29",
              "endTime": 2000,
              "eventType": "On-call",
              "isAllDay": false,
              "scheduleId": "a1O1r00000Cwb3AEAR",
              "startDate": "2019-10-29",
              "startTime": 730,
              "status": "Approved",
              "templateEntryId": "a181r000006Z4YHAA0",
              "uniqueKey": "2019-10-09_1030",
              "objectType": "availability",
              "temporaryId": "temp_15365703751655"
            },
            {
              "isAvailable": true,
              "notes": "t1",
              "resourceId": "a1V1r00000HcVlKEAV",
              "endDate": "2019-10-30",
              "endTime": 2000,
              "eventType": "On-call",
              "isAllDay": false,
              "scheduleId": "a1O1r00000Cwb3AEAR",
              "startDate": "2019-10-30",
              "startTime": 800,
              "status": "Approved",
              "templateEntryId": "a181r000006Z4YIAA0",
              "uniqueKey": "2019-10-09_1030",
              "objectType": "availability",
              "temporaryId": "temp_153657037516710"
            },
            {
              "isAvailable": true,
              "notes": "t1",
              "resourceId": "a1V1r00000HcVlKEAV",
              "endDate": "2019-10-31",
              "endTime": 2000,
              "eventType": "On-call",
              "isAllDay": false,
              "scheduleId": "a1O1r00000Cwb3AEAR",
              "startDate": "2019-10-31",
              "startTime": 800,
              "status": "Approved",
              "templateEntryId": "a181r000006Z4YJAA0",
              "uniqueKey": "2019-10-09_1030",
              "objectType": "availability",
              "temporaryId": "temp_153657037516915"
            }
          ],
          "availabilityTemplate": {
            "availabilityTemplateEntries": [
              {
                "availabilityTemplateId": "a1A1r00000bqBIeEAM",
                "endTime": 2000,
                "startTime": 730,
                "weekday": "mon",
                "weekNo": 1,
                "id": "a181r000006Z4YHAA0",
                "name": "AVTE-4207"
              },
              {
                "availabilityTemplateId": "a1A1r00000bqBIeEAM",
                "endTime": 2000,
                "startTime": 800,
                "weekday": "tue",
                "weekNo": 1,
                "id": "a181r000006Z4YIAA0",
                "name": "AVTE-4208"
              },
              {
                "availabilityTemplateId": "a1A1r00000bqBIeEAM",
                "endTime": 2000,
                "startTime": 800,
                "weekday": "wed",
                "weekNo": 1,
                "id": "a181r000006Z4YJAA0",
                "name": "AVTE-4209"
              },
              {
                "availabilityTemplateId": "a1A1r00000bqBIeEAM",
                "endTime": 2000,
                "startTime": 1030,
                "weekday": "sun",
                "weekNo": 1,
                "id": "a181r000006Z4YbAAK",
                "name": "AVTE-4212"
              }
            ],
            "endDate": "2019-10-31",
            "startDate": "2019-10-03",
            "id": "a1A1r00000bqBIeEAM",
            "name": "a1A1r00000bqBIe"
          },
          "availabilityTemplateId": "a1A1r00000bqBIeEAM",
          "description": "TP1",
          "skipHolidays": false,
          "id": "a1O1r00000Cwb3AEAR",
          "name": "RS-1060"
        }
      },
      "errorMessage": "",
      "message": "",
      "success": true,
      "viewData": {
        "timezoneSidId": "America/Los_Angeles"
      }
    }