{
      "data": {
        "conflicts": [
          {
            "hasConflict": true,
            "items": [
              {
                "canMerge": false,
                "conflictRecord": {
                  "isAvailable": false,
                  "resourceId": "a1V1r00000HcVlKEAV",
                  "endDate": "2019-10-23",
                  "endTime": 0,
                  "eventType": "Sick",
                  "isAllDay": true,
                  "scheduleId": "a1O1r00000CvrZ1EAJ",
                  "startDate": "2019-10-22",
                  "startTime": 0,
                  "status": "Approved",
                  "templateEntryId": "a181r000006Tpy9AAC",
                  "id": "a1B1r000009CL9bEAG",
                  "name": "AVAIL-3187",
                  "objectType": "availability"
                }
              }
            ],
            "record": {
              "isAvailable": false,
              "notes": "",
              "resourceId": "a1V1r00000HcVlKEAV",
              "endDate": "2019-10-22",
              "endTime": 2130,
              "eventType": "Leave",
              "isAllDay": false,
              "scheduleId": "temp_15349962886805",
              "startDate": "2019-10-22",
              "startTime": 0,
              "status": "Approved",
              "templateEntryId": "temp_15349962886803",
              "timezoneSidId": "America/Los_Angeles",
              "objectType": "availability",
              "temporaryId": "temp_15349962886817"
            }
          },
          {
            "hasConflict": true,
            "items": [
              {
                "canMerge": false,
                "conflictRecord": {
                  "isAvailable": false,
                  "resourceId": "a1V1r00000HcVlKEAV",
                  "endDate": "2019-10-24",
                  "endTime": 0,
                  "eventType": "Sick",
                  "isAllDay": true,
                  "scheduleId": "a1O1r00000CvrZ1EAJ",
                  "startDate": "2019-10-23",
                  "startTime": 0,
                  "status": "Approved",
                  "templateEntryId": "a181r000006TpyAAAS",
                  "id": "a1B1r000009CL9cEAG",
                  "name": "AVAIL-3188",
                  "objectType": "availability"
                }
              },
              {
                "canMerge": false,
                "conflictRecord": {
                  "isAvailable": false,
                  "resourceId": "a1V1r00000HcVlKEAV",
                  "endDate": "2019-10-25",
                  "endTime": 0,
                  "eventType": "Sick",
                  "isAllDay": true,
                  "scheduleId": "a1O1r00000CvrZ1EAJ",
                  "startDate": "2019-10-24",
                  "startTime": 0,
                  "status": "Approved",
                  "templateEntryId": "a181r000006TpyBAAS",
                  "id": "a1B1r000009CL9dEAG",
                  "name": "AVAIL-3189",
                  "objectType": "availability"
                }
              }
            ],
            "record": {
              "isAvailable": false,
              "notes": "",
              "resourceId": "a1V1r00000HcVlKEAV",
              "endDate": "2019-10-24",
              "endTime": 2130,
              "eventType": "Leave",
              "isAllDay": false,
              "scheduleId": "temp_15349962886805",
              "startDate": "2019-10-24",
              "startTime": 0,
              "status": "Approved",
              "templateEntryId": "temp_15349962886804",
              "timezoneSidId": "America/Los_Angeles",
              "objectType": "availability",
              "temporaryId": "temp_15349962886829"
            }
          },
          {
            "hasConflict": false,
            "items": [],
            "record": {
              "isAvailable": false,
              "notes": "",
              "resourceId": "a1V1r00000HcVlKEAV",
              "endDate": "2019-10-27",
              "endTime": 2130,
              "eventType": "Leave",
              "isAllDay": false,
              "scheduleId": "temp_15349962886805",
              "startDate": "2019-10-27",
              "startTime": 0,
              "status": "Approved",
              "templateEntryId": "temp_15349962886802",
              "timezoneSidId": "America/Los_Angeles",
              "objectType": "availability",
              "temporaryId": "temp_15349962886816"
            }
          },
          {
            "hasConflict": false,
            "items": [],
            "record": {
              "isAvailable": false,
              "notes": "",
              "resourceId": "a1V1r00000HcVlKEAV",
              "endDate": "2019-10-29",
              "endTime": 2130,
              "eventType": "Leave",
              "isAllDay": false,
              "scheduleId": "temp_15349962886805",
              "startDate": "2019-10-29",
              "startTime": 0,
              "status": "Approved",
              "templateEntryId": "temp_15349962886803",
              "timezoneSidId": "America/Los_Angeles",
              "objectType": "availability",
              "temporaryId": "temp_15349962886828"
            }
          },
          {
            "hasConflict": false,
            "items": [],
            "record": {
              "isAvailable": false,
              "notes": "",
              "resourceId": "a1V1r00000HcVlKEAV",
              "endDate": "2019-10-31",
              "endTime": 2130,
              "eventType": "Leave",
              "isAllDay": false,
              "scheduleId": "temp_15349962886805",
              "startDate": "2019-10-31",
              "startTime": 0,
              "status": "Approved",
              "templateEntryId": "temp_15349962886804",
              "timezoneSidId": "America/Los_Angeles",
              "objectType": "availability",
              "temporaryId": "temp_153499628868210"
            }
          }
        ],
        "hasConflict": true,
        "objectType": "availability",
        "recurringSchedule": {
          "availabilityTemplate": {
            "availabilityTemplateEntries": [
              {
                "endTime": 2130,
                "startTime": 0,
                "weekday": "mon",
                "weekNo": 1,
                "temporaryId": "temp_15349962886802"
              },
              {
                "endTime": 2130,
                "startTime": 0,
                "weekday": "wed",
                "weekNo": 1,
                "temporaryId": "temp_15349962886803"
              },
              {
                "endTime": 2130,
                "startTime": 0,
                "weekday": "fri",
                "weekNo": 1,
                "temporaryId": "temp_15349962886804"
              }
            ],
            "endDate": "2019-10-31",
            "startDate": "2019-10-21",
            "temporaryId": "temp_15349962886791"
          },
          "availabilityTemplateId": "temp_15349962886791",
          "description": "test 111",
          "skipHolidays": false,
          "temporaryId": "temp_15349962886805"
        }
      },
      "errorMessage": "",
      "message": "",
      "success": true,
      "viewData": {
        "timezoneSidId": "America/Los_Angeles"
      }
    }