{
      "data": [
        {
          "description": "Test 111",
          "objectType": "availability",
          "template": {
            "endDate": "2019-10-31",
            "entries": [
              {
                "endTime": 2400,
                "startTime": 0,
                "weekday": "WED",
                "weekNo": 1,
                "id": "a181r000006T5PlAAK"
              },
              {
                "endTime": 2400,
                "startTime": 0,
                "weekday": "THU",
                "weekNo": 1,
                "id": "a181r000006T5PmAAK"
              },
              {
                "endTime": 2400,
                "startTime": 0,
                "weekday": "TUE",
                "weekNo": 1,
                "id": "a181r000006T5PnAAK"
              },
              {
                "endTime": 2400,
                "startTime": 0,
                "weekday": "MON",
                "weekNo": 1,
                "id": "a181r000006T5PoAAK"
              },
              {
                "endTime": 2400,
                "startTime": 0,
                "weekday": "FRI",
                "weekNo": 1,
                "id": "a181r000006T5PpAAK"
              }
            ],
            "startDate": "2019-10-07",
            "id": "a1A1r00000YlN6OEAV"
          },
          "templateId": "a1A1r00000YlN6OEAV",
          "id": "a1O1r00000CeKJ3EAN"
        },
        {
          "description": "Tet 22",
          "objectType": "unavailability",
          "template": {
            "endDate": "2019-10-08",
            "entries": [
              {
                "endTime": 2400,
                "startTime": 0,
                "weekday": "MON",
                "weekNo": 1,
                "id": "a181r000006T5SaAAK"
              },
              {
                "endTime": 2400,
                "startTime": 0,
                "weekday": "TUE",
                "weekNo": 1,
                "id": "a181r000006T5SbAAK"
              },
              {
                "endTime": 2400,
                "startTime": 0,
                "weekday": "THU",
                "weekNo": 1,
                "id": "a181r000006T5ScAAK"
              }
            ],
            "startDate": "2019-10-07",
            "id": "a1A1r00000YlNAyEAN"
          },
          "templateId": "a1A1r00000YlNAyEAN",
          "id": "a1O1r00000CeKJ8EAN"
        },
        {
          "description": "SN a",
          "objectType": "availability",
          "template": {
            "endDate": "2019-10-10",
            "entries": [
              {
                "endTime": 2400,
                "startTime": 0,
                "weekday": "WED",
                "weekNo": 1,
                "id": "a181r000006T5TOAA0"
              },
              {
                "endTime": 2400,
                "startTime": 0,
                "weekday": "FRI",
                "weekNo": 1,
                "id": "a181r000006T5TPAA0"
              },
              {
                "endTime": 2400,
                "startTime": 0,
                "weekday": "THU",
                "weekNo": 1,
                "id": "a181r000006T5TQAA0"
              }
            ],
            "startDate": "2019-10-05",
            "id": "a1A1r00000YlNBSEA3"
          },
          "templateId": "a1A1r00000YlNBSEA3",
          "id": "a1O1r00000CeKJIEA3"
        },
        {
          "description": "2 4 6 all day",
          "objectType": "activity",
          "template": {
            "endDate": "2019-10-31",
            "entries": [
              {
                "endTime": 1130,
                "startTime": 1100,
                "weekday": "MON",
                "weekNo": 1,
                "id": "a181r000006T8ymAAC"
              },
              {
                "endTime": 1130,
                "startTime": 1100,
                "weekday": "WED",
                "weekNo": 1,
                "id": "a181r000006T8ynAAC"
              },
              {
                "endTime": 1130,
                "startTime": 1100,
                "weekday": "FRI",
                "weekNo": 1,
                "id": "a181r000006T8yoAAC"
              }
            ],
            "startDate": "2019-10-08",
            "id": "a1A1r00000YlQ1YEAV"
          },
          "templateId": "a1A1r00000YlQ1YEAV",
          "id": "a1O1r00000CeM4tEAF"
        }
      ],
      "errorMessage": "",
      "message": "",
      "success": true
    }