{
  "data": [
    {
      "endDate": "2020-01-11",
      "startDate": "2020-01-05",
      "createdBy": {
        "photoUrl": "https://skedulo--DEV--c.cs92.content.force.com/profilephoto/005/T",
        "id": "0053F000003lc8UQAQ",
        "name": "Quan Vuong"
      },
      "createdOnDate": "2019-12-03",
      "createdOnTime": 116,
      "id": "a0o3F000001B35zQAC",
      "lastModifiedBy": {
        "photoUrl": "https://skedulo--DEV--c.cs92.content.force.com/profilephoto/005/T",
        "id": "0053F000003lc8UQAQ",
        "name": "Quan Vuong"
      },
      "lastModifiedDate": "2019-12-03",
      "lastModifiedTime": 116,
      "name": "Quan 5/1/2020"
    },
    {
      "createdBy": {
        "photoUrl": "https://skedulo--DEV--c.cs92.content.force.com/profilephoto/7293F000000rJy7/T",
        "id": "0053F000003lc8AQAQ",
        "name": "Hieu Le"
      },
      "createdOnDate": "2020-01-07",
      "createdOnTime": 1951,
      "id": "a0o3F000001BvfQQAS",
      "lastModifiedBy": {
        "photoUrl": "https://skedulo--DEV--c.cs92.content.force.com/profilephoto/7293F000000rJy7/T",
        "id": "0053F000003lc8AQAQ",
        "name": "Hieu Le"
      },
      "lastModifiedDate": "2020-01-07",
      "lastModifiedTime": 1951,
      "name": "Test Template"
    },
    {
      "endDate": "2020-01-24",
      "startDate": "2019-12-20",
      "createdBy": {
        "photoUrl": "https://skedulo--DEV--c.cs92.content.force.com/profilephoto/7293F000000rJy7/T",
        "id": "0053F000003lc8AQAQ",
        "name": "Hieu Le"
      },
      "createdOnDate": "2019-12-20",
      "createdOnTime": 436,
      "id": "a0o3F000001BcS2QAK",
      "lastModifiedBy": {
        "photoUrl": "https://skedulo--DEV--c.cs92.content.force.com/profilephoto/7293F000000rJy7/T",
        "id": "0053F000003lc8AQAQ",
        "name": "Hieu Le"
      },
      "lastModifiedDate": "2019-12-20",
      "lastModifiedTime": 436,
      "name": "Test Template"
    },
    {
      "createdBy": {
        "photoUrl": "https://skedulo--DEV--c.cs92.content.force.com/profilephoto/7293F000000rJy7/T",
        "id": "0053F000003lc8AQAQ",
        "name": "Hieu Le"
      },
      "createdOnDate": "2020-01-09",
      "createdOnTime": 437,
      "id": "a0o3F000001C93NQAS",
      "lastModifiedBy": {
        "photoUrl": "https://skedulo--DEV--c.cs92.content.force.com/profilephoto/7293F000000rJy7/T",
        "id": "0053F000003lc8AQAQ",
        "name": "Hieu Le"
      },
      "lastModifiedDate": "2020-01-09",
      "lastModifiedTime": 437,
      "name": "Test Template"
    },
    {
      "endDate": "2019-12-31",
      "startDate": "2019-11-01",
      "createdBy": {
        "photoUrl": "https://skedulo--DEV--c.cs92.content.force.com/profilephoto/005/T",
        "id": "0053F000003lc8UQAQ",
        "name": "Quan Vuong"
      },
      "createdOnDate": "2019-12-18",
      "createdOnTime": 2237,
      "id": "a0o3F000001BbrVQAS",
      "lastModifiedBy": {
        "photoUrl": "https://skedulo--DEV--c.cs92.content.force.com/profilephoto/005/T",
        "id": "0053F000003lc8UQAQ",
        "name": "Quan Vuong"
      },
      "lastModifiedDate": "2019-12-18",
      "lastModifiedTime": 2237,
      "name": "Tuesday - Saturday Template"
    },
    {
      "endDate": "2019-12-31",
      "startDate": "2019-11-01",
      "createdBy": {
        "photoUrl": "https://skedulo--DEV--c.cs92.content.force.com/profilephoto/005/T",
        "id": "0053F000003lc8UQAQ",
        "name": "Quan Vuong"
      },
      "createdOnDate": "2019-12-18",
      "createdOnTime": 2243,
      "id": "a0o3F000001BbvRQAS",
      "lastModifiedBy": {
        "photoUrl": "https://skedulo--DEV--c.cs92.content.force.com/profilephoto/005/T",
        "id": "0053F000003lc8UQAQ",
        "name": "Quan Vuong"
      },
      "lastModifiedDate": "2019-12-18",
      "lastModifiedTime": 2243,
      "name": "Tuesday - Saturday Template"
    },
    {
      "endDate": "2021-01-01",
      "startDate": "2020-01-01",
      "createdBy": {
        "photoUrl": "https://skedulo--DEV--c.cs92.content.force.com/profilephoto/005/T",
        "id": "0053F000003l2SyQAI",
        "name": "Pamela Rausis"
      },
      "createdOnDate": "2020-01-09",
      "createdOnTime": 1133,
      "id": "a0o3F000001C9fMQAS",
      "lastModifiedBy": {
        "photoUrl": "https://skedulo--DEV--c.cs92.content.force.com/profilephoto/005/T",
        "id": "0053F000003l2SyQAI",
        "name": "Pamela Rausis"
      },
      "lastModifiedDate": "2020-01-09",
      "lastModifiedTime": 1133,
      "name": "Part time Driver"
    },
    {
      "endDate": "2019-12-31",
      "startDate": "2019-11-01",
      "createdBy": {
        "photoUrl": "https://skedulo--DEV--c.cs92.content.force.com/profilephoto/7293F000000rJy7/T",
        "id": "0053F000003lc8AQAQ",
        "name": "Hieu Le"
      },
      "createdOnDate": "2019-12-18",
      "createdOnTime": 2222,
      "id": "a0o3F000001BbggQAC",
      "lastModifiedBy": {
        "photoUrl": "https://skedulo--DEV--c.cs92.content.force.com/profilephoto/7293F000000rJy7/T",
        "id": "0053F000003lc8AQAQ",
        "name": "Hieu Le"
      },
      "lastModifiedDate": "2019-12-18",
      "lastModifiedTime": 2222,
      "name": "Tuesday - Saturday Template"
    },
    {
      "endDate": "2019-12-31",
      "startDate": "2019-12-01",
      "createdBy": {
        "photoUrl": "https://skedulo--DEV--c.cs92.content.force.com/profilephoto/005/T",
        "id": "0053F000003l2SyQAI",
        "name": "Pamela Rausis"
      },
      "createdOnDate": "2019-12-23",
      "createdOnTime": 1711,
      "id": "a0o3F000001BepGQAS",
      "lastModifiedBy": {
        "photoUrl": "https://skedulo--DEV--c.cs92.content.force.com/profilephoto/005/T",
        "id": "0053F000003l2SyQAI",
        "name": "Pamela Rausis"
      },
      "lastModifiedDate": "2019-12-23",
      "lastModifiedTime": 1712,
      "name": "M-T early hours"
    },
    {
      "endDate": "2023-11-04",
      "startDate": "2019-11-02",
      "createdBy": {
        "photoUrl": "https://skedulo--DEV--c.cs92.content.force.com/profilephoto/005/T",
        "id": "0053F000003l2SyQAI",
        "name": "Pamela Rausis"
      },
      "createdOnDate": "2019-11-06",
      "createdOnTime": 1231,
      "id": "a0o3F0000019zCgQAI",
      "lastModifiedBy": {
        "photoUrl": "https://skedulo--DEV--c.cs92.content.force.com/profilephoto/005/T",
        "id": "0053F000003l2SyQAI",
        "name": "Pamela Rausis"
      },
      "lastModifiedDate": "2020-01-09",
      "lastModifiedTime": 1131,
      "name": "Weekend Sat-Sun"
    },
    {
      "endDate": "2022-01-01",
      "startDate": "2020-01-01",
      "createdBy": {
        "photoUrl": "https://skedulo--DEV--c.cs92.content.force.com/profilephoto/005/T",
        "id": "0053F000003l2SyQAI",
        "name": "Pamela Rausis"
      },
      "createdOnDate": "2020-01-09",
      "createdOnTime": 1204,
      "id": "a0o3F000001C9hmQAC",
      "lastModifiedBy": {
        "photoUrl": "https://skedulo--DEV--c.cs92.content.force.com/profilephoto/005/T",
        "id": "0053F000003l2SyQAI",
        "name": "Pamela Rausis"
      },
      "lastModifiedDate": "2020-01-09",
      "lastModifiedTime": 1204,
      "name": "Wed-Sun work week"
    },
    {
      "createdBy": {
        "photoUrl": "https://skedulo--DEV--c.cs92.content.force.com/profilephoto/7293F000000rJy7/T",
        "id": "0053F000003lc8AQAQ",
        "name": "Hieu Le"
      },
      "createdOnDate": "2019-12-19",
      "createdOnTime": 1050,
      "id": "a0o3F000001BcMYQA0",
      "lastModifiedBy": {
        "photoUrl": "https://skedulo--DEV--c.cs92.content.force.com/profilephoto/7293F000000rJy7/T",
        "id": "0053F000003lc8AQAQ",
        "name": "Hieu Le"
      },
      "lastModifiedDate": "2019-12-19",
      "lastModifiedTime": 1050,
      "name": "Test Template Pam Edit"
    },
    {
      "endDate": "2020-01-18",
      "startDate": "2020-01-05",
      "createdBy": {
        "photoUrl": "https://skedulo--DEV--c.cs92.content.force.com/profilephoto/005/T",
        "id": "0053F000003lc8UQAQ",
        "name": "Quan Vuong"
      },
      "createdOnDate": "2019-12-03",
      "createdOnTime": 116,
      "id": "a0o3F000001B364QAC",
      "lastModifiedBy": {
        "photoUrl": "https://skedulo--DEV--c.cs92.content.force.com/profilephoto/005/T",
        "id": "0053F000003lc8UQAQ",
        "name": "Quan Vuong"
      },
      "lastModifiedDate": "2019-12-03",
      "lastModifiedTime": 321,
      "name": "Quan 12/1/2020"
    },
    {
      "endDate": "2019-12-31",
      "startDate": "2019-11-01",
      "createdBy": {
        "photoUrl": "https://skedulo--DEV--c.cs92.content.force.com/profilephoto/005/T",
        "id": "0053F000003lc8UQAQ",
        "name": "Quan Vuong"
      },
      "createdOnDate": "2019-12-18",
      "createdOnTime": 2238,
      "id": "a0o3F000001BbswQAC",
      "lastModifiedBy": {
        "photoUrl": "https://skedulo--DEV--c.cs92.content.force.com/profilephoto/005/T",
        "id": "0053F000003lc8UQAQ",
        "name": "Quan Vuong"
      },
      "lastModifiedDate": "2019-12-18",
      "lastModifiedTime": 2238,
      "name": "Tuesday - Saturday Template"
    },
    {
      "endDate": "2019-12-31",
      "startDate": "2019-11-01",
      "createdBy": {
        "photoUrl": "https://skedulo--DEV--c.cs92.content.force.com/profilephoto/005/T",
        "id": "0053F000003lc8FQAQ",
        "name": "Ton Nguyen"
      },
      "createdOnDate": "2019-12-18",
      "createdOnTime": 2246,
      "id": "a0o3F000001BbvbQAC",
      "lastModifiedBy": {
        "photoUrl": "https://skedulo--DEV--c.cs92.content.force.com/profilephoto/005/T",
        "id": "0053F000003lc8FQAQ",
        "name": "Ton Nguyen"
      },
      "lastModifiedDate": "2019-12-18",
      "lastModifiedTime": 2246,
      "name": "Tuesday - Saturday Template"
    },
    {
      "endDate": "2020-02-29",
      "createdBy": {
        "photoUrl": "https://skedulo--DEV--c.cs92.content.force.com/profilephoto/7293F000000rJy7/T",
        "id": "0053F000003lc8AQAQ",
        "name": "Hieu Le"
      },
      "createdOnDate": "2019-12-18",
      "createdOnTime": 2219,
      "id": "a0o3F000001BbePQAS",
      "lastModifiedBy": {
        "photoUrl": "https://skedulo--DEV--c.cs92.content.force.com/profilephoto/7293F000000rJy7/T",
        "id": "0053F000003lc8AQAQ",
        "name": "Hieu Le"
      },
      "lastModifiedDate": "2019-12-18",
      "lastModifiedTime": 2219,
      "name": "Test template no start"
    },
    {
      "createdBy": {
        "photoUrl": "https://skedulo--DEV--c.cs92.content.force.com/profilephoto/005/T",
        "id": "0053F000003l2SyQAI",
        "name": "Pamela Rausis"
      },
      "createdOnDate": "2019-12-20",
      "createdOnTime": 11,
      "id": "a0o3F000001BcRJQA0",
      "lastModifiedBy": {
        "photoUrl": "https://skedulo--DEV--c.cs92.content.force.com/profilephoto/005/T",
        "id": "0053F000003l2SyQAI",
        "name": "Pamela Rausis"
      },
      "lastModifiedDate": "2019-12-20",
      "lastModifiedTime": 11,
      "name": "4 day work week"
    },
    {
      "endDate": "2019-12-31",
      "startDate": "2019-11-01",
      "createdBy": {
        "photoUrl": "https://skedulo--DEV--c.cs92.content.force.com/profilephoto/7293F000000rJy7/T",
        "id": "0053F000003lc8AQAQ",
        "name": "Hieu Le"
      },
      "createdOnDate": "2019-12-18",
      "createdOnTime": 2222,
      "id": "a0o3F000001BbglQAC",
      "lastModifiedBy": {
        "photoUrl": "https://skedulo--DEV--c.cs92.content.force.com/profilephoto/7293F000000rJy7/T",
        "id": "0053F000003lc8AQAQ",
        "name": "Hieu Le"
      },
      "lastModifiedDate": "2019-12-18",
      "lastModifiedTime": 2222,
      "name": "Tuesday - Saturday Template"
    },
    {
      "createdBy": {
        "photoUrl": "https://skedulo--DEV--c.cs92.content.force.com/profilephoto/7293F000000rJy7/T",
        "id": "0053F000003lc8AQAQ",
        "name": "Hieu Le"
      },
      "createdOnDate": "2019-12-18",
      "createdOnTime": 2216,
      "id": "a0o3F000001Bbe5QAC",
      "lastModifiedBy": {
        "photoUrl": "https://skedulo--DEV--c.cs92.content.force.com/profilephoto/7293F000000rJy7/T",
        "id": "0053F000003lc8AQAQ",
        "name": "Hieu Le"
      },
      "lastModifiedDate": "2019-12-18",
      "lastModifiedTime": 2216,
      "name": "Hieu Le Test Template"
    },
    {
      "startDate": "2019-12-31",
      "createdBy": {
        "photoUrl": "https://skedulo--DEV--c.cs92.content.force.com/profilephoto/7293F000000rJy7/T",
        "id": "0053F000003lc8AQAQ",
        "name": "Hieu Le"
      },
      "createdOnDate": "2019-12-18",
      "createdOnTime": 2218,
      "id": "a0o3F000001BbeFQAS",
      "lastModifiedBy": {
        "photoUrl": "https://skedulo--DEV--c.cs92.content.force.com/profilephoto/7293F000000rJy7/T",
        "id": "0053F000003lc8AQAQ",
        "name": "Hieu Le"
      },
      "lastModifiedDate": "2019-12-18",
      "lastModifiedTime": 2218,
      "name": "Test Template no End"
    },
    {
      "endDate": "2020-01-31",
      "startDate": "2019-11-01",
      "createdBy": {
        "photoUrl": "https://skedulo--DEV--c.cs92.content.force.com/profilephoto/7293F000000rJy7/T",
        "id": "0053F000003lc8AQAQ",
        "name": "Hieu Le"
      },
      "createdOnDate": "2019-10-09",
      "createdOnTime": 1830,
      "id": "a0o3F000000o5gzQAA",
      "lastModifiedBy": {
        "photoUrl": "https://skedulo--DEV--c.cs92.content.force.com/profilephoto/005/T",
        "id": "0053F000003l2SyQAI",
        "name": "Pamela Rausis"
      },
      "lastModifiedDate": "2020-01-09",
      "lastModifiedTime": 1123,
      "name": "24x7"
    },
    {
      "createdBy": {
        "photoUrl": "https://skedulo--DEV--c.cs92.content.force.com/profilephoto/005/T",
        "id": "0053F000003lc8UQAQ",
        "name": "Quan Vuong"
      },
      "createdOnDate": "2019-11-19",
      "createdOnTime": 24,
      "id": "a0o3F000001AZFoQAO",
      "lastModifiedBy": {
        "photoUrl": "https://skedulo--DEV--c.cs92.content.force.com/profilephoto/005/T",
        "id": "0053F000003lc8UQAQ",
        "name": "Quan Vuong"
      },
      "lastModifiedDate": "2019-11-19",
      "lastModifiedTime": 24,
      "name": "Location Template"
    },
    {
      "endDate": "2020-02-01",
      "startDate": "2019-12-01",
      "createdBy": {
        "photoUrl": "https://skedulo--DEV--c.cs92.content.force.com/profilephoto/7293F000000rJy7/T",
        "id": "0053F000003lc8AQAQ",
        "name": "Hieu Le"
      },
      "createdOnDate": "2019-10-09",
      "createdOnTime": 2052,
      "id": "a0o3F000000o5lpQAA",
      "lastModifiedBy": {
        "photoUrl": "https://skedulo--DEV--c.cs92.content.force.com/profilephoto/005/T",
        "id": "0053F000003l2SyQAI",
        "name": "Pamela Rausis"
      },
      "lastModifiedDate": "2020-01-10",
      "lastModifiedTime": 1235,
      "name": "M-F 9-5"
    }
  ],
  "errorMessage": "",
  "message": "",
  "success": true,
  "viewData": {}
}