{
      "data": [
          {
            "id": "a1Y1r00000PT5D4EAL",
            "name": "Nurse"
          },
          {
            "id": "a1Y1r00000PT5CuEAL",
            "name": "Working with children"
          },
          {
            "id": "a1Y1r00000PT3PUEA1",
            "name": "Infusion Nurse"
          },
          {
            "id": "a1Y1r00000PT5CpEAL",
            "name": "Working with vulnerable adults"
          },
          {
            "id": "a1Y1r00000PT5CkEAL",
            "name": "First Aid"
          },
          {
            "id": "a1Y1r00000PT5CzEAL",
            "name": "Carer"
          },
          {
            "id": "a1Y1r00000PT5poEAD",
            "name": "Clinician"
          },
          {
            "id": "a1Y1r00000PT5ptEAD",
            "name": "Therapist"
          },
          {
            "id": "a1Y1r00000PTH1eEAH",
            "name": "ANCC Certification"
          }
        ],
      "errorMessage": "",
      "message": "",
      "success": true
    }