{
      "data": [
        {
          "address": {
            "fullAddress": "1111 Tiffany Place Santa Ana,CA 92705, USA"
          },
          "category": "Customer Service",
          "employmentType": "Full-time",
          "id": "a1eV0000000lj3KIAQ",
          "name": "Joey Pham",
          "regionId": "a1UV0000000pEENMA2"
        },
        {
          "address": {
            "fullAddress": "1111 Tiffany Place Santa Ana,CA 92705, USA"
          },
          "category": "Customer Service",
          "employmentType": "Full-time",
          "id": "a1eV0000000lj3UIAQ",
          "name": "Lily Phan",
          "regionId": "a1UV0000000pEENMA2"
        },
        {
          "address": {
            "fullAddress": "325 Pacific Ave, San Francisco, CA 94111, USA",
            "geometry": {
              "lat": 37.7974127,
              "lng": -122.40137500000003
            }
          },
          "category": "Customer Service",
          "employmentType": "Part-time",
          "id": "a1eV0000000lhLMIAY",
          "name": "Suraj Resource",
          "photoUrl": "https://accentcareinc3--acskd--c.documentforce.com/profilephoto/005/T",
          "regionId": "a1UV0000000pEENMA2",
          "userId": "005V0000005udQ6IAI"
        },
        {
          "address": {
            "fullAddress": "17855 Dallas Pkwy",
            "geometry": {
              "lat": 32.9755,
              "lng": -96.82400000000001
            }
          },
          "category": "Customer Service",
          "employmentType": "Full-time",
          "id": "a1eV0000000lj4mIAA",
          "name": "Matthew Adams"
        },
        {
          "address": {
            "fullAddress": "17855 dallas pkwy",
            "geometry": {
              "lat": 32.9755,
              "lng": -96.82400000000001
            }
          },
          "category": "Customer Service",
          "employmentType": "Full-time",
          "id": "a1eV0000000lj4hIAA",
          "name": "Adam Smith"
        },
        {
          "address": {
            "fullAddress": "17855 Dallas Pkwy",
            "geometry": {
              "lat": 32.9755,
              "lng": -96.82400000000001
            }
          },
          "category": "Customer Service",
          "employmentType": "Part-time",
          "id": "a1eV0000000lj4cIAA",
          "name": "Sally Hawkings"
        },
        {
          "address": {
            "fullAddress": "1200 Tiffany Place Santa Ana,CA 92705, USA"
          },
          "category": "Customer Service",
          "employmentType": "Full-time",
          "id": "a1eV0000000lj3AIAQ",
          "name": "Alex Lee",
          "regionId": "a1UV0000000pEinMAE"
        },
        {
          "address": {
            "fullAddress": "1340 Tiffany Place Santa Ana,CA 92705, USA"
          },
          "category": "Customer Service",
          "employmentType": "Full-time",
          "id": "a1eV0000000lj3BIAQ",
          "name": "Sunny Lee",
          "regionId": "a1UV0000000pEENMA2"
        },
        {
          "address": {
            "fullAddress": "1203 Tiffany Place Santa Ana,CA 92705, USA"
          },
          "category": "Customer Service",
          "employmentType": "Full-time",
          "id": "a1eV0000000lj3FIAQ",
          "name": "Ellie Pham",
          "regionId": "a1UV0000000pEENMA2"
        },
        {
          "address": {
            "fullAddress": "1111 Tiffany Place Santa Ana,CA 92705, USA"
          },
          "category": "Customer Service",
          "employmentType": "Full-time",
          "id": "a1eV0000000lj3PIAQ",
          "name": "Ted Lee",
          "regionId": "a1UV0000000pEENMA2"
        },
        {
          "address": {
            "fullAddress": "1600 Tiffany Place Santa Ana,CA 92705, USA"
          },
          "category": "Customer Service",
          "employmentType": "Full-time",
          "id": "a1eV0000000lj35IAA",
          "name": "Phoebe Pham",
          "regionId": "a1UV0000000pEENMA2"
        },
        {
          "address": {
            "fullAddress": "337 Pacific Ave, San Francisco, CA 94111, USA"
          },
          "category": "Customer Service",
          "employmentType": "Full-time",
          "id": "a1eV0000000lj3lIAA",
          "name": "zTest Resource A0001",
          "regionId": "a1UV0000000pEENMA2"
        },
        {
          "address": {
            "fullAddress": "338 Pacific Ave, San Francisco, CA 94111, USA"
          },
          "category": "Customer Service",
          "employmentType": "Full-time",
          "id": "a1eV0000000lj3mIAA",
          "name": "zTest Resource A0002",
          "regionId": "a1UV0000000pEENMA2"
        },
        {
          "address": {
            "fullAddress": "339 Pacific Ave, San Francisco, CA 94111, USA"
          },
          "category": "Customer Service",
          "employmentType": "Full-time",
          "id": "a1eV0000000lj3nIAA",
          "name": "zTest Resource A0003",
          "regionId": "a1UV0000000pEENMA2"
        },
        {
          "address": {
            "fullAddress": "340 Pacific Ave, San Francisco, CA 94111, USA"
          },
          "category": "Customer Service",
          "employmentType": "Full-time",
          "id": "a1eV0000000lj3oIAA",
          "name": "zTest Resource A0004",
          "regionId": "a1UV0000000pEENMA2"
        },
        {
          "address": {
            "fullAddress": "341 Pacific Ave, San Francisco, CA 94111, USA"
          },
          "category": "Customer Service",
          "employmentType": "Full-time",
          "id": "a1eV0000000lj3pIAA",
          "name": "zTest Resource A0005",
          "regionId": "a1UV0000000pEENMA2"
        },
        {
          "address": {
            "fullAddress": "336 Pacific Ave, San Francisco, CA 94111, USA"
          },
          "category": "Customer Service",
          "employmentType": "Full-time",
          "id": "a1eV0000000lj3kIAA",
          "name": "zTest Resource A0006",
          "regionId": "a1UV0000000pEENMA2"
        },
        {
          "address": {
            "fullAddress": "342 Pacific Ave, San Francisco, CA 94111, USA"
          },
          "category": "Customer Service",
          "employmentType": "Full-time",
          "id": "a1eV0000000lj3qIAA",
          "name": "zTest Resource A0007",
          "regionId": "a1UV0000000pEENMA2"
        },
        {
          "address": {
            "fullAddress": "343 Pacific Ave, San Francisco, CA 94111, USA"
          },
          "category": "Customer Service",
          "employmentType": "Full-time",
          "id": "a1eV0000000lj3rIAA",
          "name": "zTest Resource A0008",
          "regionId": "a1UV0000000pEENMA2"
        },
        {
          "address": {
            "fullAddress": "344 Pacific Ave, San Francisco, CA 94111, USA"
          },
          "category": "Customer Service",
          "employmentType": "Full-time",
          "id": "a1eV0000000lj3sIAA",
          "name": "zTest Resource A0009",
          "regionId": "a1UV0000000pEENMA2"
        },
        {
          "address": {},
          "category": "Customer Service",
          "id": "a1eV0000000lj30IAA",
          "name": "Rohini Iyer",
          "photoUrl": "https://accentcareinc3--acskd--c.documentforce.com/profilephoto/005/T",
          "regionId": "a1UV0000000pEENMA2",
          "userId": "005V0000005vrv5IAA"
        },
        {
          "address": {
            "fullAddress": "325 Pacific Ave, San Francisco, CA 94111, USA"
          },
          "category": "Customer Service",
          "employmentType": "Full-time",
          "id": "a1eV0000000lj3ZIAQ",
          "name": "zTest Resource A0010",
          "regionId": "a1UV0000000pEENMA2"
        },
        {
          "address": {
            "fullAddress": "326 Pacific Ave, San Francisco, CA 94111, USA"
          },
          "category": "Customer Service",
          "employmentType": "Full-time",
          "id": "a1eV0000000lj3aIAA",
          "name": "zTest Resource A0011",
          "regionId": "a1UV0000000pEENMA2"
        },
        {
          "address": {
            "fullAddress": "327 Pacific Ave, San Francisco, CA 94111, USA"
          },
          "category": "Customer Service",
          "employmentType": "Full-time",
          "id": "a1eV0000000lj3bIAA",
          "name": "zTest Resource A0012",
          "regionId": "a1UV0000000pEENMA2"
        },
        {
          "address": {
            "fullAddress": "328 Pacific Ave, San Francisco, CA 94111, USA"
          },
          "category": "Customer Service",
          "employmentType": "Full-time",
          "id": "a1eV0000000lj3cIAA",
          "name": "zTest Resource A0013",
          "regionId": "a1UV0000000pEENMA2"
        },
        {
          "address": {
            "fullAddress": "329 Pacific Ave, San Francisco, CA 94111, USA"
          },
          "category": "Customer Service",
          "employmentType": "Full-time",
          "id": "a1eV0000000lj3dIAA",
          "name": "zTest Resource A0014",
          "regionId": "a1UV0000000pEENMA2"
        },
        {
          "address": {
            "fullAddress": "330 Pacific Ave, San Francisco, CA 94111, USA"
          },
          "category": "Customer Service",
          "employmentType": "Full-time",
          "id": "a1eV0000000lj3eIAA",
          "name": "zTest Resource A0015",
          "regionId": "a1UV0000000pEENMA2"
        },
        {
          "address": {
            "fullAddress": "331 Pacific Ave, San Francisco, CA 94111, USA"
          },
          "category": "Customer Service",
          "employmentType": "Full-time",
          "id": "a1eV0000000lj3fIAA",
          "name": "zTest Resource A0016",
          "regionId": "a1UV0000000pEENMA2"
        },
        {
          "address": {
            "fullAddress": "332 Pacific Ave, San Francisco, CA 94111, USA"
          },
          "category": "Customer Service",
          "employmentType": "Full-time",
          "id": "a1eV0000000lj3gIAA",
          "name": "zTest Resource A0017",
          "regionId": "a1UV0000000pEENMA2"
        },
        {
          "address": {
            "fullAddress": "333 Pacific Ave, San Francisco, CA 94111, USA"
          },
          "category": "Customer Service",
          "employmentType": "Full-time",
          "id": "a1eV0000000lj3hIAA",
          "name": "zTest Resource A0018",
          "regionId": "a1UV0000000pEENMA2"
        },
        {
          "address": {
            "fullAddress": "334 Pacific Ave, San Francisco, CA 94111, USA"
          },
          "category": "Customer Service",
          "employmentType": "Full-time",
          "id": "a1eV0000000lj3iIAA",
          "name": "zTest Resource A0019",
          "regionId": "a1UV0000000pEENMA2"
        },
        {
          "address": {
            "fullAddress": "335 Pacific Ave, San Francisco, CA 94111, USA"
          },
          "category": "Customer Service",
          "employmentType": "Full-time",
          "id": "a1eV0000000lj3jIAA",
          "name": "zTest Resource A0020",
          "regionId": "a1UV0000000pEENMA2"
        },
        {
          "address": {
            "fullAddress": "325 Pacific Ave, San Francisco, CA 94111, USA",
            "geometry": {
              "lat": 37.797424,
              "lng": -122.403564
            }
          },
          "category": "Customer Service",
          "employmentType": "Full-time",
          "id": "a1eV0000000lj14IAA",
          "name": "Quan Vuong",
          "photoUrl": "https://accentcareinc3--acskd--c.documentforce.com/profilephoto/005/T",
          "regionId": "a1UV0000000pEENMA2",
          "resourceRegions": [
            {
              "id": "a1YV0000001Ob26MAC",
              "name": "Quan Vuong Los Angeles",
              "regionId": "a1UV0000000pEevMAE",
              "resourceId": "a1eV0000000lj14IAA"
            }
          ],
          "userId": "005V0000005ugb7IAA"
        },
        {
          "address": {
            "fullAddress": "16109 St. Croix Circle Huntington Beach,CA 92649, USA",
            "geometry": {
              "lat": 33.728264,
              "lng": -118.062752
            }
          },
          "category": "Customer Service",
          "employmentType": "Full-time",
          "id": "a1eV0000000lj15IAA",
          "name": "Thuy Sked",
          "photoUrl": "https://accentcareinc3--acskd--c.documentforce.com/profilephoto/729V00000004X3g/T",
          "regionId": "a1UV0000000pEENMA2",
          "userId": "005V0000005vlpuIAA"
        },
        {
          "address": {
            "fullAddress": "1410 E. Grove Avenue #18 Orange,CA 92865-3940, USA",
            "geometry": {
              "lat": 33.8226397,
              "lng": -117.8389581
            }
          },
          "category": "Customer Service",
          "employmentType": "Full-time",
          "id": "a1eV0000000lj16IAA",
          "name": "Ton Sked",
          "photoUrl": "https://accentcareinc3--acskd--c.documentforce.com/profilephoto/005/T",
          "regionId": "a1UV0000000pEENMA2",
          "userId": "005V0000005v577IAA"
        },
        {
          "address": {
            "fullAddress": "4441 Montcurve Blvd Fair Oaks,CA 95628, USA",
            "geometry": {
              "lat": 38.6458814,
              "lng": -121.2855473
            }
          },
          "category": "Customer Service",
          "employmentType": "Full-time",
          "id": "a1eV0000000lj17IAA",
          "name": "Loc Sked",
          "regionId": "a1UV0000000pEENMA2"
        },
        {
          "address": {
            "fullAddress": "1672 Tiffany Place Santa Ana,CA 92705, USA",
            "geometry": {
              "lat": 33.7432374,
              "lng": -117.8014902
            }
          },
          "category": "Customer Service",
          "employmentType": "Full-time",
          "id": "a1eV0000000lj18IAA",
          "name": "ASKD Resource",
          "photoUrl": "https://accentcareinc3--acskd--c.documentforce.com/profilephoto/729V00000004X3b/T",
          "regionId": "a1UV0000000pEENMA2",
          "resourceRegions": [
            {
              "id": "a1YV0000001Ob45MAC",
              "name": "LA AR",
              "regionId": "a1UV0000000pEevMAE",
              "resourceId": "a1eV0000000lj18IAA"
            },
            {
              "id": "a1YV0000001Ob9BMAS",
              "name": "DY AR",
              "regionId": "a1UV0000000pEinMAE",
              "resourceId": "a1eV0000000lj18IAA"
            },
            {
              "id": "a1YV0000001Ob40MAC",
              "name": "SF B1",
              "regionId": "a1UV0000000pEiiMAE",
              "resourceId": "a1eV0000000lj18IAA"
            }
          ],
          "userId": "005V0000005vlq4IAA"
        },
        {
          "address": {
            "fullAddress": "325 Pacific Ave, San Francisco, CA 94111, USA",
            "geometry": {
              "lat": 37.7974169,
              "lng": -122.403569
            }
          },
          "category": "Customer Service",
          "employmentType": "Full-time",
          "id": "a1eV0000000lj4NIAQ",
          "name": "Amanda Resource",
          "photoUrl": "https://accentcareinc3--acskd--c.documentforce.com/profilephoto/005/T",
          "regionId": "a1UV0000000pEENMA2",
          "userId": "005V0000005vrWZIAY"
        },
        {
          "address": {
            "fullAddress": "325 Pacific Ave, San Francisco, CA 94111, USA",
            "geometry": {
              "lat": 37.797417,
              "lng": -122.403569
            }
          },
          "category": "Customer Service",
          "employmentType": "Full-time",
          "id": "a1eV0000000lj4SIAQ",
          "name": "Hoang Nguyen",
          "photoUrl": "https://accentcareinc3--acskd--c.documentforce.com/profilephoto/005/T",
          "regionId": "a1UV0000000pEENMA2",
          "userId": "005V0000005vmxpIAA"
        }
      ],
      "errorMessage": "",
      "message": "",
      "success": true,
      "viewData": {}
    }